Job ID,Job URL,Job Title,Status,Timestamp,Location,Page
19bcf6cf1918c68a,https://cr.computrabajo.com/ofertas-de-trabajo/oferta-de-trabajo-de-auxiliar-de-mantenimiento-san-jose-caribe-en-san-jose-EACBD31D0E65DE3561373E686DCF3405,Auxiliar de mantenimiento - San Jose / Caribe,posted|wp_id=12041|https://costarica.mimusjobs.com/job/auxiliar-de-mantenimiento-san-jose-caribe/,2026-09-27T17:05:19.715814,https://cr.computrabajo.com/empleos-en-san-jose,1
1ce8ea06123671d7,https://cr.computrabajo.com/ofertas-de-trabajo/oferta-de-trabajo-de-operador-de-ecommerce-walmart-desamparados-en-desamparados-795AD71F54A2F53D61373E686DCF3405,Operador de Ecommerce Walmart Desamparados,posted|wp_id=12045|https://costarica.mimusjobs.com/job/operador-de-ecommerce-walmart-desamparados/,2026-09-27T17:05:22.442354,https://cr.computrabajo.com/empleos-en-san-jose,1
9965eb56819486fe,https://cr.computrabajo.com/ofertas-de-trabajo/oferta-de-trabajo-de-microbiologoa-perez-zeledon-en-perez-zeledon-9306ECEECF4FF8B861373E686DCF3405,Microbiólogo(a) - Perez zeledón,posted|wp_id=18400|https://costarica.mimusjobs.com/job/microbiologoa-perez-zeledon-6/,2026-09-27T17:05:28.133545,https://cr.computrabajo.com/empleos-en-san-jose,1
f689befde7f24e3a,https://cr.computrabajo.com/ofertas-de-trabajo/oferta-de-trabajo-de-asistente-de-cuentas-por-cobrar-con-experiencia-en-goicoechea-7D20DFFE3D1CEAE661373E686DCF3405,Asistente de Cuentas por Cobrar - con experiencia,posted|wp_id=11963|https://costarica.mimusjobs.com/job/asistente-de-cuentas-por-cobrar-con-experiencia/,2026-09-27T17:05:31.891900,https://cr.computrabajo.com/empleos-en-san-jose,1
2b5856bc815513bb,https://cr.computrabajo.com/ofertas-de-trabajo/oferta-de-trabajo-de-tecnico-de-mantenimiento-digital-trabajos-en-alturas-en-san-jose-49078F357AA44ED561373E686DCF3405,Técnico de Mantenimiento Digital Trabajos en alturas,posted|wp_id=18402|https://costarica.mimusjobs.com/job/tecnico-de-mantenimiento-digital-trabajos-en-alturas-6/,2026-09-27T17:05:40.242276,https://cr.computrabajo.com/empleos-en-san-jose,1
2d6601803f2675b2,https://cr.computrabajo.com/ofertas-de-trabajo/oferta-de-trabajo-de-operador-tienda-a-medio-tiempo-pali-lourdes-en-san-jose-5BA1AA7AF5ABD9B561373E686DCF3405,Operador Tienda A Medio Tiempo - Pali Lourdes,posted|wp_id=12047|https://costarica.mimusjobs.com/job/operador-tienda-a-medio-tiempo-pali-lourdes/,2026-09-27T17:05:43.057745,https://cr.computrabajo.com/empleos-en-san-jose,1
f6a6a3a84d79bbf0,https://cr.computrabajo.com/ofertas-de-trabajo/oferta-de-trabajo-de-ejecutivo-comercial-para-equipamiento-medico-en-san-jose-B1E1EEF952FD6BE061373E686DCF3405,Ejecutivo Comercial para Equipamiento Médico,posted|wp_id=18404|https://costarica.mimusjobs.com/job/ejecutivo-comercial-para-equipamiento-medico-6/,2026-09-27T17:05:49.123591,https://cr.computrabajo.com/empleos-en-san-jose,1
cc36d8ab76083fee,https://cr.computrabajo.com/ofertas-de-trabajo/oferta-de-trabajo-de-enfermero-a-12-tiempo-pinares-en-curridabat-6F48639F1FC6B8A561373E686DCF3405,Enfermero (a) 1/2 tiempo - Pinares,posted|wp_id=12055|https://costarica.mimusjobs.com/job/enfermero-a-1-2-tiempo-pinares/,2026-09-27T17:05:51.968980,https://cr.computrabajo.com/empleos-en-san-jose,1
115ab86305053623,https://cr.computrabajo.com/ofertas-de-trabajo/oferta-de-trabajo-de-encargada-de-tiendas-tiendas-de-calzado-tibas-y-nivel-nacional-en-tibas-3F966C998594FA4361373E686DCF3405,Encargada de Tiendas (Tiendas de Calzado) - Tibas y Nivel Nacional,posted|wp_id=12053|https://costarica.mimusjobs.com/job/encargada-de-tiendas-tiendas-de-calzado-tibas-y-nivel-nacional/,2026-09-27T17:05:54.502079,https://cr.computrabajo.com/empleos-en-san-jose,1
6f1962482eba13f7,https://cr.computrabajo.com/ofertas-de-trabajo/oferta-de-trabajo-de-anfitrion-a-bilingue-curridabat-en-curridabat-09606C23923E68FD61373E686DCF3405,Anfitrión (a) bilingüe Curridabat,posted|wp_id=18405|https://costarica.mimusjobs.com/job/anfitrion-a-bilingue-curridabat-6/,2026-09-27T17:05:58.706809,https://cr.computrabajo.com/empleos-en-san-jose,1
d18d6889e23f420d,https://cr.computrabajo.com/ofertas-de-trabajo/oferta-de-trabajo-de-asistente-administrativa-contable-san-francisco-de-2-rios-temporal-4-meses-en-san-jose-0AE1250AD74DF63D61373E686DCF3405,Asistente Administrativa Contable / San Francisco de 2 ríos - Temporal 4 meses,posted|wp_id=18406|https://costarica.mimusjobs.com/job/asistente-administrativa-contable-san-francisco-de-2-rios-temporal-4-meses-6/,2026-09-27T17:06:06.079084,https://cr.computrabajo.com/empleos-en-san-jose,1
824e14e8dc89eab5,https://cr.computrabajo.com/ofertas-de-trabajo/oferta-de-trabajo-de-conductorbodeguero-tiendas-de-calzado-tibas-en-tibas-44093EC1C2063EF561373E686DCF3405,Conductor/Bodeguero (Tiendas de Calzado) - Tibás,posted|wp_id=18408|https://costarica.mimusjobs.com/job/conductor-bodeguero-tiendas-de-calzado-tibas-6/,2026-09-27T17:06:14.256935,https://cr.computrabajo.com/empleos-en-san-jose,1
ed67483214608f22,https://cr.computrabajo.com/ofertas-de-trabajo/oferta-de-trabajo-de-gerente-de-restaurante-comida-rapida-en-tibas-41882350CD203F2061373E686DCF3405,Gerente de Restaurante comida rapida,posted|wp_id=12061|https://costarica.mimusjobs.com/job/gerente-de-restaurante-comida-rapida/,2026-09-27T17:06:17.824563,https://cr.computrabajo.com/empleos-en-san-jose,1
ae76fd260e36c6d1,https://cr.computrabajo.com/ofertas-de-trabajo/oferta-de-trabajo-de-operador-de-centro-de-datos-horarios-rotativos-en-san-jose-AB726775EE2C197161373E686DCF3405,Operador de Centro de Datos - Horarios rotativos,posted|wp_id=12065|https://costarica.mimusjobs.com/job/operador-de-centro-de-datos-horarios-rotativos/,2026-09-27T17:06:23.215401,https://cr.computrabajo.com/empleos-en-san-jose,1
6a96728bde3d12f4,https://cr.computrabajo.com/ofertas-de-trabajo/oferta-de-trabajo-de-vendedor-tecnico-de-redes-y-seguridad-electronica-en-san-jose-ECCF301865DFF88C61373E686DCF3405,Vendedor Técnico de Redes y Seguridad Electrónica,posted|wp_id=18412|https://costarica.mimusjobs.com/job/vendedor-tecnico-de-redes-y-seguridad-electronica-6/,2026-09-27T17:06:28.572123,https://cr.computrabajo.com/empleos-en-san-jose,1
2accf01c9c4e99ff,https://cr.computrabajo.com/ofertas-de-trabajo/oferta-de-trabajo-de-ingeniero-electromecanico-diseno-de-proyectos-de-construccion-en-san-jose-2672C60DCCAB724461373E686DCF3405,Ingeniero Electromécanico - Diseño de Proyectos de Construcción,posted|wp_id=18413|https://costarica.mimusjobs.com/job/ingeniero-electromecanico-diseno-de-proyectos-de-construccion-6/,2026-09-27T17:06:32.223658,https://cr.computrabajo.com/empleos-en-san-jose,1
0e9c9bc37a89f9b0,https://cr.computrabajo.com/ofertas-de-trabajo/oferta-de-trabajo-de-enfermero-a-con-experiencia-san-jose-en-san-jose-E5BA44420BEA5BE261373E686DCF3405,Enfermero (a) - con experiencia San José,posted|wp_id=18415|https://costarica.mimusjobs.com/job/enfermero-a-con-experiencia-san-jose-6/,2026-09-27T17:06:37.411534,https://cr.computrabajo.com/empleos-en-san-jose,1
ab911da543f41e5f,https://cr.computrabajo.com/ofertas-de-trabajo/oferta-de-trabajo-de-asistente-de-gerencia-para-restaurantes-con-experiencia-en-escazu-B66EF5F5BB1E367561373E686DCF3405,Asistente de gerencia para restaurantes - Con experiencia,posted|wp_id=11359|https://costarica.mimusjobs.com/job/asistente-de-gerencia-para-restaurantes-con-experiencia/,2026-09-27T17:06:43.026138,https://cr.computrabajo.com/empleos-en-san-jose,1
678a4afb657fa1c6,https://cr.computrabajo.com/ofertas-de-trabajo/oferta-de-trabajo-de-colaborador-regular-para-kfc-multiplaza-escazu-en-escazu-58D70C26BFEDD14861373E686DCF3405,Colaborador Regular para KFC Multiplaza Escazú,posted|wp_id=18418|https://costarica.mimusjobs.com/job/colaborador-regular-para-kfc-multiplaza-escazu-7/,2026-09-27T17:06:47.933486,https://cr.computrabajo.com/empleos-en-san-jose,1
ee80d4d651067d81,https://cr.computrabajo.com/ofertas-de-trabajo/oferta-de-trabajo-de-tecnico-en-generadores-plantas-electricas-en-san-jose-22A7BF1EBF76CB3561373E686DCF3405,Técnico en Generadores - Plantas Eléctricas,posted|wp_id=18422|https://costarica.mimusjobs.com/job/tecnico-en-generadores-plantas-electricas-6/,2026-09-27T17:06:54.840543,https://cr.computrabajo.com/empleos-en-san-jose,1
f3e7c5ea57a0079e,https://cr.computrabajo.com/ofertas-de-trabajo/oferta-de-trabajo-de-asistente-de-auditoria-y-control-interno-asistente-de-auditoria-y-control-interno-en-goicoechea-68DAE0DA02EFFCE661373E686DCF3405,Asistente de Auditoría y Control Interno - Asistente de Auditoría y Control Interno,posted|wp_id=18424|https://costarica.mimusjobs.com/job/asistente-de-auditoria-y-control-interno-asistente-de-auditoria-y-control-interno-6/,2026-09-27T17:07:01.215819,https://cr.computrabajo.com/empleos-en-san-jose,2
e1fb68cc9841ec6d,https://cr.computrabajo.com/ofertas-de-trabajo/oferta-de-trabajo-de-cocinero-a-lincoln-plaza-en-moravia-B696D35324A8594461373E686DCF3405,Cocinero (a) Lincoln Plaza,posted|wp_id=12085|https://costarica.mimusjobs.com/job/cocinero-a-lincoln-plaza/,2026-09-27T17:07:04.107004,https://cr.computrabajo.com/empleos-en-san-jose,2
f337f8e3f11e7ff4,https://cr.computrabajo.com/ofertas-de-trabajo/oferta-de-trabajo-de-supervisor-de-ventas-puerta-a-puerta-san-jose-en-san-jose-A263201BBADB4B1A61373E686DCF3405,Supervisor de ventas puerta a puerta - San Jose,posted|wp_id=12074|https://costarica.mimusjobs.com/job/supervisor-de-ventas-puerta-a-puerta-san-jose/,2026-09-27T17:07:07.214866,https://cr.computrabajo.com/empleos-en-san-jose,2
f32bdfeb64e9c1fa,https://cr.computrabajo.com/ofertas-de-trabajo/oferta-de-trabajo-de-disenador-de-productos-3d-por-contrato-en-san-jose-9AC3BB31B5B91E1E61373E686DCF3405,Diseñador de Productos 3D - por Contrato,posted|wp_id=18426|https://costarica.mimusjobs.com/job/disenador-de-productos-3d-por-contrato-6/,2026-09-27T17:07:11.712249,https://cr.computrabajo.com/empleos-en-san-jose,2
b8fbb5841c6f2fc0,https://cr.computrabajo.com/ofertas-de-trabajo/oferta-de-trabajo-de-conserje-horarios-rotativos-en-san-jose-AB9E3F8A96699F9061373E686DCF3405,Conserje - (Horarios Rotativos),posted|wp_id=12087|https://costarica.mimusjobs.com/job/conserje-horarios-rotativos/,2026-09-27T17:07:14.741359,https://cr.computrabajo.com/empleos-en-san-jose,2
50af634a1aceccae,https://cr.computrabajo.com/ofertas-de-trabajo/oferta-de-trabajo-de-jefe-de-bodega-jefe-de-bodega-en-montes-de-oca-82410AC5038D388961373E686DCF3405,Jefe de Bodega - Jefe de Bodega,posted|wp_id=12069|https://costarica.mimusjobs.com/job/jefe-de-bodega-jefe-de-bodega/,2026-09-27T17:07:17.600385,https://cr.computrabajo.com/empleos-en-san-jose,2
d14a1eb852166e82,https://cr.computrabajo.com/ofertas-de-trabajo/oferta-de-trabajo-de-cocinero-produccion-produccion-en-escazu-E0C4444F7FD608CC61373E686DCF3405,Cocinero Producción - Producción,posted|wp_id=18428|https://costarica.mimusjobs.com/job/cocinero-produccion-produccion-6/,2026-09-27T17:07:22.398894,https://cr.computrabajo.com/empleos-en-san-jose,2
9f89e6a2f9bf3050,https://cr.computrabajo.com/ofertas-de-trabajo/oferta-de-trabajo-de-asesor-profesional-de-servicio-al-cliente-en-san-jose-65DD76A5D9A7D5B461373E686DCF3405,Asesor Profesional de Servicio al Cliente,posted|wp_id=12089|https://costarica.mimusjobs.com/job/asesor-profesional-de-servicio-al-cliente/,2026-09-27T17:07:25.037920,https://cr.computrabajo.com/empleos-en-san-jose,2
e4852a1fde9aecb3,https://cr.computrabajo.com/ofertas-de-trabajo/oferta-de-trabajo-de-jefe-de-ventas-online-en-san-jose-1ED269572762221961373E686DCF3405,Jefe de Ventas online,posted|wp_id=12095|https://costarica.mimusjobs.com/job/jefe-de-ventas-online/,2026-09-27T17:07:28.483312,https://cr.computrabajo.com/empleos-en-san-jose,2
ec5a9f4190abf636,https://cr.computrabajo.com/ofertas-de-trabajo/oferta-de-trabajo-de-custodio-perez-zeledon-en-perez-zeledon-E333D9F02B8DCDE661373E686DCF3405,Custodio - Pérez Zeledón,posted|wp_id=18429|https://costarica.mimusjobs.com/job/custodio-perez-zeledon-6/,2026-09-27T17:07:32.801089,https://cr.computrabajo.com/empleos-en-san-jose,2
469f36e61de7c1c2,https://cr.computrabajo.com/ofertas-de-trabajo/oferta-de-trabajo-de-ejecutivo-de-ventas-vehiculos-nuevos-en-san-jose-C32A1BCB9B86BD6761373E686DCF3405,Ejecutivo de ventas - Vehículos Nuevos,posted|wp_id=18433|https://costarica.mimusjobs.com/job/ejecutivo-de-ventas-vehiculos-nuevos-6/,2026-09-27T17:07:40.774283,https://cr.computrabajo.com/empleos-en-san-jose,2
81d4d9ed58c1dd8d,https://cr.computrabajo.com/ofertas-de-trabajo/oferta-de-trabajo-de-auxiliar-proteccion-activos-masxmenos-sabana-en-san-jose-60F23F6040619AA161373E686DCF3405,Auxiliar protección activos - Masxmenos Sabana,posted|wp_id=18435|https://costarica.mimusjobs.com/job/auxiliar-proteccion-activos-masxmenos-sabana-6/,2026-09-27T17:07:45.177191,https://cr.computrabajo.com/empleos-en-san-jose,2
0130f2455cb24f86,https://cr.computrabajo.com/ofertas-de-trabajo/oferta-de-trabajo-de-gerente-de-apoyo-en-ventas-san-jose-en-santa-ana-232E9049FB52BAC861373E686DCF3405,Gerente de Apoyo en Ventas - San José,posted|wp_id=18436|https://costarica.mimusjobs.com/job/gerente-de-apoyo-en-ventas-san-jose-6/,2026-09-27T17:07:49.312144,https://cr.computrabajo.com/empleos-en-san-jose,2
e3e09c9cacf69759,https://cr.computrabajo.com/ofertas-de-trabajo/oferta-de-trabajo-de-asesor-de-ventas-plataforma-bancaria-en-escazu-para-nuestro-cliente-coopealianza-en-escazu-51F9D6CBA272F1B461373E686DCF3405,Asesor de ventas plataforma bancaria en Escazú - Para nuestro cliente Coopealianza,posted|wp_id=18438|https://costarica.mimusjobs.com/job/asesor-de-ventas-plataforma-bancaria-en-escazu-para-nuestro-cliente-coopealianza-6/,2026-09-27T17:07:55.577852,https://cr.computrabajo.com/empleos-en-san-jose,2
07e173da99ea8e10,https://cr.computrabajo.com/ofertas-de-trabajo/oferta-de-trabajo-de-cajero-a-guadalupe-temporal-en-goicoechea-C0274958B53C6F5261373E686DCF3405,Cajero (a) - Guadalupe (Temporal),posted|wp_id=12151|https://costarica.mimusjobs.com/job/cajero-a-guadalupe-temporal/,2026-09-27T17:07:57.975423,https://cr.computrabajo.com/empleos-en-san-jose,2
45e7b3fa1f21aed0,https://cr.computrabajo.com/ofertas-de-trabajo/oferta-de-trabajo-de-subgerente-de-alimentos-y-bebidas-en-desamparados-C10412897B195CAE61373E686DCF3405,Subgerente de Alimentos y Bebidas,posted|wp_id=12094|https://costarica.mimusjobs.com/job/subgerente-de-alimentos-y-bebidas/,2026-09-27T17:08:02.607196,https://cr.computrabajo.com/empleos-en-san-jose,2
9d848fcdd0228387,https://cr.computrabajo.com/ofertas-de-trabajo/oferta-de-trabajo-de-especialista-en-ensenanza-del-ingles-edtech-education-technology-tecnologia-educativa-en-vasquez-de-coronado-27EDFB403BE737B361373E686DCF3405,Especialista en Enseñanza del Inglés – EdTech - Education Technology (Tecnología Educativa),posted|wp_id=18439|https://costarica.mimusjobs.com/job/especialista-en-ensenanza-del-ingles-edtech-education-technology-tecnologia-educativa-6/,2026-09-27T17:08:06.786124,https://cr.computrabajo.com/empleos-en-san-jose,2
be45d829f71b2db1,https://cr.computrabajo.com/ofertas-de-trabajo/oferta-de-trabajo-de-especialista-en-ventas-b2b-con-experiencia-comprobada-en-ventas-en-san-jose-B210839A971FC3EC61373E686DCF3405,Especialista en ventas B2B - con experiencia comprobada en ventas,posted|wp_id=12207|https://costarica.mimusjobs.com/job/especialista-en-ventas-b2b-con-experiencia-comprobada-en-ventas/,2026-09-27T17:08:12.178229,https://cr.computrabajo.com/empleos-en-san-jose,2
b14c43e050e2412e,https://cr.computrabajo.com/ofertas-de-trabajo/oferta-de-trabajo-de-esteticista-disposicion-y-disciplina-en-montes-de-oca-F3C94A784FAAA20F61373E686DCF3405,Esteticista - Disposición y Disciplina,posted|wp_id=18440|https://costarica.mimusjobs.com/job/esteticista-disposicion-y-disciplina-6/,2026-09-27T17:08:16.758934,https://cr.computrabajo.com/empleos-en-san-jose,2
0e487d9c140a79b6,https://cr.computrabajo.com/ofertas-de-trabajo/oferta-de-trabajo-de-administrador-comercial-business-intelligence-analitica-comercial-en-san-jose-46332D4C7E1495A161373E686DCF3405,Administrador Comercial Business Intelligence - Analítica Comercial,posted|wp_id=18441|https://costarica.mimusjobs.com/job/administrador-comercial-business-intelligence-analitica-comercial-6/,2026-09-27T17:08:21.958051,https://cr.computrabajo.com/empleos-en-san-jose,2
50a802d038eb6870,https://cr.computrabajo.com/ofertas-de-trabajo/oferta-de-trabajo-de-asesor-de-ventas-telemarketing-con-experiencia-en-televentas-en-san-jose-5922DE745DC2A8F661373E686DCF3405,Asesor de Ventas Telemarketing - con experiencia en televentas,posted|wp_id=12105|https://costarica.mimusjobs.com/job/asesor-de-ventas-telemarketing-con-experiencia-en-televentas/,2026-09-27T17:08:25.475623,https://cr.computrabajo.com/empleos-en-san-jose,3
e0c41dced39ed5e4,https://cr.computrabajo.com/ofertas-de-trabajo/oferta-de-trabajo-de-ejecutivoa-de-telemercadeo-comercial-con-experiencia-en-san-jose-5ECC3A9DFF81518F61373E686DCF3405,Ejecutivo(a) de Telemercadeo Comercial - Con experiencia.,posted|wp_id=18442|https://costarica.mimusjobs.com/job/ejecutivoa-de-telemercadeo-comercial-con-experiencia-6/,2026-09-27T17:08:29.902439,https://cr.computrabajo.com/empleos-en-san-jose,3
80884773064ca1eb,https://cr.computrabajo.com/ofertas-de-trabajo/oferta-de-trabajo-de-soporte-tecnico-n1-en-san-jose-8216F92DB1EBC82261373E686DCF3405,Soporte Técnico N1,posted|wp_id=18443|https://costarica.mimusjobs.com/job/soporte-tecnico-n1-6/,2026-09-27T17:08:34.178546,https://cr.computrabajo.com/empleos-en-san-jose,3
e09f00b9acaf3839,https://cr.computrabajo.com/ofertas-de-trabajo/oferta-de-trabajo-de-oficial-de-vigilancia-con-experiencia-en-san-jose-90FA214244A3E60561373E686DCF3405,Oficial de vigilancia - Con experiencia,posted|wp_id=12111|https://costarica.mimusjobs.com/job/oficial-de-vigilancia-con-experiencia/,2026-09-27T17:08:39.934773,https://cr.computrabajo.com/empleos-en-san-jose,3
56bfae0dd3d2c45e,https://cr.computrabajo.com/ofertas-de-trabajo/oferta-de-trabajo-de-tecnico-de-mantenimiento-de-ups-en-san-jose-C85EBD7B55E8770361373E686DCF3405,Técnico de mantenimiento de UPS,posted|wp_id=18449|https://costarica.mimusjobs.com/job/tecnico-de-mantenimiento-de-ups-6/,2026-09-27T17:08:47.645192,https://cr.computrabajo.com/empleos-en-san-jose,3
6c6e875c1958eeca,https://cr.computrabajo.com/ofertas-de-trabajo/oferta-de-trabajo-de-colaborador-regular--kfc-sabanilla-montes-de-oca-en-montes-de-oca-752633870CE7165461373E686DCF3405,Colaborador Regular KFC Sabanilla (Montes de Oca),posted|wp_id=9522|https://costarica.mimusjobs.com/job/colaborador-regular-kfc-sabanilla-montes-de-oca/,2026-09-27T17:08:50.613291,https://cr.computrabajo.com/empleos-en-san-jose,3
af513ea96edf90a3,https://cr.computrabajo.com/ofertas-de-trabajo/oferta-de-trabajo-de-auxiliar-de-restaurante-temporada-navidena-en-santa-ana-C9B3BD52F65BB9FE61373E686DCF3405,Auxiliar de restaurante (Temporada Navideña),posted|wp_id=18451|https://costarica.mimusjobs.com/job/auxiliar-de-restaurante-temporada-navidena-6/,2026-09-27T17:08:55.837504,https://cr.computrabajo.com/empleos-en-san-jose,3
81c6776859385509,https://cr.computrabajo.com/ofertas-de-trabajo/oferta-de-trabajo-de-coordinador-a-administrativo-contable-en-goicoechea-2A686B79E3F3ECD561373E686DCF3405,Coordinador (a) Administrativo Contable,posted|wp_id=12134|https://costarica.mimusjobs.com/job/coordinador-a-administrativo-contable/,2026-09-27T17:08:58.992657,https://cr.computrabajo.com/empleos-en-san-jose,3
7863522f311f603e,https://cr.computrabajo.com/ofertas-de-trabajo/oferta-de-trabajo-de-electricista-automotriz-en-san-jose-3EFC48C64C0DB79E61373E686DCF3405,Electricista Automotriz - con Experiencia Instalaciones,posted|wp_id=12117|https://costarica.mimusjobs.com/job/electricista-automotriz-con-experiencia-instalaciones/,2026-09-27T17:09:02.396428,https://cr.computrabajo.com/empleos-en-san-jose,3
09fd508b1665ff4b,https://cr.computrabajo.com/ofertas-de-trabajo/oferta-de-trabajo-de-practicante-de-cuentas-por-cobrar-practicante-de-cuentas-por-cobrar-en-goicoechea-CA0E70529BD6E7F261373E686DCF3405,Practicante de cuentas por cobrar - Practicante de cuentas por cobrar,posted|wp_id=12128|https://costarica.mimusjobs.com/job/practicante-de-cuentas-por-cobrar-practicante-de-cuentas-por-cobrar/,2026-09-27T17:09:06.976653,https://cr.computrabajo.com/empleos-en-san-jose,3
822f931ee4a0a93e,https://cr.computrabajo.com/ofertas-de-trabajo/oferta-de-trabajo-de-pedimentador-impor-expor-experiencia-indispensable-en-aduanas-en-san-jose-A14EAB86B6DC72F861373E686DCF3405,Pedimentador Impor Expor - Experiencia Indispensable en Aduanas,posted|wp_id=12121|https://costarica.mimusjobs.com/job/pedimentador-impor-expor-experiencia-indispensable-en-aduanas/,2026-09-27T17:09:10.160730,https://cr.computrabajo.com/empleos-en-san-jose,3
ba7ab96a6ba108a0,https://cr.computrabajo.com/ofertas-de-trabajo/oferta-de-trabajo-de-capacitador-en-producto-y-ventas-tecnicas-y-cierres-de-ventas-en-san-jose-BDB7893136838FD861373E686DCF3405,Capacitador en producto y ventas - (Técnicas y cierres de ventas),posted|wp_id=18454|https://costarica.mimusjobs.com/job/capacitador-en-producto-y-ventas-tecnicas-y-cierres-de-ventas-6/,2026-09-27T17:09:14.573415,https://cr.computrabajo.com/empleos-en-san-jose,3
cf2f84445628eee4,https://cr.computrabajo.com/ofertas-de-trabajo/oferta-de-trabajo-de-oficial-de-seguridad-fisica-en-san-jose-5C53A120D4A98DF861373E686DCF3405,Oficial de seguridad fisica,posted|wp_id=12132|https://costarica.mimusjobs.com/job/oficial-de-seguridad-fisica/,2026-09-27T17:09:16.914549,https://cr.computrabajo.com/empleos-en-san-jose,3
98050e7e0a383daf,https://cr.computrabajo.com/ofertas-de-trabajo/oferta-de-trabajo-de-vendedor-retail-cobano-parrita-jaco-orotina-paso-canoas-corredores-heredia-en-san-jose-EA317F1FB8FDB72361373E686DCF3405,"Vendedor Retail Cobano, Parrita, Jacó, Orotina - Paso Canoas, Corredores, Heredia",posted|wp_id=18455|https://costarica.mimusjobs.com/job/vendedor-retail-cobano-parrita-jaco-orotina-paso-canoas-corredores-heredia-6/,2026-09-27T17:09:19.944674,https://cr.computrabajo.com/empleos-en-san-jose,3
73d3ae7590abaa17,https://cr.computrabajo.com/ofertas-de-trabajo/oferta-de-trabajo-de-medico-empresarial-en-montes-de-oca-B5CCB8FF5FF9E14461373E686DCF3405,Médico Empresarial,posted|wp_id=18456|https://costarica.mimusjobs.com/job/medico-empresarial-5/,2026-09-27T17:09:24.230338,https://cr.computrabajo.com/empleos-en-san-jose,3
9c8ef7cd98b62079,https://cr.computrabajo.com/ofertas-de-trabajo/oferta-de-trabajo-de-supervisor-de-ventas-en-san-jose-FF8E89068A3BCC8861373E686DCF3405,Supervisor de Ventas,posted|wp_id=7288|https://costarica.mimusjobs.com/job/supervisor-de-ventas/,2026-09-27T17:09:26.742197,https://cr.computrabajo.com/empleos-en-san-jose,3
1d8884e67c3f375e,https://cr.computrabajo.com/ofertas-de-trabajo/oferta-de-trabajo-de-mercaderista-en-san-jose-AE501D873CEB6A4861373E686DCF3405,Mercaderista,posted|wp_id=11608|https://costarica.mimusjobs.com/job/mercaderista/,2026-09-27T17:09:29.701191,https://cr.computrabajo.com/empleos-en-san-jose,3
31870c9bb190817b,https://cr.computrabajo.com/ofertas-de-trabajo/oferta-de-trabajo-de-ejecutivo-de-cuentas-clave-en-montes-de-oca-B19D8EB0D3E0AD6D61373E686DCF3405,Ejecutivo de Cuentas Clave,posted|wp_id=2863|https://costarica.mimusjobs.com/job/ejecutivo-de-cuentas-clave/,2026-09-27T17:09:32.208934,https://cr.computrabajo.com/empleos-en-san-jose,3
120f3fdf2fe2098b,https://cr.computrabajo.com/ofertas-de-trabajo/oferta-de-trabajo-de-pizzero-pizzero-en-escazu-E37DDFA84976AEA861373E686DCF3405,Pizzero - Pizzero,posted|wp_id=12137|https://costarica.mimusjobs.com/job/pizzero-pizzero/,2026-09-27T17:09:34.558040,https://cr.computrabajo.com/empleos-en-san-jose,3
9a73923d8672f416,https://cr.computrabajo.com/ofertas-de-trabajo/oferta-de-trabajo-de-auxiliar-contable-tecnico-en-contabilidad-en-goicoechea-B07F0797C34A8BB261373E686DCF3405,Auxiliar contable - Técnico en Contabilidad,posted|wp_id=18458|https://costarica.mimusjobs.com/job/auxiliar-contable-tecnico-en-contabilidad-6/,2026-09-27T17:09:38.765002,https://cr.computrabajo.com/empleos-en-san-jose,3
da0385645e17a483,https://cr.computrabajo.com/ofertas-de-trabajo/oferta-de-trabajo-de-asistente-de-pacientes-tutores-en-montes-de-oca-2B232F106D219DCE61373E686DCF3405,Asistente de pacientes - Tutores,posted|wp_id=12139|https://costarica.mimusjobs.com/job/asistente-de-pacientes-tutores/,2026-09-27T17:09:41.747799,https://cr.computrabajo.com/empleos-en-san-jose,4
9133ebb3204a800c,https://cr.computrabajo.com/ofertas-de-trabajo/oferta-de-trabajo-de-encargado-a-de-salud-y-seguridad-laboral-en-san-jose-C7149EF54C84AAB361373E686DCF3405,Encargado (a) de Salud y Seguridad Laboral,posted|wp_id=12130|https://costarica.mimusjobs.com/job/encargado-a-de-salud-y-seguridad-laboral/,2026-09-27T17:09:44.285764,https://cr.computrabajo.com/empleos-en-san-jose,4
a01c5b8974c17321,https://cr.computrabajo.com/ofertas-de-trabajo/oferta-de-trabajo-de-supervisor-de-servicios-generales-en-montes-de-oca-CD1CE74E4BD1FD8B61373E686DCF3405,Supervisor de Servicios Generales,posted|wp_id=6438|https://costarica.mimusjobs.com/job/supervisor-de-servicios-generales/,2026-09-27T17:09:47.683371,https://cr.computrabajo.com/empleos-en-san-jose,4
7a59048eeab36748,https://cr.computrabajo.com/ofertas-de-trabajo/oferta-de-trabajo-de-cocineroa-en-san-jose-C7B3D82E45BD88FD61373E686DCF3405,Cocinero/a,posted|wp_id=12146|https://costarica.mimusjobs.com/job/cocinero-a/,2026-09-27T17:09:50.378054,https://cr.computrabajo.com/empleos-en-san-jose,4
d27d7a6c316c6a0b,https://cr.computrabajo.com/ofertas-de-trabajo/oferta-de-trabajo-de-ejecutivo-de-atencion-y-experiencia-del-cliente-tecnologia-atencion-a-clientes-en-santa-ana-7C496A53312194D361373E686DCF3405,Ejecutivo de Atención y Experiencia del Cliente (Tecnología) - Atención a clientes,posted|wp_id=18459|https://costarica.mimusjobs.com/job/ejecutivo-de-atencion-y-experiencia-del-cliente-tecnologia-atencion-a-clientes-6/,2026-09-27T17:09:53.633710,https://cr.computrabajo.com/empleos-en-san-jose,4
854f442939bd67f8,https://cr.computrabajo.com/ofertas-de-trabajo/oferta-de-trabajo-de-asistentea-de-soporte-tecnico-en-san-jose-D8D97C84CCD5454661373E686DCF3405,Asistente/a de soporte técnico,posted|wp_id=18463|https://costarica.mimusjobs.com/job/asistente-a-de-soporte-tecnico-6/,2026-09-27T17:09:59.632359,https://cr.computrabajo.com/empleos-en-san-jose,4
384808b9c3300f4c,https://cr.computrabajo.com/ofertas-de-trabajo/oferta-de-trabajo-de-torre-de-control-sector-automotriz-en-san-jose-79A765E95DC0DFC961373E686DCF3405,Torre de Control - Sector Automotriz,posted|wp_id=12145|https://costarica.mimusjobs.com/job/torre-de-control-sector-automotriz/,2026-09-27T17:10:02.426102,https://cr.computrabajo.com/empleos-en-san-jose,4
a7bb0bba0bfd24fe,https://cr.computrabajo.com/ofertas-de-trabajo/oferta-de-trabajo-de-contador-junior-san-jose-en-san-jose-811F82B4031A9B7961373E686DCF3405,Contador Junior - San Jose,posted|wp_id=12152|https://costarica.mimusjobs.com/job/contador-junior-san-jose/,2026-09-27T17:10:05.606593,https://cr.computrabajo.com/empleos-en-san-jose,4
dece6fa3c30062ec,https://cr.computrabajo.com/ofertas-de-trabajo/oferta-de-trabajo-de-operario-de-mantenimiento-en-san-jose-10E72C7ACF789FE361373E686DCF3405,Operario de mantenimiento,posted|wp_id=12155|https://costarica.mimusjobs.com/job/operario-de-mantenimiento/,2026-09-27T17:10:08.066246,https://cr.computrabajo.com/empleos-en-san-jose,4
73e97006b4f4a841,https://cr.computrabajo.com/ofertas-de-trabajo/oferta-de-trabajo-de-tecnico-en-cumplimiento-normativo-presencial-perez-zeledon-para-coopealianza-en-perez-zeledon-6D44354B876AAD1B61373E686DCF3405,Técnico en cumplimiento normativo presencial - Pérez Zeledón para Coopealianza,posted|wp_id=18465|https://costarica.mimusjobs.com/job/tecnico-en-cumplimiento-normativo-presencial-perez-zeledon-para-coopealianza-6/,2026-09-27T17:10:13.241203,https://cr.computrabajo.com/empleos-en-san-jose,4
ab3aeb6176a27637,https://cr.computrabajo.com/ofertas-de-trabajo/oferta-de-trabajo-de-tecnico-de-mantenimiento-mecanico-electricista-o-electromecanico-en-goicoechea-49D054E31AF090D561373E686DCF3405,"Técnico de mantenimiento - Mecanico, Electricista ó Electromecánico",posted|wp_id=18466|https://costarica.mimusjobs.com/job/tecnico-de-mantenimiento-mecanico-electricista-o-electromecanico-6/,2026-09-27T17:10:17.577125,https://cr.computrabajo.com/empleos-en-san-jose,4
fa3082ea21a68217,https://cr.computrabajo.com/ofertas-de-trabajo/oferta-de-trabajo-de-subgerente-vip-lincoln-plaza-en-moravia-08FBCF02BFC6B07561373E686DCF3405,Subgerente VIP - Lincoln Plaza,posted|wp_id=12153|https://costarica.mimusjobs.com/job/subgerente-vip-lincoln-plaza/,2026-09-27T17:10:20.564268,https://cr.computrabajo.com/empleos-en-san-jose,4
9636de2960f548e3,https://cr.computrabajo.com/ofertas-de-trabajo/oferta-de-trabajo-de-soporte-tecnico-de-campo-gps-y-telemetria-en-san-jose-E445B6C8BC14BBDD61373E686DCF3405,Soporte Tecnico de Campo GPS y Telemetría),posted|wp_id=18468|https://costarica.mimusjobs.com/job/soporte-tecnico-de-campo-gps-y-telemetria-6/,2026-09-27T17:10:24.677266,https://cr.computrabajo.com/empleos-en-san-jose,4
e9e1c0496339c4ad,https://cr.computrabajo.com/ofertas-de-trabajo/oferta-de-trabajo-de-auxiliar-de-mantenimiento-walmart-en-san-jose-8B10F1B1EAAA0DDD61373E686DCF3405,Auxiliar de mantenimiento - Walmart,posted|wp_id=11114|https://costarica.mimusjobs.com/job/auxiliar-de-mantenimiento-walmart/,2026-09-27T17:10:27.111384,https://cr.computrabajo.com/empleos-en-san-jose,4
d9bc94301d80b7fd,https://cr.computrabajo.com/ofertas-de-trabajo/oferta-de-trabajo-de-auxiliar-mantenimiento-i-lunes-a-domingo-en-san-jose-CC588DF85BEE892761373E686DCF3405,Auxiliar Mantenimiento I - Lunes a Domingo,posted|wp_id=11116|https://costarica.mimusjobs.com/job/auxiliar-mantenimiento-i-lunes-a-domingo/,2026-09-27T17:10:30.312435,https://cr.computrabajo.com/empleos-en-san-jose,4
267c312c6cc3fd50,https://cr.computrabajo.com/ofertas-de-trabajo/oferta-de-trabajo-de-auxiliar-mantenimiento-planilla-variable-en-san-jose-6043056FE766805461373E686DCF3405,Auxiliar Mantenimiento - Planilla Variable,posted|wp_id=11118|https://costarica.mimusjobs.com/job/auxiliar-mantenimiento-planilla-variable/,2026-09-27T17:10:32.710610,https://cr.computrabajo.com/empleos-en-san-jose,4
01509652c7a36df2,https://cr.computrabajo.com/ofertas-de-trabajo/oferta-de-trabajo-de-pali-san-blas-moravia-operador-tienda-b-perecederos-en-moravia-6FB6E1FA75773A4161373E686DCF3405,Pali San Blas Moravia - Operador tienda B Perecederos,posted|wp_id=11120|https://costarica.mimusjobs.com/job/pali-san-blas-moravia-operador-tienda-b-perecederos/,2026-09-27T17:10:35.043375,https://cr.computrabajo.com/empleos-en-san-jose,4
b09c0f967d00745a,https://cr.computrabajo.com/ofertas-de-trabajo/oferta-de-trabajo-de-auxiliar-de-tienda-tiendas-walmart-san-jose-en-san-jose-FFD00A707189517A61373E686DCF3405,"Auxiliar de Tienda, Tiendas Walmart San José.",posted|wp_id=18470|https://costarica.mimusjobs.com/job/auxiliar-de-tienda-tiendas-walmart-san-jose-6/,2026-09-27T17:10:40.677213,https://cr.computrabajo.com/empleos-en-san-jose,4
b8bd04b054bf3413,https://cr.computrabajo.com/ofertas-de-trabajo/oferta-de-trabajo-de-jefe-de-tienda-pierre-cardin-administrador-en-montes-de-oca-1D7417B15D71C9D761373E686DCF3405,Jefe de tienda Pierre Cardin (Administrador),posted|wp_id=11126|https://costarica.mimusjobs.com/job/jefe-de-tienda-pierre-cardin-administrador/,2026-09-27T17:10:45.613237,https://cr.computrabajo.com/empleos-en-san-jose,4
40c11ab7fe1451fb,https://cr.computrabajo.com/ofertas-de-trabajo/oferta-de-trabajo-de-promotor-de-ventas-en-linea-e-commerce-pierre-cardin-en-montes-de-oca-4CA5EF2C63EFD3DA61373E686DCF3405,Promotor de ventas en línea e commerce - Pierre Cardin,posted|wp_id=18476|https://costarica.mimusjobs.com/job/promotor-de-ventas-en-linea-e-commerce-pierre-cardin-6/,2026-09-27T17:10:51.674412,https://cr.computrabajo.com/empleos-en-san-jose,4
89cb0a0d9f1e32c5,https://cr.computrabajo.com/ofertas-de-trabajo/oferta-de-trabajo-de-asistente-de-tesoreria-montes-de-oca-en-montes-de-oca-2F5EBFA2C82CE29F61373E686DCF3405,Asistente de Tesorería - Montes de Oca,posted|wp_id=18477|https://costarica.mimusjobs.com/job/asistente-de-tesoreria-montes-de-oca-6/,2026-09-27T17:10:55.158908,https://cr.computrabajo.com/empleos-en-san-jose,5
8e13ad0c05555780,https://cr.computrabajo.com/ofertas-de-trabajo/oferta-de-trabajo-de-auxiliar-de-tienda-walmart-escazu-en-escazu-07AC6AB9031C023E61373E686DCF3405,Auxiliar de Tienda Walmart Escazú,posted|wp_id=18479|https://costarica.mimusjobs.com/job/auxiliar-de-tienda-walmart-escazu-6/,2026-09-27T17:10:59.667107,https://cr.computrabajo.com/empleos-en-san-jose,5
799b5a7313da2226,https://cr.computrabajo.com/ofertas-de-trabajo/oferta-de-trabajo-de-cocinero-wok-en-escazu-40545C903D4510D061373E686DCF3405,Cocinero WOK,posted|wp_id=11138|https://costarica.mimusjobs.com/job/cocinero-wok/,2026-09-27T17:11:01.986042,https://cr.computrabajo.com/empleos-en-san-jose,5
dbb6da33352b95f9,https://cr.computrabajo.com/ofertas-de-trabajo/oferta-de-trabajo-de-auxiliar-de-tienda-perecederos-walmart-san-sebastian-en-san-jose-CC2AC5B98DE9682561373E686DCF3405,Auxiliar de Tienda Perecederos Walmart San Sebastian,posted|wp_id=11140|https://costarica.mimusjobs.com/job/auxiliar-de-tienda-perecederos-walmart-san-sebastian/,2026-09-27T17:11:04.591918,https://cr.computrabajo.com/empleos-en-san-jose,5
8fdca55fad2fee02,https://cr.computrabajo.com/ofertas-de-trabajo/oferta-de-trabajo-de-pilero-a-escazu-en-escazu-260A71241169687961373E686DCF3405,Pilero (a) Escazú,posted|wp_id=18481|https://costarica.mimusjobs.com/job/pilero-a-escazu-6/,2026-09-27T17:11:09.236111,https://cr.computrabajo.com/empleos-en-san-jose,5
65f9739ccf5a85ad,https://cr.computrabajo.com/ofertas-de-trabajo/oferta-de-trabajo-de-chofer-nocturno-licencia-b3-terrazas-lindora-en-santa-ana-2EC0D9AED20DD56961373E686DCF3405,"Chofer nocturno Licencia B3, Terrazas Lindora",posted|wp_id=11144|https://costarica.mimusjobs.com/job/chofer-nocturno-licencia-b3-terrazas-lindora/,2026-09-27T17:11:11.986599,https://cr.computrabajo.com/empleos-en-san-jose,5
74dc6c37ad219cff,https://cr.computrabajo.com/ofertas-de-trabajo/oferta-de-trabajo-de-asesores-de-ventas-gam-puerta-a-puerta-en-san-jose-7105E66BE071026C61373E686DCF3405,Asesores de Ventas GAM - Puerta a Puerta,posted|wp_id=11148|https://costarica.mimusjobs.com/job/asesores-de-ventas-gam-puerta-a-puerta/,2026-09-27T17:11:14.644598,https://cr.computrabajo.com/empleos-en-san-jose,5
c3c4f93d34f87f19,https://cr.computrabajo.com/ofertas-de-trabajo/oferta-de-trabajo-de-salonero-a-avenida-escazu-en-escazu-C43590C556BF1F3461373E686DCF3405,Salonero (a) Avenida Escazú,posted|wp_id=18483|https://costarica.mimusjobs.com/job/salonero-a-avenida-escazu-6/,2026-09-27T17:11:18.804087,https://cr.computrabajo.com/empleos-en-san-jose,5
c388734dfc244b98,https://cr.computrabajo.com/ofertas-de-trabajo/oferta-de-trabajo-de-analista-de-precios-y-competencia-mercado-retail-en-san-jose-CEF3C135DA9A979B61373E686DCF3405,Analista de Precios y Competencia - Mercado Retail,posted|wp_id=11151|https://costarica.mimusjobs.com/job/analista-de-precios-y-competencia-mercado-retail/,2026-09-27T17:11:21.068721,https://cr.computrabajo.com/empleos-en-san-jose,5
c2dc10d5318281b2,https://cr.computrabajo.com/ofertas-de-trabajo/oferta-de-trabajo-de-cajeros-vendedores-tienda-de-ropa-gam-en-escazu-4F1CEF319EC259C861373E686DCF3405,"Cajeros, vendedores tienda de ropa GAM",posted|wp_id=11153|https://costarica.mimusjobs.com/job/cajeros-vendedores-tienda-de-ropa-gam/,2026-09-27T17:11:23.679715,https://cr.computrabajo.com/empleos-en-san-jose,5
31fc8119dfd529f7,https://cr.computrabajo.com/ofertas-de-trabajo/oferta-de-trabajo-de-paid-media-specialist-senior-san-pedro-en-montes-de-oca-D5B48F99817E4C6161373E686DCF3405,Paid Media Specialist Senior - San Pedro,posted|wp_id=11156|https://costarica.mimusjobs.com/job/paid-media-specialist-senior-san-pedro/,2026-09-27T17:11:25.858053,https://cr.computrabajo.com/empleos-en-san-jose,5
171fd4a8604bed43,https://cr.computrabajo.com/ofertas-de-trabajo/oferta-de-trabajo-de-operador-de-montacarga-en-escazu-3C7BECEC0756191D61373E686DCF3405,Operador de Montacarga,posted|wp_id=11155|https://costarica.mimusjobs.com/job/operador-de-montacarga/,2026-09-27T17:11:28.894420,https://cr.computrabajo.com/empleos-en-san-jose,5
155c688e8f31ffc6,https://cr.computrabajo.com/ofertas-de-trabajo/oferta-de-trabajo-de-cajeros-vendedores-tienda-de-ropa-centro-comercial-aleste-en-curridabat-F8D43EDF9990DCC261373E686DCF3405,"Cajeros, vendedores tienda de ropa Centro Comercial Aleste",posted|wp_id=11158|https://costarica.mimusjobs.com/job/cajeros-vendedores-tienda-de-ropa-centro-comercial-aleste/,2026-09-27T17:11:31.754065,https://cr.computrabajo.com/empleos-en-san-jose,5
1f553d3d19c98217,https://cr.computrabajo.com/ofertas-de-trabajo/oferta-de-trabajo-de-tecnico-en-mecanica-automotriz-san-jose-santa-ana-en-santa-ana-58D5041FA0CCAF0061373E686DCF3405,"Técnico en Mecánica Automotriz - San José, Santa Ana",posted|wp_id=18485|https://costarica.mimusjobs.com/job/tecnico-en-mecanica-automotriz-san-jose-santa-ana-6/,2026-09-27T17:11:37.684108,https://cr.computrabajo.com/empleos-en-san-jose,5
ac981dcf101ea256,https://cr.computrabajo.com/ofertas-de-trabajo/oferta-de-trabajo-de-promotor-de-ventas-de-campo-kash-en-san-jose-656F964A47D0B1F661373E686DCF3405,Promotor de Ventas de Campo KASH,posted|wp_id=11166|https://costarica.mimusjobs.com/job/promotor-de-ventas-de-campo-kash/,2026-09-27T17:11:40.789927,https://cr.computrabajo.com/empleos-en-san-jose,5
9b2cab66d5ab416e,https://cr.computrabajo.com/ofertas-de-trabajo/oferta-de-trabajo-de-laboratorista-de-concreto-planta-la-uruca-en-san-jose-A8D3CA2DF4B333E661373E686DCF3405,Laboratorista de Concreto - Planta La Uruca,posted|wp_id=11168|https://costarica.mimusjobs.com/job/laboratorista-de-concreto-planta-la-uruca/,2026-09-27T17:11:43.596741,https://cr.computrabajo.com/empleos-en-san-jose,5
5536fbd88b39255f,https://cr.computrabajo.com/ofertas-de-trabajo/oferta-de-trabajo-de-barista-gam-en-san-jose-27FE300CB778BBA861373E686DCF3405,Barista (GAM),posted|wp_id=11170|https://costarica.mimusjobs.com/job/barista-gam/,2026-09-27T17:11:46.330662,https://cr.computrabajo.com/empleos-en-san-jose,5
23bed1580248e2b1,https://cr.computrabajo.com/ofertas-de-trabajo/oferta-de-trabajo-de-asistente-administrativo-temporal-financiera-curridabat-en-curridabat-E2A9941D0C9D814261373E686DCF3405,"Asistente Administrativo Temporal, Financiera - Curridabat",posted|wp_id=11175|https://costarica.mimusjobs.com/job/asistente-administrativo-temporal-financiera-curridabat/,2026-09-27T17:11:48.998416,https://cr.computrabajo.com/empleos-en-san-jose,5
209ba765e5b263cd,https://cr.computrabajo.com/ofertas-de-trabajo/oferta-de-trabajo-de-ingeniero-electromecanico-en-santa-ana-4FE43E22A43A959361373E686DCF3405,Ingeniero electromecánico,posted|wp_id=18487|https://costarica.mimusjobs.com/job/ingeniero-electromecanico-12/,2026-09-27T17:11:53.959797,https://cr.computrabajo.com/empleos-en-san-jose,5
00a1895db0c65d26,https://cr.computrabajo.com/ofertas-de-trabajo/oferta-de-trabajo-de-auxiliar-proteccion-activos-zona-guadalupe-moravia-en-goicoechea-26A0F0F984613F2C61373E686DCF3405,"Auxiliar Protección Activos - Zona Guadalupe, Moravia",posted|wp_id=18489|https://costarica.mimusjobs.com/job/auxiliar-proteccion-activos-zona-guadalupe-moravia-6/,2026-09-27T17:11:58.761761,https://cr.computrabajo.com/empleos-en-san-jose,5
88ebe2d8ef36d745,https://cr.computrabajo.com/ofertas-de-trabajo/oferta-de-trabajo-de-operario-de-produccion-en-curridabat-7F8F508D67F23FA161373E686DCF3405,Operario de producción,posted|wp_id=18491|https://costarica.mimusjobs.com/job/operario-de-produccion-24/,2026-09-27T17:12:04.190978,https://cr.computrabajo.com/empleos-en-san-jose,6
ce2220a6baf7770b,https://cr.computrabajo.com/ofertas-de-trabajo/oferta-de-trabajo-de-vendedores-puerta-a-puerta-perez-zeledon-en-perez-zeledon-3A56FAEF4906695761373E686DCF3405,Vendedores Puerta a Puerta - Perez Zeledon,posted|wp_id=11183|https://costarica.mimusjobs.com/job/vendedores-puerta-a-puerta-perez-zeledon/,2026-09-27T17:12:06.916817,https://cr.computrabajo.com/empleos-en-san-jose,6
668a28388c1ec243,https://cr.computrabajo.com/ofertas-de-trabajo/oferta-de-trabajo-de-cajero-a-la-merced-en-san-jose-0374F7276D0CBF7C61373E686DCF3405,Cajero (a) - La Merced,posted|wp_id=11187|https://costarica.mimusjobs.com/job/cajero-a-la-merced/,2026-09-27T17:12:09.435742,https://cr.computrabajo.com/empleos-en-san-jose,6
c19d86d891536bd4,https://cr.computrabajo.com/ofertas-de-trabajo/oferta-de-trabajo-de-encargado-operativo-de-sucursal-bancaria-para-curridabat-para-nuestro-cliente-coopealianza-en-curridabat-5F75BC7A12773FB961373E686DCF3405,Encargado Operativo de sucursal bancaria para Curridabat - para nuestro cliente Coopealianza,posted|wp_id=18493|https://costarica.mimusjobs.com/job/encargado-operativo-de-sucursal-bancaria-para-curridabat-para-nuestro-cliente-coopealianza-6/,2026-09-27T17:12:13.866919,https://cr.computrabajo.com/empleos-en-san-jose,6
83e556e781c911c4,https://cr.computrabajo.com/ofertas-de-trabajo/oferta-de-trabajo-de-auxiliar-de-almacen-temporal-en-san-jose-BE116D4A4828011761373E686DCF3405,Auxiliar de almacén - Temporal,posted|wp_id=18495|https://costarica.mimusjobs.com/job/auxiliar-de-almacen-temporal-6/,2026-09-27T17:12:18.002009,https://cr.computrabajo.com/empleos-en-san-jose,6
86339f2bb2eacdc2,https://cr.computrabajo.com/ofertas-de-trabajo/oferta-de-trabajo-de-asistente-administrativo-de-servicio-al-cliente-y-ventas-en-santa-ana-E4076340146EFF8561373E686DCF3405,Asistente Administrativo de Servicio al Cliente y Ventas,posted|wp_id=11198|https://costarica.mimusjobs.com/job/asistente-administrativo-de-servicio-al-cliente-y-ventas/,2026-09-27T17:12:20.844372,https://cr.computrabajo.com/empleos-en-san-jose,6
5a48aafdfce6aaf2,https://cr.computrabajo.com/ofertas-de-trabajo/oferta-de-trabajo-de-operador-de-backhoe-planta-patarra-desamparados-en-desamparados-901415571A9553EE61373E686DCF3405,Operador de Backhoe - Planta Patarrá Desamparados,posted|wp_id=18496|https://costarica.mimusjobs.com/job/operador-de-backhoe-planta-patarra-desamparados-6/,2026-09-27T17:12:24.682160,https://cr.computrabajo.com/empleos-en-san-jose,6
74afae757da8a668,https://cr.computrabajo.com/ofertas-de-trabajo/oferta-de-trabajo-de-asesor-de-ventas-puerta-a-puerta-residencial-san-jose-en-san-jose-BE36B5DECC44DB1761373E686DCF3405,Asesor de Ventas Puerta a Puerta Residencial - San Jose,posted|wp_id=11194|https://costarica.mimusjobs.com/job/asesor-de-ventas-puerta-a-puerta-residencial-san-jose/,2026-09-27T17:12:27.249990,https://cr.computrabajo.com/empleos-en-san-jose,6
acbcf28895c94771,https://cr.computrabajo.com/ofertas-de-trabajo/oferta-de-trabajo-de-gestor-de-proyectos-junior-en-san-jose-337B6D4DC1C744E761373E686DCF3405,Gestor de Proyectos Junior,posted|wp_id=11202|https://costarica.mimusjobs.com/job/gestor-de-proyectos-junior/,2026-09-27T17:12:29.717371,https://cr.computrabajo.com/empleos-en-san-jose,6
8b096333b45f6511,https://cr.computrabajo.com/ofertas-de-trabajo/oferta-de-trabajo-de-tecnico-de-maquinas-temporal-en-curridabat-87ECB04D8999407261373E686DCF3405,Técnico de máquinas - Temporal,posted|wp_id=18498|https://costarica.mimusjobs.com/job/tecnico-de-maquinas-temporal-6/,2026-09-27T17:12:34.351913,https://cr.computrabajo.com/empleos-en-san-jose,6
e6b18236f66186d2,https://cr.computrabajo.com/ofertas-de-trabajo/oferta-de-trabajo-de-chofer-bodeguero-en-san-jose-1C51701E92D4D4B861373E686DCF3405,Chofer Bodeguero,posted|wp_id=11208|https://costarica.mimusjobs.com/job/chofer-bodeguero/,2026-09-27T17:12:37.041665,https://cr.computrabajo.com/empleos-en-san-jose,6
8234af5867588372,https://cr.computrabajo.com/ofertas-de-trabajo/oferta-de-trabajo-de-analista-contable-senior-temporal-curridabat-en-curridabat-7C2FE42860D0F1EA61373E686DCF3405,"Analista Contable Senior, Temporal - Curridabat",posted|wp_id=11209|https://costarica.mimusjobs.com/job/analista-contable-senior-temporal-curridabat/,2026-09-27T17:12:39.463860,https://cr.computrabajo.com/empleos-en-san-jose,6
f0a605c5918d18e8,https://cr.computrabajo.com/ofertas-de-trabajo/oferta-de-trabajo-de-cocinera-walmart-guadalupe-en-goicoechea-E7818E9132F6B5BC61373E686DCF3405,Cocinera - Walmart Guadalupe,posted|wp_id=11211|https://costarica.mimusjobs.com/job/cocinera-walmart-guadalupe/,2026-09-27T17:12:41.888455,https://cr.computrabajo.com/empleos-en-san-jose,6
c8e02550cbf46432,https://cr.computrabajo.com/ofertas-de-trabajo/oferta-de-trabajo-de-gestora-de-cobro-telefonico-call-center-en-tibas-DFB9D632FDF46DE161373E686DCF3405,Gestor(a) de Cobro Telefónico - Call Center,posted|wp_id=18500|https://costarica.mimusjobs.com/job/gestora-de-cobro-telefonico-call-center-6/,2026-09-27T17:12:46.429969,https://cr.computrabajo.com/empleos-en-san-jose,6
f8421ec5e17d21aa,https://cr.computrabajo.com/ofertas-de-trabajo/oferta-de-trabajo-de-asesor-de-ventas-cajas-bancarias-desamparados-san-jose-contrato-temporal-para-nuestro-cliente-coopealianza-en-desamparados-A65315ACD6A3C6DA61373E686DCF3405,Asesor de ventas cajas bancarias Desamparados San José contrato temporal - Para nuestro cliente Coopealianza,posted|wp_id=18502|https://costarica.mimusjobs.com/job/asesor-de-ventas-cajas-bancarias-desamparados-san-jose-contrato-temporal-para-nuestro-cliente-coopealianza-6/,2026-09-27T17:12:50.723864,https://cr.computrabajo.com/empleos-en-san-jose,6
c7f82dd69468a584,https://cr.computrabajo.com/ofertas-de-trabajo/oferta-de-trabajo-de-supervisor-jr-gam-en-san-jose-1A81A3DB01797F4561373E686DCF3405,Supervisor Jr. (GAM),posted|wp_id=11219|https://costarica.mimusjobs.com/job/supervisor-jr-gam/,2026-09-27T17:12:53.878136,https://cr.computrabajo.com/empleos-en-san-jose,6
c077cff341e9889a,https://cr.computrabajo.com/ofertas-de-trabajo/oferta-de-trabajo-de-lider-de-mantenimiento-con-experiencia-en-san-jose-DD49D3B4B9158D7661373E686DCF3405,Líder de mantenimiento - con experiencia,posted|wp_id=18503|https://costarica.mimusjobs.com/job/lider-de-mantenimiento-con-experiencia-6/,2026-09-27T17:12:57.191087,https://cr.computrabajo.com/empleos-en-san-jose,6
340949b1ff0ef90f,https://cr.computrabajo.com/ofertas-de-trabajo/oferta-de-trabajo-de-medico-estetica-disponibilidad-y-etica-en-montes-de-oca-6D774707E2A5574361373E686DCF3405,Médico Estética - Disponibilidad y ética,posted|wp_id=18504|https://costarica.mimusjobs.com/job/medico-estetica-disponibilidad-y-etica-6/,2026-09-27T17:13:00.672005,https://cr.computrabajo.com/empleos-en-san-jose,6
4883508b8b2b7457,https://cr.computrabajo.com/ofertas-de-trabajo/oferta-de-trabajo-de-vendedor-equipo-y-materiales-dentales-en-montes-de-oca-C4DBF6717F9070E761373E686DCF3405,Vendedor - Equipo y materiales dentales,posted|wp_id=11222|https://costarica.mimusjobs.com/job/vendedor-equipo-y-materiales-dentales/,2026-09-27T17:13:03.468633,https://cr.computrabajo.com/empleos-en-san-jose,6
acbe568da018636e,https://cr.computrabajo.com/ofertas-de-trabajo/oferta-de-trabajo-de-pilero-aleste-curridabat-en-curridabat-6E95FB415AF374D161373E686DCF3405,Pilero Aleste Curridabat,posted|wp_id=11225|https://costarica.mimusjobs.com/job/pilero-aleste-curridabat/,2026-09-27T17:13:06.193077,https://cr.computrabajo.com/empleos-en-san-jose,6
8c671ae2282c3bea,https://cr.computrabajo.com/ofertas-de-trabajo/oferta-de-trabajo-de-analista-de-experiencia-al-cliente-oficinas-escazu-san-jose-en-escazu-B7D014A1BEEA7CC561373E686DCF3405,Analista de Experiencia al Cliente - Oficinas Escazú San José,posted|wp_id=18505|https://costarica.mimusjobs.com/job/analista-de-experiencia-al-cliente-oficinas-escazu-san-jose-6/,2026-09-27T17:13:10.077353,https://cr.computrabajo.com/empleos-en-san-jose,7
b7552a7009b64784,https://cr.computrabajo.com/ofertas-de-trabajo/oferta-de-trabajo-de-asesor-de-ventas-gam-en-san-jose-550281860FA1755861373E686DCF3405,Asesor de ventas - gam,posted|wp_id=11229|https://costarica.mimusjobs.com/job/asesor-de-ventas-gam/,2026-09-27T17:13:12.570152,https://cr.computrabajo.com/empleos-en-san-jose,7
d123f3398ca3fc84,https://cr.computrabajo.com/ofertas-de-trabajo/oferta-de-trabajo-de-montacarguista-en-tibas-436557AF1B81CEFE61373E686DCF3405,Montacarguista,posted|wp_id=6580|https://costarica.mimusjobs.com/job/montacarguista/,2026-09-27T17:13:15.040379,https://cr.computrabajo.com/empleos-en-san-jose,7
851f18c0af639237,https://cr.computrabajo.com/ofertas-de-trabajo/oferta-de-trabajo-de-supervisora-de-sistema-de-gestion-de-calidad-y-aseguramiento-de-calidad-supervisora-de-sistema-de-gestion-de-calidad-en-goicoechea-C2DF77ACBB182D0A61373E686DCF3405,Supervisor(a) de Sistema de Gestión de Calidad y Aseguramiento de Calidad - Supervisor(a) de Sistema de Gestión de Calidad,posted|wp_id=18506|https://costarica.mimusjobs.com/job/supervisora-de-sistema-de-gestion-de-calidad-y-aseguramiento-de-calidad-supervisora-de-sistema-de-gestion-de-calidad-6/,2026-09-27T17:13:18.134743,https://cr.computrabajo.com/empleos-en-san-jose,7
49e48437c722f6ea,https://cr.computrabajo.com/ofertas-de-trabajo/oferta-de-trabajo-de-promotor-de-ventas-perez-zeledon-en-perez-zeledon-33C08CB4B75640A961373E686DCF3405,Promotor de ventas - Pérez Zeledón,posted|wp_id=18507|https://costarica.mimusjobs.com/job/promotor-de-ventas-perez-zeledon-6/,2026-09-27T17:13:21.124215,https://cr.computrabajo.com/empleos-en-san-jose,7
d03f383622a727bd,https://cr.computrabajo.com/ofertas-de-trabajo/oferta-de-trabajo-de-team-lider-asesor-de-ventas-con-experiencia-puerta-a-puerta-licencia-b1-en-san-jose-B655BE7954A0764A61373E686DCF3405,Team lider / Asesor de ventas con experiencia puerta a puerta - Licencia B1,posted|wp_id=11231|https://costarica.mimusjobs.com/job/team-lider-asesor-de-ventas-con-experiencia-puerta-a-puerta-licencia-b1/,2026-09-27T17:13:23.367270,https://cr.computrabajo.com/empleos-en-san-jose,7
39471942f380695c,https://cr.computrabajo.com/ofertas-de-trabajo/oferta-de-trabajo-de-vendedor-a-equipo-de-yoga-en-santa-ana-1975C602F3C3A10761373E686DCF3405,Vendedor / a - Equipo de Yoga,posted|wp_id=11233|https://costarica.mimusjobs.com/job/vendedor-a-equipo-de-yoga/,2026-09-27T17:13:25.557637,https://cr.computrabajo.com/empleos-en-san-jose,7
fb40760950aa6121,https://cr.computrabajo.com/ofertas-de-trabajo/oferta-de-trabajo-de-soldador-y-armador-de-estructuras-en-san-jose-17823B60F48EE9F861373E686DCF3405,Soldador y armador de estructuras,posted|wp_id=11240|https://costarica.mimusjobs.com/job/soldador-y-armador-de-estructuras/,2026-09-27T17:13:28.299508,https://cr.computrabajo.com/empleos-en-san-jose,7
bf4f7f3f1c3b7e29,https://cr.computrabajo.com/ofertas-de-trabajo/oferta-de-trabajo-de-auxiliar-contable-en-san-jose-AFAC91321620E55E61373E686DCF3405,Auxiliar contable,posted|wp_id=3333|https://costarica.mimusjobs.com/job/auxiliar-contable/,2026-09-27T17:13:30.503877,https://cr.computrabajo.com/empleos-en-san-jose,7
1b1c80928cf8eb7b,https://cr.computrabajo.com/ofertas-de-trabajo/oferta-de-trabajo-de-pasante-diseno-grafico-universitario-en-curridabat-2AE8467F756DF59F61373E686DCF3405,Pasante Diseño Gráfico - Universitario,posted|wp_id=18508|https://costarica.mimusjobs.com/job/pasante-diseno-grafico-universitario-6/,2026-09-27T17:13:33.535101,https://cr.computrabajo.com/empleos-en-san-jose,7
944724977742d95b,https://cr.computrabajo.com/ofertas-de-trabajo/oferta-de-trabajo-de-cocinero-a-sartenes-caliente-en-escazu-F4DF64530C61349761373E686DCF3405,Cocinero A - Sartenes /Caliente,posted|wp_id=11248|https://costarica.mimusjobs.com/job/cocinero-a-sartenes-caliente/,2026-09-27T17:13:35.772984,https://cr.computrabajo.com/empleos-en-san-jose,7
83715df60090a34b,https://cr.computrabajo.com/ofertas-de-trabajo/oferta-de-trabajo-de-ejecutivo-de-cajas-amplia-experiencia-en-san-jose-B8C9A0A809B9804761373E686DCF3405,Ejecutivo de Cajas - Amplia experiencia,posted|wp_id=11249|https://costarica.mimusjobs.com/job/ejecutivo-de-cajas-amplia-experiencia/,2026-09-27T17:13:38.291366,https://cr.computrabajo.com/empleos-en-san-jose,7
a14289f18f8548fc,https://cr.computrabajo.com/ofertas-de-trabajo/oferta-de-trabajo-de-operario-produccion-planta-industrial-alimentos-curridabat-en-curridabat-5FCBEECF1B7CC17261373E686DCF3405,Operario Producción Planta Industrial Alimentos - Curridabat,posted|wp_id=18509|https://costarica.mimusjobs.com/job/operario-produccion-planta-industrial-alimentos-curridabat-6/,2026-09-27T17:13:41.484690,https://cr.computrabajo.com/empleos-en-san-jose,7
61461fb074c92987,https://cr.computrabajo.com/ofertas-de-trabajo/oferta-de-trabajo-de-promotor-temporal-gam-en-san-jose-EA117D4EC41310AF61373E686DCF3405,Promotor temporal - Gam,posted|wp_id=11244|https://costarica.mimusjobs.com/job/promotor-temporal-gam/,2026-09-27T17:13:44.108422,https://cr.computrabajo.com/empleos-en-san-jose,7
17c121f28f20f02c,https://cr.computrabajo.com/ofertas-de-trabajo/oferta-de-trabajo-de-gerente-de-apoyo-ventas-puriscal-en-puriscal-837BD05449077BC761373E686DCF3405,Gerente de Apoyo Ventas - Puriscal,posted|wp_id=11250|https://costarica.mimusjobs.com/job/gerente-de-apoyo-ventas-puriscal/,2026-09-27T17:13:46.637297,https://cr.computrabajo.com/empleos-en-san-jose,7
0ce36c9fc57f81f5,https://cr.computrabajo.com/ofertas-de-trabajo/oferta-de-trabajo-de-asistente-de-credito-y-cobro-zona-piedades-santa-ana-en-santa-ana-2F172E726D140EBE61373E686DCF3405,"Asistente de Crédito y Cobro - Zona Piedades, Santa Ana",posted|wp_id=18511|https://costarica.mimusjobs.com/job/asistente-de-credito-y-cobro-zona-piedades-santa-ana-6/,2026-09-27T17:13:56.846590,https://cr.computrabajo.com/empleos-en-san-jose,7
0c1a7c990eb67779,https://cr.computrabajo.com/ofertas-de-trabajo/oferta-de-trabajo-de-presupuestista-electromecanicoa-san-jose-en-san-jose-EAF65CAEE89BED1161373E686DCF3405,Presupuestista Electromecanico/a - San Jose,posted|wp_id=11256|https://costarica.mimusjobs.com/job/presupuestista-electromecanico-a-san-jose/,2026-09-27T17:14:00.294920,https://cr.computrabajo.com/empleos-en-san-jose,7
d5bc6ef31980ec3b,https://cr.computrabajo.com/ofertas-de-trabajo/oferta-de-trabajo-de-supervisor-comercial-puerta-a-puerta-en-desamparados-1B34FFA2ECF5A72A61373E686DCF3405,Supervisor Comercial - Puerta a Puerta,posted|wp_id=11258|https://costarica.mimusjobs.com/job/supervisor-comercial-puerta-a-puerta/,2026-09-27T17:14:03.496854,https://cr.computrabajo.com/empleos-en-san-jose,7
e45bb90796ee70d3,https://cr.computrabajo.com/ofertas-de-trabajo/oferta-de-trabajo-de-asesor-de-ventas-plataforma-bancaria-en-ciudad-colon-para-nuestro-cliente-coopealianza-en-mora-0CC1164EEBC7DDD761373E686DCF3405,Asesor de ventas plataforma bancaria en Ciudad Colón - Para nuestro cliente Coopealianza,posted|wp_id=18513|https://costarica.mimusjobs.com/job/asesor-de-ventas-plataforma-bancaria-en-ciudad-colon-para-nuestro-cliente-coopealianza-6/,2026-09-27T17:14:09.377570,https://cr.computrabajo.com/empleos-en-san-jose,7
9830894024fc1806,https://cr.computrabajo.com/ofertas-de-trabajo/oferta-de-trabajo-de-empleada-domestica-temporal-en-escazu-BB30F0F4A0916C6061373E686DCF3405,Empleada domestica - temporal,posted|wp_id=11259|https://costarica.mimusjobs.com/job/empleada-domestica-temporal/,2026-09-27T17:14:12.076235,https://cr.computrabajo.com/empleos-en-san-jose,7
219293a29061a51f,https://cr.computrabajo.com/ofertas-de-trabajo/oferta-de-trabajo-de-promotor-de-ventas-gam-en-san-jose-9D8FC3B48890C2D161373E686DCF3405,Promotor de Ventas GAM,posted|wp_id=11264|https://costarica.mimusjobs.com/job/promotor-de-ventas-gam/,2026-09-27T17:14:14.588482,https://cr.computrabajo.com/empleos-en-san-jose,8
d7f07b328aef0450,https://cr.computrabajo.com/ofertas-de-trabajo/oferta-de-trabajo-de-agente-de-ventas-de-seguros-call-center-en-tibas-3B5697A12788B60B61373E686DCF3405,Agente de ventas de Seguros - Call Center,posted|wp_id=11266|https://costarica.mimusjobs.com/job/agente-de-ventas-de-seguros-call-center/,2026-09-27T17:14:17.545313,https://cr.computrabajo.com/empleos-en-san-jose,8
7483dcba8cd821da,https://cr.computrabajo.com/ofertas-de-trabajo/oferta-de-trabajo-de-supervisor-para-comedor-institucional-san-jose-san-jose-en-san-jose-B0D792C240F06A6761373E686DCF3405,Supervisor para comedor institucional San José - San José,posted|wp_id=18514|https://costarica.mimusjobs.com/job/supervisor-para-comedor-institucional-san-jose-san-jose-6/,2026-09-27T17:14:20.978781,https://cr.computrabajo.com/empleos-en-san-jose,8
db93dadbb96cc1c6,https://cr.computrabajo.com/ofertas-de-trabajo/oferta-de-trabajo-de-supervisor-de-calidad-call-center-en-goicoechea-F990E1CB51989A3A61373E686DCF3405,Supervisor de calidad - call center,posted|wp_id=11262|https://costarica.mimusjobs.com/job/supervisor-de-calidad-call-center/,2026-09-27T17:14:23.402412,https://cr.computrabajo.com/empleos-en-san-jose,8
08f86358841532c5,https://cr.computrabajo.com/ofertas-de-trabajo/oferta-de-trabajo-de-anfitriona-de-velas-disponibilidad-de-horarios-en-san-jose-A8BEE66086515F0761373E686DCF3405,Anfitrión/a de velas - disponibilidad de horarios,posted|wp_id=18515|https://costarica.mimusjobs.com/job/anfitrion-a-de-velas-disponibilidad-de-horarios-6/,2026-09-27T17:14:27.336517,https://cr.computrabajo.com/empleos-en-san-jose,8
fc5481fc68532daf,https://cr.computrabajo.com/ofertas-de-trabajo/oferta-de-trabajo-de-auditor-de-calidad-en-alajuelita-49FB362FABCEBCA361373E686DCF3405,Auditor de Calidad,posted|wp_id=11271|https://costarica.mimusjobs.com/job/auditor-de-calidad/,2026-09-27T17:14:30.182919,https://cr.computrabajo.com/empleos-en-san-jose,8
aaa27c1824283c50,https://cr.computrabajo.com/ofertas-de-trabajo/oferta-de-trabajo-de-torrero-junior-para-empresa-de-telecomunicaciones-san-jose-en-goicoechea-ECD76357EA9E73AD61373E686DCF3405,Torrero Junior para Empresa de Telecomunicaciones - San José,posted|wp_id=18517|https://costarica.mimusjobs.com/job/torrero-junior-para-empresa-de-telecomunicaciones-san-jose-6/,2026-09-27T17:14:34.600295,https://cr.computrabajo.com/empleos-en-san-jose,8
a1e3f8523b213854,https://cr.computrabajo.com/ofertas-de-trabajo/oferta-de-trabajo-de-asistente-de-repuestos-y-bodega-zona-escazu-en-escazu-54007FDC9822AD6D61373E686DCF3405,Asistente de Repuestos y Bodega Zona Escazú,posted|wp_id=18519|https://costarica.mimusjobs.com/job/asistente-de-repuestos-y-bodega-zona-escazu-6/,2026-09-27T17:14:38.351255,https://cr.computrabajo.com/empleos-en-san-jose,8
fb8c2eab886df223,https://cr.computrabajo.com/ofertas-de-trabajo/oferta-de-trabajo-de-customer-care-specialist-sports-account-en-san-jose-12C98FA71D16E5F261373E686DCF3405,Customer Care Specialist - Sports Account,posted|wp_id=11281|https://costarica.mimusjobs.com/job/customer-care-specialist-sports-account/,2026-09-27T17:14:40.579864,https://cr.computrabajo.com/empleos-en-san-jose,8
2b291a6b89b1c18a,https://cr.computrabajo.com/ofertas-de-trabajo/oferta-de-trabajo-de-catador-de-cafe-en-san-jose-DA6FF941E9082E6161373E686DCF3405,Catador de Café,posted|wp_id=18520|https://costarica.mimusjobs.com/job/catador-de-cafe-6/,2026-09-27T17:14:44.041716,https://cr.computrabajo.com/empleos-en-san-jose,8
fe1509f16dbbc9dc,https://cr.computrabajo.com/ofertas-de-trabajo/oferta-de-trabajo-de-multichannel-banking-support-representative-en-san-jose-B655DD9C974FA7A061373E686DCF3405,Multichannel Banking Support Representative,posted|wp_id=11284|https://costarica.mimusjobs.com/job/multichannel-banking-support-representative/,2026-09-27T17:14:46.450492,https://cr.computrabajo.com/empleos-en-san-jose,8
1a3b3905b5d970c1,https://cr.computrabajo.com/ofertas-de-trabajo/oferta-de-trabajo-de-tecnico-de-mnatenimiento-en-escazu-929F0EEF0DDF47C461373E686DCF3405,Técnico de Mnatenimiento,posted|wp_id=18522|https://costarica.mimusjobs.com/job/tecnico-de-mnatenimiento-6/,2026-09-27T17:14:51.356890,https://cr.computrabajo.com/empleos-en-san-jose,8
bc7c84523f36e129,https://cr.computrabajo.com/ofertas-de-trabajo/oferta-de-trabajo-de-consultor-de-preventa-de-servicios-tecnologicos-ventas-en-moravia-A108D6AF600EF04161373E686DCF3405,Consultor de Preventa de Servicios Tecnológicos - Ventas,posted|wp_id=18524|https://costarica.mimusjobs.com/job/consultor-de-preventa-de-servicios-tecnologicos-ventas-6/,2026-09-27T17:14:56.667998,https://cr.computrabajo.com/empleos-en-san-jose,8
c4bb2237357746f3,https://cr.computrabajo.com/ofertas-de-trabajo/oferta-de-trabajo-de-supervisor-de-almacen-horario-mixto-en-san-jose-1E20E36CA4CBA79561373E686DCF3405,Supervisor de Almacén - Horario Mixto,posted|wp_id=18525|https://costarica.mimusjobs.com/job/supervisor-de-almacen-horario-mixto-6/,2026-09-27T17:15:00.308742,https://cr.computrabajo.com/empleos-en-san-jose,8
6136f78eab35111e,https://cr.computrabajo.com/ofertas-de-trabajo/oferta-de-trabajo-de-asistente-soporte-a-mensajeria-y-marchamos-temporal-en-curridabat-B26560B6A39A3E0161373E686DCF3405,Asistente Soporte a Mensajería y (Marchamos) - Temporal,posted|wp_id=18527|https://costarica.mimusjobs.com/job/asistente-soporte-a-mensajeria-y-marchamos-temporal-6/,2026-09-27T17:15:05.455865,https://cr.computrabajo.com/empleos-en-san-jose,8
adb212680627a267,https://cr.computrabajo.com/ofertas-de-trabajo/oferta-de-trabajo-de-asistente-contable-y-control-operativo-marchamos-temporal-en-goicoechea-5B83D22EBF0BD98161373E686DCF3405,Asistente Contable y Control Operativo (Marchamos) - Temporal,posted|wp_id=11295|https://costarica.mimusjobs.com/job/asistente-contable-y-control-operativo-marchamos-temporal/,2026-09-27T17:15:07.982049,https://cr.computrabajo.com/empleos-en-san-jose,8
cb6f5aecdea71d9f,https://cr.computrabajo.com/ofertas-de-trabajo/oferta-de-trabajo-de-ejecutivoa-de-servicio-al-cliente-y-soporte-operativo-marchamos-marchamos-temporal-en-goicoechea-57880EA18F61CD6461373E686DCF3405,Ejecutivo(a) de Servicio al Cliente y Soporte Operativo (Marchamos) - (Marchamos) Temporal,posted|wp_id=18529|https://costarica.mimusjobs.com/job/ejecutivoa-de-servicio-al-cliente-y-soporte-operativo-marchamos-marchamos-temporal-6/,2026-09-27T17:15:12.611661,https://cr.computrabajo.com/empleos-en-san-jose,8
ca8d3c6151661bd1,https://cr.computrabajo.com/ofertas-de-trabajo/oferta-de-trabajo-de-enfermera-cirugias-en-san-jose-83DEF1BB3BA7AFD961373E686DCF3405,Enfermera - cirugias,posted|wp_id=11298|https://costarica.mimusjobs.com/job/enfermera-cirugias/,2026-09-27T17:15:14.819971,https://cr.computrabajo.com/empleos-en-san-jose,8
6e75c186445a576f,https://cr.computrabajo.com/ofertas-de-trabajo/oferta-de-trabajo-de-subdirector-de-carrera-comercio-internacional-comercio-internacional-en-san-jose-C977E6224A13F93961373E686DCF3405,Subdirector de carrera Comercio Internacional - Comercio internacional,posted|wp_id=11299|https://costarica.mimusjobs.com/job/subdirector-de-carrera-comercio-internacional-comercio-internacional/,2026-09-27T17:15:17.375000,https://cr.computrabajo.com/empleos-en-san-jose,8
7a2d502a77234cad,https://cr.computrabajo.com/ofertas-de-trabajo/oferta-de-trabajo-de-operador-de-tienda-con-manipulacion-de-alimentos-zona-de-tibas-en-tibas-99519D429F443EEA61373E686DCF3405,Operador de tienda con Manipulación de Alimentos - Zona de Tibás,posted|wp_id=18531|https://costarica.mimusjobs.com/job/operador-de-tienda-con-manipulacion-de-alimentos-zona-de-tibas-6/,2026-09-27T17:15:22.466534,https://cr.computrabajo.com/empleos-en-san-jose,8
2aa2be181d040a05,https://cr.computrabajo.com/ofertas-de-trabajo/oferta-de-trabajo-de-operador-de-tienda-con-manipulacion-de-alimentos-maxi-pali-pavas-en-san-jose-6D96DA67183C2B5961373E686DCF3405,Operador de tienda con manipulación de Alimentos - Maxi pali Pavas,posted|wp_id=18533|https://costarica.mimusjobs.com/job/operador-de-tienda-con-manipulacion-de-alimentos-maxi-pali-pavas-11/,2026-09-27T17:15:27.227883,https://cr.computrabajo.com/empleos-en-san-jose,9
0ddef65b40fb011d,https://cr.computrabajo.com/ofertas-de-trabajo/oferta-de-trabajo-de-promotor-de-ventas-temporal-de-electrodomesticos-linea-blanca-en-san-jose-3D2E1D32A0F08A8561373E686DCF3405,Promotor de Ventas temporal de Electrodomésticos Linea Blanca,posted|wp_id=18534|https://costarica.mimusjobs.com/job/promotor-de-ventas-temporal-de-electrodomesticos-linea-blanca-6/,2026-09-27T17:15:30.762113,https://cr.computrabajo.com/empleos-en-san-jose,9
c1d19584dccf9222,https://cr.computrabajo.com/ofertas-de-trabajo/oferta-de-trabajo-de-visitador-medico-productos-farmaceuticos-en-san-jose-46797A602E64D9F861373E686DCF3405,Visitador Médico - Productos Farmacéuticos,posted|wp_id=18536|https://costarica.mimusjobs.com/job/visitador-medico-productos-farmaceuticos-6/,2026-09-27T17:15:36.292083,https://cr.computrabajo.com/empleos-en-san-jose,9
2b199be05b55cc12,https://cr.computrabajo.com/ofertas-de-trabajo/oferta-de-trabajo-de-impulsadora-promotora-de-linea-dermatologica-gran-area-metropolitana-gam-costa-rica-en-santa-ana-3920E1B5C1B57D5F61373E686DCF3405,"Impulsador/a promotor/a de línea dermatológica Gran Área Metropolitana (GAM), Costa Rica",posted|wp_id=18537|https://costarica.mimusjobs.com/job/impulsador-a-promotor-a-de-linea-dermatologica-gran-area-metropolitana-gam-costa-rica-6/,2026-09-27T17:15:40.001964,https://cr.computrabajo.com/empleos-en-san-jose,9
aad528197523a607,https://cr.computrabajo.com/ofertas-de-trabajo/oferta-de-trabajo-de-bilingual-customer-service-specialist-multichannel-en-san-jose-F0F2BA7255A3632861373E686DCF3405,Bilingual Customer Service Specialist - Multichannel,posted|wp_id=2081|https://costarica.mimusjobs.com/job/bilingual-customer-service-specialist-multichannel/,2026-09-27T17:15:43.593523,https://cr.computrabajo.com/empleos-en-san-jose,9
f778dbf493fcc07e,https://cr.computrabajo.com/ofertas-de-trabajo/oferta-de-trabajo-de-customer-care-representative-sports-account-en-san-jose-2A1D6D527862581261373E686DCF3405,Customer Care Representative - Sports Account,posted|wp_id=10112|https://costarica.mimusjobs.com/job/customer-care-representative-sports-account/,2026-09-27T17:15:46.626664,https://cr.computrabajo.com/empleos-en-san-jose,9
20a498a7dacf03ef,https://cr.computrabajo.com/ofertas-de-trabajo/oferta-de-trabajo-de-coordinadora-administrativoa-en-san-jose-717F98EDAEEF8B6D61373E686DCF3405,Coordinador/a Administrativo/a,posted|wp_id=11311|https://costarica.mimusjobs.com/job/coordinador-a-administrativo-a/,2026-09-27T17:15:51.162779,https://cr.computrabajo.com/empleos-en-san-jose,9
5c16e515775090b6,https://cr.computrabajo.com/ofertas-de-trabajo/oferta-de-trabajo-de-ejecutivo-de-negocios-sector-bancario-financiera-o-automotriz-barrio-don-bosco-en-san-jose-5975211932CBD76B61373E686DCF3405,"Ejecutivo de Negocios Sector Bancario, Financiera o Automotriz - Barrio Don Bosco",posted|wp_id=18538|https://costarica.mimusjobs.com/job/ejecutivo-de-negocios-sector-bancario-financiera-o-automotriz-barrio-don-bosco-6/,2026-09-27T17:15:55.766586,https://cr.computrabajo.com/empleos-en-san-jose,9
253dd23aed1f44ae,https://cr.computrabajo.com/ofertas-de-trabajo/oferta-de-trabajo-de-bilingual-customer-service-representative-en-san-jose-C78C93D894DF45D461373E686DCF3405,Bilingual Customer Service Representative,posted|wp_id=1639|https://costarica.mimusjobs.com/job/bilingual-customer-service-representative/,2026-09-27T17:15:58.004981,https://cr.computrabajo.com/empleos-en-san-jose,9
deb78fa9b6cf3c26,https://cr.computrabajo.com/ofertas-de-trabajo/oferta-de-trabajo-de-asesora-de-servicio-al-cliente-laboratorio-optico-prats-costa-rica-en-curridabat-0BB7C50378F6B82961373E686DCF3405,Asesor/a de servicio al cliente - Laboratorio óptico Prats Costa Rica,posted|wp_id=18540|https://costarica.mimusjobs.com/job/asesor-a-de-servicio-al-cliente-laboratorio-optico-prats-costa-rica-6/,2026-09-27T17:16:02.542929,https://cr.computrabajo.com/empleos-en-san-jose,9
f0024ae7093df4f7,https://cr.computrabajo.com/ofertas-de-trabajo/oferta-de-trabajo-de-vendedora-de-tienda-lunas-de-algodon-en-moravia-ACDD79269E47C04261373E686DCF3405,Vendedora de Tienda - Lunas de Algodón,posted|wp_id=18542|https://costarica.mimusjobs.com/job/vendedora-de-tienda-lunas-de-algodon-6/,2026-09-27T17:16:07.992291,https://cr.computrabajo.com/empleos-en-san-jose,9
ac0a385eafdfa6f8,https://cr.computrabajo.com/ofertas-de-trabajo/oferta-de-trabajo-de-key-account-manager-kam-canal-moderno-en-curridabat-55631A1A7FEF23E261373E686DCF3405,Key account manager - KAM Canal Moderno,posted|wp_id=11322|https://costarica.mimusjobs.com/job/key-account-manager-kam-canal-moderno/,2026-09-27T17:16:10.596405,https://cr.computrabajo.com/empleos-en-san-jose,9
5fefbe0caf52d798,https://cr.computrabajo.com/ofertas-de-trabajo/oferta-de-trabajo-de-asistente-de-ventas-de-ruta-ayudante-de-chofer-vacacionista-en-curridabat-CEB887EEDBF3D2DD61373E686DCF3405,Asistente de ventas de Ruta . Ayudante de chófer - Vacacionista,posted|wp_id=18543|https://costarica.mimusjobs.com/job/asistente-de-ventas-de-ruta-ayudante-de-chofer-vacacionista-6/,2026-09-27T17:16:14.921162,https://cr.computrabajo.com/empleos-en-san-jose,9
a190dd2947d1c0e2,https://cr.computrabajo.com/ofertas-de-trabajo/oferta-de-trabajo-de-jefea-de-trade-marketing-en-san-jose-572ACA90822F1B9661373E686DCF3405,Jefe(a) de Trade Marketing,posted|wp_id=18544|https://costarica.mimusjobs.com/job/jefea-de-trade-marketing-6/,2026-09-27T17:16:20.887315,https://cr.computrabajo.com/empleos-en-san-jose,9
fc6a25dd350b5877,https://cr.computrabajo.com/ofertas-de-trabajo/oferta-de-trabajo-de-jefe-cafeteria-uruca-san-jose-en-san-jose-1027959CE2E3C8AF61373E686DCF3405,"Jefe cafeteria - Uruca, San José",posted|wp_id=18546|https://costarica.mimusjobs.com/job/jefe-cafeteria-uruca-san-jose-6/,2026-09-27T17:16:26.194466,https://cr.computrabajo.com/empleos-en-san-jose,9
998157ec421140b7,https://cr.computrabajo.com/ofertas-de-trabajo/oferta-de-trabajo-de-oficial-de-seguridad-guadalupe-en-goicoechea-38332CF2E1F8614B61373E686DCF3405,Oficial de Seguridad - guadalupe,posted|wp_id=11329|https://costarica.mimusjobs.com/job/oficial-de-seguridad-guadalupe/,2026-09-27T17:16:28.714542,https://cr.computrabajo.com/empleos-en-san-jose,9
c10326bab795b68b,https://cr.computrabajo.com/ofertas-de-trabajo/oferta-de-trabajo-de-asistente-administrativo-y-de-importaciones-en-san-jose-C60C5C413A340E2861373E686DCF3405,Asistente Administrativo y de Importaciones,posted|wp_id=11331|https://costarica.mimusjobs.com/job/asistente-administrativo-y-de-importaciones/,2026-09-27T17:16:31.168389,https://cr.computrabajo.com/empleos-en-san-jose,9
545a147368aea476,https://cr.computrabajo.com/ofertas-de-trabajo/oferta-de-trabajo-de-gerente-de-servicio-restaurante-en-san-jose-D1AD47389C8195B461373E686DCF3405,Gerente de Servicio Restaurante,posted|wp_id=11333|https://costarica.mimusjobs.com/job/gerente-de-servicio-restaurante/,2026-09-27T17:16:33.964059,https://cr.computrabajo.com/empleos-en-san-jose,9
ad910ae554130796,https://cr.computrabajo.com/ofertas-de-trabajo/oferta-de-trabajo-de-administrador-apps-base-de-datos-y-programacion-en-san-jose-AD9FE0F98F19C94A61373E686DCF3405,"Administrador APPs, base de datos y programación",posted|wp_id=18547|https://costarica.mimusjobs.com/job/administrador-apps-base-de-datos-y-programacion-6/,2026-09-27T17:16:37.319983,https://cr.computrabajo.com/empleos-en-san-jose,9
02a651a253995040,https://cr.computrabajo.com/ofertas-de-trabajo/oferta-de-trabajo-de-supervisor-de-cocina-escazu-en-escazu-945FAF16FBA4A2B461373E686DCF3405,Supervisor de Cocina - Escazú,posted|wp_id=18549|https://costarica.mimusjobs.com/job/supervisor-de-cocina-escazu-6/,2026-09-27T17:16:42.677381,https://cr.computrabajo.com/empleos-en-san-jose,9
5ff88d430b5059bd,https://cr.computrabajo.com/ofertas-de-trabajo/oferta-de-trabajo-de-agente-call-center-en-espanol-call-center-en-san-jose-93DB5972DB27E4DB61373E686DCF3405,Agente Call Center en Español - Call Center,posted|wp_id=18550|https://costarica.mimusjobs.com/job/agente-call-center-en-espanol-call-center-11/,2026-09-27T17:16:47.402230,https://cr.computrabajo.com/empleos-en-san-jose,10
3fc54384c1c1d169,https://cr.computrabajo.com/ofertas-de-trabajo/oferta-de-trabajo-de-agente-lesco-call-center-en-san-jose-808E97970E47C96661373E686DCF3405,Agente Lesco - Call Center,posted|wp_id=11339|https://costarica.mimusjobs.com/job/agente-lesco-call-center/,2026-09-27T17:16:50.279220,https://cr.computrabajo.com/empleos-en-san-jose,10
0056f7b4d5f24359,https://cr.computrabajo.com/ofertas-de-trabajo/oferta-de-trabajo-de-bodeguero-en-san-jose-664453A112A286C361373E686DCF3405,Bodeguero,posted|wp_id=10316|https://costarica.mimusjobs.com/job/bodeguero/,2026-09-27T17:16:52.474518,https://cr.computrabajo.com/empleos-en-san-jose,10
56af87a5a58567f9,https://cr.computrabajo.com/ofertas-de-trabajo/oferta-de-trabajo-de-bodeguero-de-centro-de-distribucion-lindora-santa-ana-en-santa-ana-194647C53B2D23F761373E686DCF3405,"Bodeguero de Centro de Distribución / Lindora, Santa Ana",posted|wp_id=18552|https://costarica.mimusjobs.com/job/bodeguero-de-centro-de-distribucion-lindora-santa-ana-11/,2026-09-27T17:16:57.064641,https://cr.computrabajo.com/empleos-en-san-jose,10
d5018a031dddf47f,https://cr.computrabajo.com/ofertas-de-trabajo/oferta-de-trabajo-de-cajero-auxiliar-tienda-masxmenos-guachipelin-en-san-jose-78792C664B8DCAD061373E686DCF3405,Cajero / auxiliar tienda - Masxmenos Guachipelin,posted|wp_id=11345|https://costarica.mimusjobs.com/job/cajero-auxiliar-tienda-masxmenos-guachipelin/,2026-09-27T17:17:00.383210,https://cr.computrabajo.com/empleos-en-san-jose,10
cc807e1347c3fa38,https://cr.computrabajo.com/ofertas-de-trabajo/oferta-de-trabajo-de-tecnicoa-en-telecomunicaciones-instalaciones-para-liberty-en-montes-de-oca-4C22798A2FB3ADC461373E686DCF3405,Técnico/a en telecomunicaciones - Instalaciones para Liberty,posted|wp_id=18553|https://costarica.mimusjobs.com/job/tecnico-a-en-telecomunicaciones-instalaciones-para-liberty-6/,2026-09-27T17:17:09.374161,https://cr.computrabajo.com/empleos-en-san-jose,10
4a2f906f43e54f3c,https://cr.computrabajo.com/ofertas-de-trabajo/oferta-de-trabajo-de-cajeros-vendedores-tienda-de-ropa-escazu-en-escazu-4583DB444B1F8F4F61373E686DCF3405,"Cajeros, vendedores tienda de ropa Escazú",posted|wp_id=18555|https://costarica.mimusjobs.com/job/cajeros-vendedores-tienda-de-ropa-escazu-11/,2026-09-27T17:17:15.241381,https://cr.computrabajo.com/empleos-en-san-jose,10
36917081e32f6e55,https://cr.computrabajo.com/ofertas-de-trabajo/oferta-de-trabajo-de-auxiliar-de-servicio-frescos-cajas-planta-escazu-en-escazu-F9814C4AF9E212C261373E686DCF3405,"Auxiliar de Servicio (Frescos, Cajas, Planta) - Escazú",posted|wp_id=18557|https://costarica.mimusjobs.com/job/auxiliar-de-servicio-frescos-cajas-planta-escazu-6/,2026-09-27T17:17:20.047108,https://cr.computrabajo.com/empleos-en-san-jose,10
a2b66effea19f4be,https://cr.computrabajo.com/ofertas-de-trabajo/oferta-de-trabajo-de-gestor-de-calidad-call-center-en-goicoechea-1AE425F8594DD0F461373E686DCF3405,Gestor de calidad - call center,posted|wp_id=11352|https://costarica.mimusjobs.com/job/gestor-de-calidad-call-center/,2026-09-27T17:17:22.980309,https://cr.computrabajo.com/empleos-en-san-jose,10
e05d318e3bfe91e4,https://cr.computrabajo.com/ofertas-de-trabajo/oferta-de-trabajo-de-promotora-asesor-de-venta-asesor-de-ventas-puerta-a-puerta-cp1-en-san-jose-6E327C01EF2EEF4761373E686DCF3405,Promotor/a asesor de venta - Asesor de ventas puerta a puerta cp1,posted|wp_id=11355|https://costarica.mimusjobs.com/job/promotor-a-asesor-de-venta-asesor-de-ventas-puerta-a-puerta-cp1/,2026-09-27T17:17:26.207990,https://cr.computrabajo.com/empleos-en-san-jose,10
8d33b5f4606501e0,https://cr.computrabajo.com/ofertas-de-trabajo/oferta-de-trabajo-de-bodeguero-tienda-de-ropa-escazu-en-escazu-E20EC93CD5244B2D61373E686DCF3405,Bodeguero tienda de ropa Escazú,posted|wp_id=18559|https://costarica.mimusjobs.com/job/bodeguero-tienda-de-ropa-escazu-21/,2026-09-27T17:17:30.798671,https://cr.computrabajo.com/empleos-en-san-jose,10
c1b4dd8d4ecac31d,https://cr.computrabajo.com/ofertas-de-trabajo/oferta-de-trabajo-de-promotora-asesor-de-venta-puerta-a-puerta-cp1-puntarenas-liberia-en-san-jose-854B4408091DB12B61373E686DCF3405,Promotor/a asesor de venta - puerta a puerta cp1 puntarenas liberia,posted|wp_id=11360|https://costarica.mimusjobs.com/job/promotor-a-asesor-de-venta-puerta-a-puerta-cp1-puntarenas-liberia/,2026-09-27T17:17:33.712133,https://cr.computrabajo.com/empleos-en-san-jose,10
b5ce7100bacd93f4,https://cr.computrabajo.com/ofertas-de-trabajo/oferta-de-trabajo-de-operadora-centro-de-contactos-call-center-ventas-en-goicoechea-3D6156F4EBBE792761373E686DCF3405,Operador(a) Centro de Contactos (call center) - Ventas,posted|wp_id=18561|https://costarica.mimusjobs.com/job/operadora-centro-de-contactos-call-center-ventas-11/,2026-09-27T17:17:39.914797,https://cr.computrabajo.com/empleos-en-san-jose,10
1bb9d0a428450096,https://cr.computrabajo.com/ofertas-de-trabajo/oferta-de-trabajo-de-promotora-asesor-de-venta-puerta-a-puerta-cp1-alajuela-san-jose-en-san-jose-4EBE850F7893DEDF61373E686DCF3405,Promotor/a asesor de venta - puerta a puerta cp1 alajuela san jose,posted|wp_id=11367|https://costarica.mimusjobs.com/job/promotor-a-asesor-de-venta-puerta-a-puerta-cp1-alajuela-san-jose/,2026-09-27T17:17:42.621296,https://cr.computrabajo.com/empleos-en-san-jose,10
7c8232e3d66f0abe,https://cr.computrabajo.com/ofertas-de-trabajo/oferta-de-trabajo-de-cocinero-a-sushi-avenida-escazu-en-escazu-E9D6E30FB6259EA861373E686DCF3405,Cocinero (a) Sushi - Avenida Escazu,posted|wp_id=11369|https://costarica.mimusjobs.com/job/cocinero-a-sushi-avenida-escazu/,2026-09-27T17:17:44.808675,https://cr.computrabajo.com/empleos-en-san-jose,10
cb6de7dc53045641,https://cr.computrabajo.com/ofertas-de-trabajo/oferta-de-trabajo-de-vendedor-tarrazu-dota-y-leon-cortes-jorco-aserri-en-aserri-1167E1E1024E253361373E686DCF3405,"Vendedor - Tarrazú, Dota y León Cortés, Jorcó, Aserrí",posted|wp_id=18562|https://costarica.mimusjobs.com/job/vendedor-tarrazu-dota-y-leon-cortes-jorco-aserri-6/,2026-09-27T17:17:49.146263,https://cr.computrabajo.com/empleos-en-san-jose,10
0f1735c0d6bbf06b,https://cr.computrabajo.com/ofertas-de-trabajo/oferta-de-trabajo-de-tecnico-evaluador-de-vehiculos-en-curridabat-3512A13612E5340A61373E686DCF3405,Técnico Evaluador de Vehículos,posted|wp_id=18563|https://costarica.mimusjobs.com/job/tecnico-evaluador-de-vehiculos-6/,2026-09-27T17:17:52.823102,https://cr.computrabajo.com/empleos-en-san-jose,10
69bdd0a2abfb96e0,https://cr.computrabajo.com/ofertas-de-trabajo/oferta-de-trabajo-de-ayudante-de-obra-civil-con-experiencia-en-san-jose-017C8ABA2074AB9361373E686DCF3405,Ayudante de Obra Civil - Con experiencia,posted|wp_id=11366|https://costarica.mimusjobs.com/job/ayudante-de-obra-civil-con-experiencia/,2026-09-27T17:17:56.752296,https://cr.computrabajo.com/empleos-en-san-jose,10
4559ed5047108f44,https://cr.computrabajo.com/ofertas-de-trabajo/oferta-de-trabajo-de-ejecutivoa-de-ventas-de-campo-san-francisco-de-dos-rios-en-san-jose-058B43DAA82A1BE661373E686DCF3405,Ejecutivo(a) de Ventas de Campo - San Francisco de Dos Ríos,posted|wp_id=18566|https://costarica.mimusjobs.com/job/ejecutivoa-de-ventas-de-campo-san-francisco-de-dos-rios-6/,2026-09-27T17:18:00.404794,https://cr.computrabajo.com/empleos-en-san-jose,10
88859ef25de88d6b,https://cr.computrabajo.com/ofertas-de-trabajo/oferta-de-trabajo-de-miscelaneos-de-cuadrilla-san-jose-tibas-en-tibas-EC22254ACDA0884061373E686DCF3405,"Misceláneos de Cuadrilla - San José, Tibas",posted|wp_id=18567|https://costarica.mimusjobs.com/job/miscelaneos-de-cuadrilla-san-jose-tibas-6/,2026-09-27T17:18:03.797306,https://cr.computrabajo.com/empleos-en-san-jose,10
36221399c6e43d5d,https://cr.computrabajo.com/ofertas-de-trabajo/oferta-de-trabajo-de-disenador-arte-finalista-en-desamparados-A1CF427FF5974AC661373E686DCF3405,Diseñador - Arte Finalista,posted|wp_id=18569|https://costarica.mimusjobs.com/job/disenador-arte-finalista-5/,2026-09-27T17:18:09.152981,https://cr.computrabajo.com/empleos-en-san-jose,11
380acfc6314c36d7,https://cr.computrabajo.com/ofertas-de-trabajo/oferta-de-trabajo-de-auxiliar-de-tienda-mercancias-generales-y-textiles-walmart-escazu-en-escazu-452DB2C5EE9A527261373E686DCF3405,Auxiliar de Tienda Mercancias Generales y Textiles - Walmart Escazú,posted|wp_id=18571|https://costarica.mimusjobs.com/job/auxiliar-de-tienda-mercancias-generales-y-textiles-walmart-escazu-6/,2026-09-27T17:18:14.927624,https://cr.computrabajo.com/empleos-en-san-jose,11
bf6edefee23754ac,https://cr.computrabajo.com/ofertas-de-trabajo/oferta-de-trabajo-de-pasante-de-onboarding-y-comunicacion-en-san-jose-0BA82E67ABF8261861373E686DCF3405,Pasante de Onboarding y Comunicación,posted|wp_id=18573|https://costarica.mimusjobs.com/job/pasante-de-onboarding-y-comunicacion-6/,2026-09-27T17:18:18.753140,https://cr.computrabajo.com/empleos-en-san-jose,11
21b28faad6f775de,https://cr.computrabajo.com/ofertas-de-trabajo/oferta-de-trabajo-de-medico-de-empresa-salud-en-san-jose-BB9C25946D38BD9C61373E686DCF3405,Médico de empresa - Salud,posted|wp_id=18574|https://costarica.mimusjobs.com/job/medico-de-empresa-salud-6/,2026-09-27T17:18:22.413765,https://cr.computrabajo.com/empleos-en-san-jose,11
cca282e7c98936d7,https://cr.computrabajo.com/ofertas-de-trabajo/oferta-de-trabajo-de-auxiliar-general-de-mantenimiento-san-jose-santa-ana-lindora-en-santa-ana-0C1C0CA04D72A3CD61373E686DCF3405,"Auxiliar General de Mantenimiento - San José, Santa Ana Lindora",posted|wp_id=18575|https://costarica.mimusjobs.com/job/auxiliar-general-de-mantenimiento-san-jose-santa-ana-lindora-6/,2026-09-27T17:18:25.994120,https://cr.computrabajo.com/empleos-en-san-jose,11
2d94ceb33527708a,https://cr.computrabajo.com/ofertas-de-trabajo/oferta-de-trabajo-de-gerente-de-operaciones-bpo-canales-de-atencion-en-san-jose-50B8C7FBB49C4BD161373E686DCF3405,Gerente de operaciones BPO Canales de Atención,posted|wp_id=18576|https://costarica.mimusjobs.com/job/gerente-de-operaciones-bpo-canales-de-atencion-6/,2026-09-27T17:18:29.526116,https://cr.computrabajo.com/empleos-en-san-jose,11
ac51755e2225c017,https://cr.computrabajo.com/ofertas-de-trabajo/oferta-de-trabajo-de-tecnico-de-mantenimiento-en-san-jose-4FDB8B02C713673A61373E686DCF3405,Tecnico de Mantenimiento,posted|wp_id=916|https://costarica.mimusjobs.com/job/tecnico-de-mantenimiento/,2026-09-27T17:18:31.702091,https://cr.computrabajo.com/empleos-en-san-jose,11
c2b5c7dbee94f992,https://cr.computrabajo.com/ofertas-de-trabajo/oferta-de-trabajo-de-encargadoa-de-cuadrilla-de-mantenimiento-de-edificios-en-san-jose-AAE2AE023000B9D461373E686DCF3405,Encargado(a) de Cuadrilla de Mantenimiento de Edificios,posted|wp_id=18577|https://costarica.mimusjobs.com/job/encargadoa-de-cuadrilla-de-mantenimiento-de-edificios-6/,2026-09-27T17:18:34.969534,https://cr.computrabajo.com/empleos-en-san-jose,11
9be59f81eca87624,https://cr.computrabajo.com/ofertas-de-trabajo/oferta-de-trabajo-de-host-recepcionista-para-restaurante-curridabat-en-curridabat-8A9C2DB2604766A661373E686DCF3405,Host / Recepcionista para Restaurante Curridabat,posted|wp_id=11397|https://costarica.mimusjobs.com/job/host-recepcionista-para-restaurante-curridabat/,2026-09-27T17:18:37.050975,https://cr.computrabajo.com/empleos-en-san-jose,11
f473010c86794778,https://cr.computrabajo.com/ofertas-de-trabajo/oferta-de-trabajo-de-tecnico-mantenimiento-electromecanico-tecnico-mantenimiento-electromecanico-en-san-jose-5AED75AC462877D461373E686DCF3405,Técnico Mantenimiento Electromecánico. - Técnico Mantenimiento Electromecánico.,posted|wp_id=18579|https://costarica.mimusjobs.com/job/tecnico-mantenimiento-electromecanico-tecnico-mantenimiento-electromecanico-6/,2026-09-27T17:18:40.960785,https://cr.computrabajo.com/empleos-en-san-jose,11
fef89a5954aebd0c,https://cr.computrabajo.com/ofertas-de-trabajo/oferta-de-trabajo-de-mensajero-en-san-jose-13E354520E2497F361373E686DCF3405,Mensajero,posted|wp_id=5084|https://costarica.mimusjobs.com/job/mensajero/,2026-09-27T17:18:43.304012,https://cr.computrabajo.com/empleos-en-san-jose,11
58ca9bc29c196339,https://cr.computrabajo.com/ofertas-de-trabajo/oferta-de-trabajo-de-supervisor-de-zona-en-san-jose-2F25F25BB7B1D5D261373E686DCF3405,Supervisor de zona,posted|wp_id=11407|https://costarica.mimusjobs.com/job/supervisor-de-zona/,2026-09-27T17:18:45.954496,https://cr.computrabajo.com/empleos-en-san-jose,11
8c75e595866cd9ff,https://cr.computrabajo.com/ofertas-de-trabajo/oferta-de-trabajo-de-agente-de-servicio-al-cliente-agente-de-servicio-al-cliente-en-goicoechea-E2B10BF25E9AA76161373E686DCF3405,Agente de Servicio al Cliente - Agente de Servicio al Cliente,posted|wp_id=11387|https://costarica.mimusjobs.com/job/agente-de-servicio-al-cliente-agente-de-servicio-al-cliente/,2026-09-27T17:18:49.352042,https://cr.computrabajo.com/empleos-en-san-jose,11
e3b77d67a467ced6,https://cr.computrabajo.com/ofertas-de-trabajo/oferta-de-trabajo-de-team-leader-supervisora-ventas-masivo-diferentes-zonas-del-pais-en-san-jose-A48F5CFE3A5BFEE861373E686DCF3405,Team Leader / Supervisor(a) Ventas masivo - Diferentes zonas del pais,posted|wp_id=18581|https://costarica.mimusjobs.com/job/team-leader-supervisora-ventas-masivo-diferentes-zonas-del-pais-6/,2026-09-27T17:18:52.545467,https://cr.computrabajo.com/empleos-en-san-jose,11
33f1531f5043d6a5,https://cr.computrabajo.com/ofertas-de-trabajo/oferta-de-trabajo-de-ejecutivoa-de-eventos-san-jose-por-plaza-de-la-cultura-en-san-jose-483E7C79ABFAA97F61373E686DCF3405,"Ejecutivo(a) de eventos - San José, por Plaza de la cultura",posted|wp_id=18582|https://costarica.mimusjobs.com/job/ejecutivoa-de-eventos-san-jose-por-plaza-de-la-cultura-6/,2026-09-27T17:18:56.066356,https://cr.computrabajo.com/empleos-en-san-jose,11
322d493140bfeef1,https://cr.computrabajo.com/ofertas-de-trabajo/oferta-de-trabajo-de-monitor-de-calidad-perez-zeledon-en-perez-zeledon-430C3658D7CBFD9D61373E686DCF3405,Monitor de calidad - Pérez Zeledón,posted|wp_id=18586|https://costarica.mimusjobs.com/job/monitor-de-calidad-perez-zeledon-6/,2026-09-27T17:19:02.632519,https://cr.computrabajo.com/empleos-en-san-jose,11
e8b0498a5077c044,https://cr.computrabajo.com/ofertas-de-trabajo/oferta-de-trabajo-de-prevendedor-tarrazu-dota-y-leon-cortes-jorco-aserri-en-aserri-BAFCC2BA5D34715961373E686DCF3405,"Prevendedor - Tarrazú, Dota y León Cortés, Jorcó, Aserrí",posted|wp_id=18588|https://costarica.mimusjobs.com/job/prevendedor-tarrazu-dota-y-leon-cortes-jorco-aserri-6/,2026-09-27T17:19:06.874648,https://cr.computrabajo.com/empleos-en-san-jose,11
2e9b684aa3aa0124,https://cr.computrabajo.com/ofertas-de-trabajo/oferta-de-trabajo-de-tecnico-it-de-mesa-de-servicios-en-goicoechea-C8A0906660C8AACF61373E686DCF3405,Técnico IT de Mesa de Servicios,posted|wp_id=18590|https://costarica.mimusjobs.com/job/tecnico-it-de-mesa-de-servicios-6/,2026-09-27T17:19:11.928573,https://cr.computrabajo.com/empleos-en-san-jose,11
55c61945f1417f57,https://cr.computrabajo.com/ofertas-de-trabajo/oferta-de-trabajo-de-encargado-de-proveeria-industria-alimentos-en-san-jose-32FF9372DE54CC7A61373E686DCF3405,Encargado de Proveería - Industria Alimentos,posted|wp_id=18591|https://costarica.mimusjobs.com/job/encargado-de-proveeria-industria-alimentos-6/,2026-09-27T17:19:16.036303,https://cr.computrabajo.com/empleos-en-san-jose,11
e5657587eef4cdf1,https://cr.computrabajo.com/ofertas-de-trabajo/oferta-de-trabajo-de-ingeniero-electromecanico-ingeniero-de-proyectos-en-montes-de-oca-5D9E0383495AE7E661373E686DCF3405,Ingeniero electromecánico - Ingeniero de Proyectos,posted|wp_id=18593|https://costarica.mimusjobs.com/job/ingeniero-electromecanico-ingeniero-de-proyectos-6/,2026-09-27T17:19:20.612440,https://cr.computrabajo.com/empleos-en-san-jose,11
094f4a3ecfb79056,https://cr.computrabajo.com/ofertas-de-trabajo/oferta-de-trabajo-de-analista-comercial-y-operaciones-en-san-jose-CC741A5CBE3DB61861373E686DCF3405,Analista Comercial y Operaciones,posted|wp_id=11417|https://costarica.mimusjobs.com/job/analista-comercial-y-operaciones/,2026-09-27T17:19:23.125948,https://cr.computrabajo.com/empleos-en-san-jose,12
8f35561a133b76f0,https://cr.computrabajo.com/ofertas-de-trabajo/oferta-de-trabajo-de-ejecutivo-de-ventas-de-tecnologia-para-retail-eqiupos-y-software-para-puntos-de-ventas-en-san-jose-ACC54830401376A861373E686DCF3405,"Ejecutivo de ventas de tecnologia para retail, eqiupos y software para puntos de ventas",posted|wp_id=18595|https://costarica.mimusjobs.com/job/ejecutivo-de-ventas-de-tecnologia-para-retail-eqiupos-y-software-para-puntos-de-ventas-6/,2026-09-27T17:19:27.050177,https://cr.computrabajo.com/empleos-en-san-jose,12
76ae6c8cd44f6bd9,https://cr.computrabajo.com/ofertas-de-trabajo/oferta-de-trabajo-de-asistente-contable-y-caja-en-san-jose-8EAF010EF56F4D2561373E686DCF3405,Asistente - contable y caja,posted|wp_id=11421|https://costarica.mimusjobs.com/job/asistente-contable-y-caja/,2026-09-27T17:19:29.366699,https://cr.computrabajo.com/empleos-en-san-jose,12
2b585f2686a42602,https://cr.computrabajo.com/ofertas-de-trabajo/oferta-de-trabajo-de-inspector-calidad-con-experiencia-en-desamparados-0EC098D85578C0DE61373E686DCF3405,Inspector calidad - Con experiencia,posted|wp_id=11423|https://costarica.mimusjobs.com/job/inspector-calidad-con-experiencia/,2026-09-27T17:19:31.809537,https://cr.computrabajo.com/empleos-en-san-jose,12
3d213a881cfb381d,https://cr.computrabajo.com/ofertas-de-trabajo/oferta-de-trabajo-de-asesor-de-admisiones-ventas-en-san-jose-078CFE05C37D2E0161373E686DCF3405,Asesor de admisiones - Ventas,posted|wp_id=11435|https://costarica.mimusjobs.com/job/asesor-de-admisiones-ventas/,2026-09-27T17:19:34.084859,https://cr.computrabajo.com/empleos-en-san-jose,12
61f68652651e63e4,https://cr.computrabajo.com/ofertas-de-trabajo/oferta-de-trabajo-de-gerente-de-apoyo-ventas-san-jose-en-santa-ana-6E4DC0541404513261373E686DCF3405,Gerente de Apoyo Ventas - San José,posted|wp_id=18596|https://costarica.mimusjobs.com/job/gerente-de-apoyo-ventas-san-jose-6/,2026-09-27T17:19:38.367773,https://cr.computrabajo.com/empleos-en-san-jose,12
e0d90a293603bf18,https://cr.computrabajo.com/ofertas-de-trabajo/oferta-de-trabajo-de-asesor-de-ventas-online-sector-automotriz-en-san-jose-A5A56340F6C82C0861373E686DCF3405,Asesor de ventas Online - Sector Automotriz,posted|wp_id=11429|https://costarica.mimusjobs.com/job/asesor-de-ventas-online-sector-automotriz/,2026-09-27T17:19:40.830122,https://cr.computrabajo.com/empleos-en-san-jose,12
465821eb5b382131,https://cr.computrabajo.com/ofertas-de-trabajo/oferta-de-trabajo-de-tecnicoa-para-soporte-y-capacitacion-de-usuarios-en-curridabat-37D76D59E1E7C8BC61373E686DCF3405,Técnico(a) para Soporte y Capacitación de Usuarios,posted|wp_id=18600|https://costarica.mimusjobs.com/job/tecnicoa-para-soporte-y-capacitacion-de-usuarios-6/,2026-09-27T17:19:46.167705,https://cr.computrabajo.com/empleos-en-san-jose,12
3901aa7b46105baa,https://cr.computrabajo.com/ofertas-de-trabajo/oferta-de-trabajo-de-supervisor-de-ventas-de-campo-gam-en-san-jose-F00445A372E5472461373E686DCF3405,Supervisor de Ventas de Campo GAM,posted|wp_id=11443|https://costarica.mimusjobs.com/job/supervisor-de-ventas-de-campo-gam/,2026-09-27T17:19:48.358488,https://cr.computrabajo.com/empleos-en-san-jose,12
67a5b1a85ab53f64,https://cr.computrabajo.com/ofertas-de-trabajo/oferta-de-trabajo-de-electromecanico-industrial-san-francisco-san-jose-en-san-jose-D2F675CBB6F2545061373E686DCF3405,"Electromecánico Industrial - San Francisco, San José",posted|wp_id=18602|https://costarica.mimusjobs.com/job/electromecanico-industrial-san-francisco-san-jose-6/,2026-09-27T17:19:52.556410,https://cr.computrabajo.com/empleos-en-san-jose,12
8d334105ca646062,https://cr.computrabajo.com/ofertas-de-trabajo/oferta-de-trabajo-de-analista-de-inteligencia-de-negocios-en-escazu-329D51E27062118761373E686DCF3405,Analista de Inteligencia de Negocios,posted|wp_id=11451|https://costarica.mimusjobs.com/job/analista-de-inteligencia-de-negocios/,2026-09-27T17:19:55.409332,https://cr.computrabajo.com/empleos-en-san-jose,12
b371de430519d4b0,https://cr.computrabajo.com/ofertas-de-trabajo/oferta-de-trabajo-de-operario-de-manufactura-en-goicoechea-31B22ECBFE5D354161373E686DCF3405,Operario de manufactura,posted|wp_id=11453|https://costarica.mimusjobs.com/job/operario-de-manufactura/,2026-09-27T17:19:57.731865,https://cr.computrabajo.com/empleos-en-san-jose,12
c8c99f1473602c05,https://cr.computrabajo.com/ofertas-de-trabajo/oferta-de-trabajo-de-jefe-de-mantenimento-mecanico-en-san-jose-7F52FD4664C60EB261373E686DCF3405,Jefe de Mantenimento (Mecánico),posted|wp_id=18603|https://costarica.mimusjobs.com/job/jefe-de-mantenimento-mecanico-6/,2026-09-27T17:20:01.825413,https://cr.computrabajo.com/empleos-en-san-jose,12
0e43efd688742e04,https://cr.computrabajo.com/ofertas-de-trabajo/oferta-de-trabajo-de-ejecutivo-de-ventas-digitales-en-san-jose-001A7A668A48E10861373E686DCF3405,ejecutivo de ventas digitales,posted|wp_id=11457|https://costarica.mimusjobs.com/job/ejecutivo-de-ventas-digitales/,2026-09-27T17:20:04.804904,https://cr.computrabajo.com/empleos-en-san-jose,12
ea91a3387856bee6,https://cr.computrabajo.com/ofertas-de-trabajo/oferta-de-trabajo-de-vendedor-de-autos-comerciales-uruca-en-san-jose-929F8483D0A2F6C361373E686DCF3405,Vendedor de Autos Comerciales - Uruca,posted|wp_id=11458|https://costarica.mimusjobs.com/job/vendedor-de-autos-comerciales-uruca/,2026-09-27T17:20:07.147596,https://cr.computrabajo.com/empleos-en-san-jose,12
502b681d6e66522d,https://cr.computrabajo.com/ofertas-de-trabajo/oferta-de-trabajo-de-operador-de-realidad-virtual-vr-beyond-realms-en-perez-zeledon-F5EC81F8E7E594CA61373E686DCF3405,Operador de Realidad Virtual (VR) – Beyond Realms,posted|wp_id=11460|https://costarica.mimusjobs.com/job/operador-de-realidad-virtual-vr-beyond-realms/,2026-09-27T17:20:09.610663,https://cr.computrabajo.com/empleos-en-san-jose,12
07c628bacb6f9c7b,https://cr.computrabajo.com/ofertas-de-trabajo/oferta-de-trabajo-de-asesor-de-televentas-para-calle-blancos-sector-automotriz-en-goicoechea-ED5993F0C3BAAD6A61373E686DCF3405,Asesor de Televentas para Calle Blancos - Sector Automotriz,posted|wp_id=11462|https://costarica.mimusjobs.com/job/asesor-de-televentas-para-calle-blancos-sector-automotriz/,2026-09-27T17:20:12.222331,https://cr.computrabajo.com/empleos-en-san-jose,12
29e222ce97d499d9,https://cr.computrabajo.com/ofertas-de-trabajo/oferta-de-trabajo-de-auxiliar-de-importaciones-en-escazu-79865E26DFD209EC61373E686DCF3405,Auxiliar de importaciones,posted|wp_id=11464|https://costarica.mimusjobs.com/job/auxiliar-de-importaciones/,2026-09-27T17:20:14.616725,https://cr.computrabajo.com/empleos-en-san-jose,12
2a872d32051bbb4c,https://cr.computrabajo.com/ofertas-de-trabajo/oferta-de-trabajo-de-supervisora-ventas-call-center-en-san-jose-C35806A7241DFC6E61373E686DCF3405,Supervisor(a) Ventas - Call Center,posted|wp_id=18604|https://costarica.mimusjobs.com/job/supervisora-ventas-call-center-6/,2026-09-27T17:20:18.247258,https://cr.computrabajo.com/empleos-en-san-jose,12
3bc64f5aeaee0033,https://cr.computrabajo.com/ofertas-de-trabajo/oferta-de-trabajo-de-colaborador-operativo-terrazas-lindora-en-santa-ana-10B18BE0D3DEC24561373E686DCF3405,Colaborador Operativo - Terrazas Lindora,posted|wp_id=11467|https://costarica.mimusjobs.com/job/colaborador-operativo-terrazas-lindora/,2026-09-27T17:20:21.692114,https://cr.computrabajo.com/empleos-en-san-jose,12
0328570665b5b28d,https://cr.computrabajo.com/ofertas-de-trabajo/oferta-de-trabajo-de-asistente-administrativo-en-curridabat-D81BF688514990C061373E686DCF3405,Asistente Administrativo,posted|wp_id=6500|https://costarica.mimusjobs.com/job/asistente-administrativo/,2026-09-27T17:20:24.946665,https://cr.computrabajo.com/empleos-en-san-jose,13
bbda705d113245b3,https://cr.computrabajo.com/ofertas-de-trabajo/oferta-de-trabajo-de-operador-de-ecommerces-pedidos-en-linea-walmart-desamparados-en-desamparados-BF6BDA8DA4CB3F7761373E686DCF3405,Operador de Ecommerces Pedidos en Linea - Walmart Desamparados,posted|wp_id=11470|https://costarica.mimusjobs.com/job/operador-de-ecommerces-pedidos-en-linea-walmart-desamparados/,2026-09-27T17:20:27.181979,https://cr.computrabajo.com/empleos-en-san-jose,13
90e710ea7abf5818,https://cr.computrabajo.com/ofertas-de-trabajo/oferta-de-trabajo-de-asistente-de-gerencia-para-restaurantes-con-experiencia-en-santa-ana-251C7D02501EBF0861373E686DCF3405,Asistente de gerencia para restaurantes - Con experiencia,posted|wp_id=11359|https://costarica.mimusjobs.com/job/asistente-de-gerencia-para-restaurantes-con-experiencia/,2026-09-27T17:20:31.921893,https://cr.computrabajo.com/empleos-en-san-jose,13
cf9ba10ab02a018e,https://cr.computrabajo.com/ofertas-de-trabajo/oferta-de-trabajo-de-tecnico-de-protesis-dentales-con-experiencia-en-san-jose-4BBA3F14E6A8E3AB61373E686DCF3405,Técnico de prótesis dentales - con experiencia,posted|wp_id=18609|https://costarica.mimusjobs.com/job/tecnico-de-protesis-dentales-con-experiencia-6/,2026-09-27T17:20:36.435580,https://cr.computrabajo.com/empleos-en-san-jose,13
b1ed3abc301ae286,https://cr.computrabajo.com/ofertas-de-trabajo/oferta-de-trabajo-de-ejecutivo-comercial-en-san-jose-27F1C22B5FAFCF7661373E686DCF3405,Ejecutivo comercial,posted|wp_id=6204|https://costarica.mimusjobs.com/job/ejecutivo-comercial/,2026-09-27T17:20:38.691143,https://cr.computrabajo.com/empleos-en-san-jose,13
1a1435f12fb502d7,https://cr.computrabajo.com/ofertas-de-trabajo/oferta-de-trabajo-de-gestor-de-cobro-en-san-jose-D0C76A90888D6B1461373E686DCF3405,Gestor de cobro,posted|wp_id=11476|https://costarica.mimusjobs.com/job/gestor-de-cobro/,2026-09-27T17:20:41.745438,https://cr.computrabajo.com/empleos-en-san-jose,13
c66a4b81ec97bb9a,https://cr.computrabajo.com/ofertas-de-trabajo/oferta-de-trabajo-de-business-development-managers-for-latin-america-en-santa-ana-CFC40C809B1AB23A61373E686DCF3405,Business Development Managers for Latin America,posted|wp_id=11480|https://costarica.mimusjobs.com/job/business-development-managers-for-latin-america/,2026-09-27T17:20:45.918506,https://cr.computrabajo.com/empleos-en-san-jose,13
73d3fd4adfeaf3b8,https://cr.computrabajo.com/ofertas-de-trabajo/oferta-de-trabajo-de-agente-de-televenta-en-san-jose-2B69E6A44111249761373E686DCF3405,Agente de Televenta,posted|wp_id=11481|https://costarica.mimusjobs.com/job/agente-de-televenta/,2026-09-27T17:20:48.629214,https://cr.computrabajo.com/empleos-en-san-jose,13
3e487435372402e0,https://cr.computrabajo.com/ofertas-de-trabajo/oferta-de-trabajo-de-vendedora-administrativoa-guadalupe-en-goicoechea-2AED2B52C78DE47861373E686DCF3405,Vendedor(a) administrativo(a) - guadalupe,posted|wp_id=18610|https://costarica.mimusjobs.com/job/vendedora-administrativoa-guadalupe-6/,2026-09-27T17:20:52.189988,https://cr.computrabajo.com/empleos-en-san-jose,13
9ab250382d182b39,https://cr.computrabajo.com/ofertas-de-trabajo/oferta-de-trabajo-de-ejecutiva-de-reservas-san-jose-por-plaza-de-la-cultura-en-san-jose-64750382A7AEED7161373E686DCF3405,"Ejecutiva de reservas - San José, por Plaza de la cultura",posted|wp_id=18611|https://costarica.mimusjobs.com/job/ejecutiva-de-reservas-san-jose-por-plaza-de-la-cultura-6/,2026-09-27T17:20:56.028818,https://cr.computrabajo.com/empleos-en-san-jose,13
69bd8bcb9ba6ab62,https://cr.computrabajo.com/ofertas-de-trabajo/oferta-de-trabajo-de-auxiliares-de-tienda-temporal-lincoln-plaza-en-moravia-A0E2D0FEC1DFC64D61373E686DCF3405,Auxiliares de tienda Temporal (Lincoln Plaza),posted|wp_id=11485|https://costarica.mimusjobs.com/job/auxiliares-de-tienda-temporal-lincoln-plaza/,2026-09-27T17:20:58.857356,https://cr.computrabajo.com/empleos-en-san-jose,13
9e350966671f6ec5,https://cr.computrabajo.com/ofertas-de-trabajo/oferta-de-trabajo-de-contador-senior-con-experiencia-en-goicoechea-7E915B54B29F754261373E686DCF3405,Contador Senior - con experiencia,posted|wp_id=11486|https://costarica.mimusjobs.com/job/contador-senior-con-experiencia/,2026-09-27T17:21:01.595661,https://cr.computrabajo.com/empleos-en-san-jose,13
191d5c1c3b692dd9,https://cr.computrabajo.com/ofertas-de-trabajo/oferta-de-trabajo-de-tecnico-electromecanico-sistemas-electronicos-y-seguridad-en-san-jose-79E992797315C4BB61373E686DCF3405,Técnico Electromecánico – Sistemas Electrónicos y Seguridad,posted|wp_id=18613|https://costarica.mimusjobs.com/job/tecnico-electromecanico-sistemas-electronicos-y-seguridad-6/,2026-09-27T17:21:06.389346,https://cr.computrabajo.com/empleos-en-san-jose,13
e88ce68a1498ab50,https://cr.computrabajo.com/ofertas-de-trabajo/oferta-de-trabajo-de-auxiliar-de-cocina-y-servicio-para-restaurantes-dia-del-padre-en-san-jose-E44BEF1E105AB51161373E686DCF3405,Auxiliar de Cocina y Servicio para Restaurantes - Día del Padre,posted|wp_id=18615|https://costarica.mimusjobs.com/job/auxiliar-de-cocina-y-servicio-para-restaurantes-dia-del-padre-6/,2026-09-27T17:21:10.206153,https://cr.computrabajo.com/empleos-en-san-jose,13
9474714c550106dc,https://cr.computrabajo.com/ofertas-de-trabajo/oferta-de-trabajo-de-valet-parking-curridabat-en-curridabat-9DE20CED22BB7CB661373E686DCF3405,Valet Parking Curridabat,posted|wp_id=11491|https://costarica.mimusjobs.com/job/valet-parking-curridabat/,2026-09-27T17:21:12.890220,https://cr.computrabajo.com/empleos-en-san-jose,13
d4dbae7733d628f8,https://cr.computrabajo.com/ofertas-de-trabajo/oferta-de-trabajo-de-bartender-avenida-escazu-en-escazu-CBE86C6D72E299CB61373E686DCF3405,Bartender Avenida Escazú,posted|wp_id=18617|https://costarica.mimusjobs.com/job/bartender-avenida-escazu-6/,2026-09-27T17:21:17.343052,https://cr.computrabajo.com/empleos-en-san-jose,13
73a5b037e9fa3ab2,https://cr.computrabajo.com/ofertas-de-trabajo/oferta-de-trabajo-de-auxiliar-de-tienda-mxm-desamparados-en-san-jose-718C737ECB97293761373E686DCF3405,Auxiliar de tienda MXM Desamparados,posted|wp_id=11495|https://costarica.mimusjobs.com/job/auxiliar-de-tienda-mxm-desamparados/,2026-09-27T17:21:19.562359,https://cr.computrabajo.com/empleos-en-san-jose,13
91ed5d47f8ddfb48,https://cr.computrabajo.com/ofertas-de-trabajo/oferta-de-trabajo-de-tecnico-electromecanico-con-vehiculo-carro-y-licencia-b1-zona-gam-trabajo-en-campo-en-san-jose-B1F80A8767BB88A161373E686DCF3405,Técnico Electromecánico Con Vehículo Carro y Licencia B1 Zona GAM Trabajo en Campo,posted|wp_id=18619|https://costarica.mimusjobs.com/job/tecnico-electromecanico-con-vehiculo-carro-y-licencia-b1-zona-gam-trabajo-en-campo-6/,2026-09-27T17:21:24.249359,https://cr.computrabajo.com/empleos-en-san-jose,13
56720223fe2fe679,https://cr.computrabajo.com/ofertas-de-trabajo/oferta-de-trabajo-de-ayudante-de-cocina-temporal-temporada-navidena-en-san-jose-029FFA49D2326F4961373E686DCF3405,Ayudante de Cocina Temporal - Temporada Navideña,posted|wp_id=18621|https://costarica.mimusjobs.com/job/ayudante-de-cocina-temporal-temporada-navidena-6/,2026-09-27T17:21:29.319685,https://cr.computrabajo.com/empleos-en-san-jose,13
49b1e4bc8fd08bd8,https://cr.computrabajo.com/ofertas-de-trabajo/oferta-de-trabajo-de-cocinero-de-preparacion-alimentos-terrazas-lindora-en-santa-ana-EF2A2832FB284BE661373E686DCF3405,"Cocinero de Preparación Alimentos - Terrazas, Lindora.",posted|wp_id=18623|https://costarica.mimusjobs.com/job/cocinero-de-preparacion-alimentos-terrazas-lindora-6/,2026-09-27T17:21:33.335283,https://cr.computrabajo.com/empleos-en-san-jose,13
743bcaf5689b7672,https://cr.computrabajo.com/ofertas-de-trabajo/oferta-de-trabajo-de-promotor-de-punto-de-venta-perez-zeledon-temporal-experiencia-en-ferreteria-en-perez-zeledon-9783B30D4ADF9C7B61373E686DCF3405,"Promotor de Punto de Venta, Pérez Zeledón. Temporal. - Experiencia en Ferretería",posted|wp_id=18624|https://costarica.mimusjobs.com/job/promotor-de-punto-de-venta-perez-zeledon-temporal-experiencia-en-ferreteria-6/,2026-09-27T17:21:37.048443,https://cr.computrabajo.com/empleos-en-san-jose,14
ab82b3836b4e5a17,https://cr.computrabajo.com/ofertas-de-trabajo/oferta-de-trabajo-de-gerente-de-mantenimiento-en-curridabat-F573B7521BFCBD4861373E686DCF3405,Gerente de mantenimiento,posted|wp_id=11503|https://costarica.mimusjobs.com/job/gerente-de-mantenimiento/,2026-09-27T17:21:39.452131,https://cr.computrabajo.com/empleos-en-san-jose,14
949c80910bea49e8,https://cr.computrabajo.com/ofertas-de-trabajo/oferta-de-trabajo-de-arquitecto-administrador-san-jose-en-san-jose-DA0624DE1E95C02061373E686DCF3405,Arquitecto administrador - San jose,posted|wp_id=11504|https://costarica.mimusjobs.com/job/arquitecto-administrador-san-jose/,2026-09-27T17:21:42.397657,https://cr.computrabajo.com/empleos-en-san-jose,14
4231e68472be2af1,https://cr.computrabajo.com/ofertas-de-trabajo/oferta-de-trabajo-de-asistente-de-repuestos-bodega-escazu-en-escazu-E363BD2F7A0931FB61373E686DCF3405,Asistente de Repuestos Bodega Escazú,posted|wp_id=18626|https://costarica.mimusjobs.com/job/asistente-de-repuestos-bodega-escazu-6/,2026-09-27T17:21:46.093497,https://cr.computrabajo.com/empleos-en-san-jose,14
ee21c9b22cbe5965,https://cr.computrabajo.com/ofertas-de-trabajo/oferta-de-trabajo-de-ayudante-de-salon-busser-lincoln-plaza-en-moravia-3AF0776C60A2D18C61373E686DCF3405,"Ayudante de Salón, Busser Lincoln Plaza",posted|wp_id=18628|https://costarica.mimusjobs.com/job/ayudante-de-salon-busser-lincoln-plaza-6/,2026-09-27T17:21:50.088080,https://cr.computrabajo.com/empleos-en-san-jose,14
bc5b49295181b260,https://cr.computrabajo.com/ofertas-de-trabajo/oferta-de-trabajo-de-tecnico-ti-en-curridabat-7EFCA23DA44F2A6161373E686DCF3405,Técnico TI,posted|wp_id=18629|https://costarica.mimusjobs.com/job/tecnico-ti-6/,2026-09-27T17:21:53.109842,https://cr.computrabajo.com/empleos-en-san-jose,14
c8a6f0385b0dbf6d,https://cr.computrabajo.com/ofertas-de-trabajo/oferta-de-trabajo-de-ingeniero-civil-en-curridabat-814CFF186262656261373E686DCF3405,Ingeniero civil,posted|wp_id=9314|https://costarica.mimusjobs.com/job/ingeniero-civil/,2026-09-27T17:21:56.794525,https://cr.computrabajo.com/empleos-en-san-jose,14
8d0c77c6ad8d2303,https://cr.computrabajo.com/ofertas-de-trabajo/oferta-de-trabajo-de-asistente-de-bodega-y-repuestos-bodega-escazu-en-escazu-50856E09DF35CDCB61373E686DCF3405,Asistente de Bodega y Repuestos Bodega Escazú,posted|wp_id=18631|https://costarica.mimusjobs.com/job/asistente-de-bodega-y-repuestos-bodega-escazu-6/,2026-09-27T17:22:01.130991,https://cr.computrabajo.com/empleos-en-san-jose,14
3fd380b172c35d9a,https://cr.computrabajo.com/ofertas-de-trabajo/oferta-de-trabajo-de-colaborador-operativo-desamparados-en-desamparados-0C6CAF77F934EF9461373E686DCF3405,Colaborador Operativo - Desamparados,posted|wp_id=11510|https://costarica.mimusjobs.com/job/colaborador-operativo-desamparados/,2026-09-27T17:22:04.075467,https://cr.computrabajo.com/empleos-en-san-jose,14
d438ab008a5727d1,https://cr.computrabajo.com/ofertas-de-trabajo/oferta-de-trabajo-de-vendedor-part-time-terrazas-lindora-terrazas-lindora-en-santa-ana-56276A4E604F9FB861373E686DCF3405,Vendedor Part Time Terrazas Lindora - Terrazas Lindora,posted|wp_id=11514|https://costarica.mimusjobs.com/job/vendedor-part-time-terrazas-lindora-terrazas-lindora/,2026-09-27T17:22:06.966857,https://cr.computrabajo.com/empleos-en-san-jose,14
a291c73eaa2ff139,https://cr.computrabajo.com/ofertas-de-trabajo/oferta-de-trabajo-de-oficial-de-seguridad-temporal-en-curridabat-92DBE63BB067927F61373E686DCF3405,Oficial de seguridad - Temporal,posted|wp_id=11515|https://costarica.mimusjobs.com/job/oficial-de-seguridad-temporal/,2026-09-27T17:22:09.572173,https://cr.computrabajo.com/empleos-en-san-jose,14
3b7e87f56cf65137,https://cr.computrabajo.com/ofertas-de-trabajo/oferta-de-trabajo-de-masajista-profesional-posoperatorios-disponibilidad-y-etica-en-montes-de-oca-B65E42DCB03D1E3A61373E686DCF3405,Terapeuta masajista - Disponibilidad y ética,posted|wp_id=18632|https://costarica.mimusjobs.com/job/terapeuta-masajista-disponibilidad-y-etica-6/,2026-09-27T17:22:12.902097,https://cr.computrabajo.com/empleos-en-san-jose,14
0cdf810491022119,https://cr.computrabajo.com/ofertas-de-trabajo/oferta-de-trabajo-de-colaborador-regular--zona-pavas-san-jose-en-san-jose-45DA4B7FB1E456A361373E686DCF3405,Colaborador Regular Zona Pavas San José,posted|wp_id=18633|https://costarica.mimusjobs.com/job/colaborador-regular-zona-pavas-san-jose-6/,2026-09-27T17:22:16.589732,https://cr.computrabajo.com/empleos-en-san-jose,14
6553a86b032c4d75,https://cr.computrabajo.com/ofertas-de-trabajo/oferta-de-trabajo-de-asistente-de-autoventa-vacacionista-en-curridabat-29848BD4B779305761373E686DCF3405,Asistente de autoventa - Vacacionista,posted|wp_id=11519|https://costarica.mimusjobs.com/job/asistente-de-autoventa-vacacionista/,2026-09-27T17:22:19.396401,https://cr.computrabajo.com/empleos-en-san-jose,14
a23600a81d6d881d,https://cr.computrabajo.com/ofertas-de-trabajo/oferta-de-trabajo-de-especialista-en-reclutamiento-y-seleccion-de-personal-5-anos-de-experiencia-en-el-area-en-montes-de-oca-E2949036D45127CA61373E686DCF3405,Especialista en reclutamiento y selección de personal - 5 años de experiencia en el area,posted|wp_id=18635|https://costarica.mimusjobs.com/job/especialista-en-reclutamiento-y-seleccion-de-personal-5-anos-de-experiencia-en-el-area-6/,2026-09-27T17:22:23.502016,https://cr.computrabajo.com/empleos-en-san-jose,14
d942273ec3789aae,https://cr.computrabajo.com/ofertas-de-trabajo/oferta-de-trabajo-de-auxiliar-de-conciliaciones-y-control-de-ingresos-de-caja-curridabat-en-curridabat-B56A63B7F655E7E261373E686DCF3405,Auxiliar de Conciliaciones y Control de Ingresos de Caja - Curridabat,posted|wp_id=11520|https://costarica.mimusjobs.com/job/auxiliar-de-conciliaciones-y-control-de-ingresos-de-caja-curridabat/,2026-09-27T17:22:25.897334,https://cr.computrabajo.com/empleos-en-san-jose,14
ea1132c2af760920,https://cr.computrabajo.com/ofertas-de-trabajo/oferta-de-trabajo-de-administrador-de-condominios-puntarenas-en-santa-ana-52337AAFE5F142E961373E686DCF3405,Administrador de Condominios - Puntarenas,posted|wp_id=11521|https://costarica.mimusjobs.com/job/administrador-de-condominios-puntarenas/,2026-09-27T17:22:28.270983,https://cr.computrabajo.com/empleos-en-san-jose,14
89fd59315f6df366,https://cr.computrabajo.com/ofertas-de-trabajo/oferta-de-trabajo-de-lavadora-vehiculos-en-santa-ana-7F33D9C80A712BFA61373E686DCF3405,Lavador/a - Vehículos,posted|wp_id=18639|https://costarica.mimusjobs.com/job/lavador-a-vehiculos-6/,2026-09-27T17:22:36.820406,https://cr.computrabajo.com/empleos-en-san-jose,14
c0e3bdea83e4f1c5,https://cr.computrabajo.com/ofertas-de-trabajo/oferta-de-trabajo-de-vendedor-de-tiendas-heladerias-3-meses-temporal-mall-san-pedro-en-montes-de-oca-1409119EAFE5BBEC61373E686DCF3405,Vendedor de tiendas Heladerías 3 meses temporal - Mall San Pedro,posted|wp_id=18640|https://costarica.mimusjobs.com/job/vendedor-de-tiendas-heladerias-3-meses-temporal-mall-san-pedro-6/,2026-09-27T17:22:41.714410,https://cr.computrabajo.com/empleos-en-san-jose,14
973eb45f9632af26,https://cr.computrabajo.com/ofertas-de-trabajo/oferta-de-trabajo-de-vendedora-administrativoa-desamparados-en-desamparados-76722FC01BCC56AF61373E686DCF3405,Vendedor(a) administrativo(a) - desamparados,posted|wp_id=18641|https://costarica.mimusjobs.com/job/vendedora-administrativoa-desamparados-6/,2026-09-27T17:22:45.236586,https://cr.computrabajo.com/empleos-en-san-jose,14
04d11b2d074421e3,https://cr.computrabajo.com/ofertas-de-trabajo/oferta-de-trabajo-de-encargado-de-infraestructura-y-ciberseguridad-en-san-jose-CE06634C07322EFC61373E686DCF3405,Encargado de infraestructura y ciberseguridad,posted|wp_id=11533|https://costarica.mimusjobs.com/job/encargado-de-infraestructura-y-ciberseguridad/,2026-09-27T17:22:48.001013,https://cr.computrabajo.com/empleos-en-san-jose,15
b52d0379f57de8b1,https://cr.computrabajo.com/ofertas-de-trabajo/oferta-de-trabajo-de-tecnico-automotriz-curridabat-temporal-en-curridabat-2556C7917F7E6A6761373E686DCF3405,Técnico automotriz Curridabat Temporal,posted|wp_id=18643|https://costarica.mimusjobs.com/job/tecnico-automotriz-curridabat-temporal-6/,2026-09-27T17:22:52.228971,https://cr.computrabajo.com/empleos-en-san-jose,15
be8dcf55880399c7,https://cr.computrabajo.com/ofertas-de-trabajo/oferta-de-trabajo-de-asesora-de-moda-para-boutique-con-experiencia-en-ventas-y-moda-en-curridabat-7C94CCFE49A0864761373E686DCF3405,Asesora de Moda para Boutique - Con experiencia en ventas y moda,posted|wp_id=11539|https://costarica.mimusjobs.com/job/asesora-de-moda-para-boutique-con-experiencia-en-ventas-y-moda/,2026-09-27T17:22:54.978547,https://cr.computrabajo.com/empleos-en-san-jose,15
4b027caa64571b03,https://cr.computrabajo.com/ofertas-de-trabajo/oferta-de-trabajo-de-secretaria-agendas-medicas-en-montes-de-oca-5489CC53D796BC0D61373E686DCF3405,Secretaria - Agendas Medicas,posted|wp_id=11540|https://costarica.mimusjobs.com/job/secretaria-agendas-medicas/,2026-09-27T17:22:57.495089,https://cr.computrabajo.com/empleos-en-san-jose,15
3d8ab90dbd2283e4,https://cr.computrabajo.com/ofertas-de-trabajo/oferta-de-trabajo-de-ejecutivo-de-cuentas-por-cobrar-mora-alta-pozo-de-santa-ana-en-san-jose-12C3CE91ADE5A4C761373E686DCF3405,Ejecutivo de cuentas por cobrar Mora Alta - Pozo de Santa Ana,posted|wp_id=11542|https://costarica.mimusjobs.com/job/ejecutivo-de-cuentas-por-cobrar-mora-alta-pozo-de-santa-ana/,2026-09-27T17:23:00.507641,https://cr.computrabajo.com/empleos-en-san-jose,15
9ab61c7ab7911f7d,https://cr.computrabajo.com/ofertas-de-trabajo/oferta-de-trabajo-de-asesor-de-ventas-servicio-al-cliente-en-escazu-D82BE3F4EF2FE56161373E686DCF3405,Asesor de Ventas - Servicio al Cliente,posted|wp_id=11549|https://costarica.mimusjobs.com/job/asesor-de-ventas-servicio-al-cliente/,2026-09-27T17:23:03.533391,https://cr.computrabajo.com/empleos-en-san-jose,15
793656fc55ac46c5,https://cr.computrabajo.com/ofertas-de-trabajo/oferta-de-trabajo-de-gestor-comercial-gam-en-san-jose-7E23271845A5114561373E686DCF3405,Gestor Comercial GAM,posted|wp_id=11543|https://costarica.mimusjobs.com/job/gestor-comercial-gam/,2026-09-27T17:23:06.702549,https://cr.computrabajo.com/empleos-en-san-jose,15
ce1affe6f706e2cb,https://cr.computrabajo.com/ofertas-de-trabajo/oferta-de-trabajo-de-barista-servicio-al-cliente-en-san-jose-609B1E66D3CD801C61373E686DCF3405,Barista - Servicio al cliente,posted|wp_id=11555|https://costarica.mimusjobs.com/job/barista-servicio-al-cliente/,2026-09-27T17:23:10.662932,https://cr.computrabajo.com/empleos-en-san-jose,15
4667cb186c7f4b1a,https://cr.computrabajo.com/ofertas-de-trabajo/oferta-de-trabajo-de-oferta-de-servicios-de-chapea-y-mantenimiento-de-via-publica-tecnico-de-vias-tecnico-de-vias-en-escazu-22310D3EC86CE51D61373E686DCF3405,Oferta de Servicios de Chapea y Mantenimiento de VIA Publica Tecnico de Vias - Tecnico de Vias,posted|wp_id=18646|https://costarica.mimusjobs.com/job/oferta-de-servicios-de-chapea-y-mantenimiento-de-via-publica-tecnico-de-vias-tecnico-de-vias-6/,2026-09-27T17:23:13.856183,https://cr.computrabajo.com/empleos-en-san-jose,15
153699aea504c7e4,https://cr.computrabajo.com/ofertas-de-trabajo/oferta-de-trabajo-de-prevendedora-escazu-en-escazu-887EC2F57AD4C61761373E686DCF3405,Prevendedor/a - Escazú,posted|wp_id=18648|https://costarica.mimusjobs.com/job/prevendedor-a-escazu-6/,2026-09-27T17:23:18.849392,https://cr.computrabajo.com/empleos-en-san-jose,15
f7e468566db937cc,https://cr.computrabajo.com/ofertas-de-trabajo/oferta-de-trabajo-de-coordinador-o-supervisor-de-mantenimientoexperiencia-en-facilidades-en-edificios-o-afines-san-jose-santa-ana-en-santa-ana-1511106EFC47582061373E686DCF3405,Coordinador o Supervisor de Mantenimiento/Experiencia en Facilidades en Edificios o afines - San José / Santa Ana,posted|wp_id=18649|https://costarica.mimusjobs.com/job/coordinador-o-supervisor-de-mantenimiento-experiencia-en-facilidades-en-edificios-o-afines-san-jose-santa-ana-6/,2026-09-27T17:23:22.850844,https://cr.computrabajo.com/empleos-en-san-jose,15
1c2bba3de4d5d4cd,https://cr.computrabajo.com/ofertas-de-trabajo/oferta-de-trabajo-de-tecnico-de-soporte-mesa-de-ayuda-en-san-jose-5DD2F55B2B097DEA61373E686DCF3405,Técnico de Soporte / Mesa de Ayuda,posted|wp_id=18651|https://costarica.mimusjobs.com/job/tecnico-de-soporte-mesa-de-ayuda-6/,2026-09-27T17:23:27.939877,https://cr.computrabajo.com/empleos-en-san-jose,15
df7e31802b0e2641,https://cr.computrabajo.com/ofertas-de-trabajo/oferta-de-trabajo-de-chofer-para-camion-de-reparto-chofer-para-camion-de-reparto-en-goicoechea-AC1D88A8E5D4808961373E686DCF3405,Chófer para camión de reparto - Chofer para camión de reparto,posted|wp_id=18652|https://costarica.mimusjobs.com/job/chofer-para-camion-de-reparto-chofer-para-camion-de-reparto-6/,2026-09-27T17:23:31.690712,https://cr.computrabajo.com/empleos-en-san-jose,15
6bad97b3f6b1f050,https://cr.computrabajo.com/ofertas-de-trabajo/oferta-de-trabajo-de-cajero-vendedor-perez-zeledon-en-perez-zeledon-4654069EC811726861373E686DCF3405,Cajero Vendedor - Pérez Zeledón,posted|wp_id=18653|https://costarica.mimusjobs.com/job/cajero-vendedor-perez-zeledon-6/,2026-09-27T17:23:36.080088,https://cr.computrabajo.com/empleos-en-san-jose,15
95c0a050ca8e388e,https://cr.computrabajo.com/ofertas-de-trabajo/oferta-de-trabajo-de-supervisor-de-produccion-en-curridabat-F2AFC9B9E806C1FF61373E686DCF3405,Supervisor de producción,posted|wp_id=18655|https://costarica.mimusjobs.com/job/supervisor-de-produccion-14/,2026-09-27T17:23:40.680171,https://cr.computrabajo.com/empleos-en-san-jose,15
245925a8ec25fa0d,https://cr.computrabajo.com/ofertas-de-trabajo/oferta-de-trabajo-de-tutores-y-asistentes-de-pacientes-gam-y-rural-en-montes-de-oca-08CCE0B6E2A36B2C61373E686DCF3405,Tutores y Asistentes de pacientes - Gam y Rural,posted|wp_id=11570|https://costarica.mimusjobs.com/job/tutores-y-asistentes-de-pacientes-gam-y-rural/,2026-09-27T17:23:43.009261,https://cr.computrabajo.com/empleos-en-san-jose,15
d6c870da905b20df,https://cr.computrabajo.com/ofertas-de-trabajo/oferta-de-trabajo-de-mecanico-automotriz-con-experiencia-en-tibas-9109B64B31C4343661373E686DCF3405,Mecánico automotriz - Con experiencia,posted|wp_id=18656|https://costarica.mimusjobs.com/job/mecanico-automotriz-con-experiencia-6/,2026-09-27T17:23:46.079293,https://cr.computrabajo.com/empleos-en-san-jose,15
ae4157f850d1aab1,https://cr.computrabajo.com/ofertas-de-trabajo/oferta-de-trabajo-de-formalizadora-sector-automotriz-en-curridabat-901C22FD2A974F9461373E686DCF3405,Formalizador/a - Sector Automotriz,posted|wp_id=11572|https://costarica.mimusjobs.com/job/formalizador-a-sector-automotriz/,2026-09-27T17:23:48.401474,https://cr.computrabajo.com/empleos-en-san-jose,15
fad82dffa81429ea,https://cr.computrabajo.com/ofertas-de-trabajo/oferta-de-trabajo-de-mecanico-automotriz-en-san-jose-F4F912D1E895F5A261373E686DCF3405,Mecánico automotriz,posted|wp_id=18660|https://costarica.mimusjobs.com/job/mecanico-automotriz-18/,2026-09-27T17:23:54.387123,https://cr.computrabajo.com/empleos-en-san-jose,15
c895ab5eacace393,https://cr.computrabajo.com/ofertas-de-trabajo/oferta-de-trabajo-de-capacitadora-de-desarrollo-en-campo-gam-en-san-jose-30207A4462B400A461373E686DCF3405,Capacitadora de Desarrollo en Campo - GAM.,posted|wp_id=11571|https://costarica.mimusjobs.com/job/capacitadora-de-desarrollo-en-campo-gam/,2026-09-27T17:23:56.564617,https://cr.computrabajo.com/empleos-en-san-jose,15
e0ae34efe362b4a9,https://cr.computrabajo.com/ofertas-de-trabajo/oferta-de-trabajo-de-auxiliar-contable-contabilidad-en-san-jose-968136C11956ADD161373E686DCF3405,Auxiliar contable - Contabilidad,posted|wp_id=11573|https://costarica.mimusjobs.com/job/auxiliar-contable-contabilidad/,2026-09-27T17:23:59.112126,https://cr.computrabajo.com/empleos-en-san-jose,16
058947b669045c62,https://cr.computrabajo.com/ofertas-de-trabajo/oferta-de-trabajo-de-gerente-de-pais-en-san-jose-6D57B644BC57BD7161373E686DCF3405,Gerente de País,posted|wp_id=18661|https://costarica.mimusjobs.com/job/gerente-de-pais-6/,2026-09-27T17:24:02.343942,https://cr.computrabajo.com/empleos-en-san-jose,16
2a8694b25c94292f,https://cr.computrabajo.com/ofertas-de-trabajo/oferta-de-trabajo-de-auxiliar-de-servicio-san-jose-en-san-jose-8CBF97EC24A25C4B61373E686DCF3405,Auxiliar de Servicio - San Jose,posted|wp_id=11576|https://costarica.mimusjobs.com/job/auxiliar-de-servicio-san-jose/,2026-09-27T17:24:04.737712,https://cr.computrabajo.com/empleos-en-san-jose,16
915b8c2c9dd526a9,https://cr.computrabajo.com/ofertas-de-trabajo/oferta-de-trabajo-de-recepcionista-administrativo-en-san-jose-3DAD24DB394A67F861373E686DCF3405,Recepcionista administrativo,posted|wp_id=11578|https://costarica.mimusjobs.com/job/recepcionista-administrativo/,2026-09-27T17:24:08.135553,https://cr.computrabajo.com/empleos-en-san-jose,16
c30bc9981f9431d0,https://cr.computrabajo.com/ofertas-de-trabajo/oferta-de-trabajo-de-asesor-ventas-call-center-en-san-jose-04F3E653275F76FE61373E686DCF3405,Asesor ventas - Call Center,posted|wp_id=11579|https://costarica.mimusjobs.com/job/asesor-ventas-call-center/,2026-09-27T17:24:10.489450,https://cr.computrabajo.com/empleos-en-san-jose,16
57a37f4761b191c3,https://cr.computrabajo.com/ofertas-de-trabajo/oferta-de-trabajo-de-vendedor-de-tiendas-heladerias-metropolicoronadosan-pedrotres-rios-en-san-jose-2D95854DC545632361373E686DCF3405,"Vendedor de tiendas Heladerias - Metropoli,Coronado,San Pedro,Tres Rios",posted|wp_id=18662|https://costarica.mimusjobs.com/job/vendedor-de-tiendas-heladerias-metropolicoronadosan-pedrotres-rios-6/,2026-09-27T17:24:13.805376,https://cr.computrabajo.com/empleos-en-san-jose,16
7751d36dd4a4c065,https://cr.computrabajo.com/ofertas-de-trabajo/oferta-de-trabajo-de-promotor-de-ventas-de-campo-gam-en-san-jose-163B10D7EF66EF6B61373E686DCF3405,Promotor de Ventas de Campo GAM,posted|wp_id=11582|https://costarica.mimusjobs.com/job/promotor-de-ventas-de-campo-gam/,2026-09-27T17:24:16.635760,https://cr.computrabajo.com/empleos-en-san-jose,16
c7ad297112625035,https://cr.computrabajo.com/ofertas-de-trabajo/oferta-de-trabajo-de-gestor-de-proyectos-presencial-en-perez-zeledon-para-nuestro-cliente-coopealianza-en-perez-zeledon-2CC783A9D522FA7061373E686DCF3405,Gestor de proyectos presencial en Pérez Zeledón - para nuestro cliente Coopealianza,posted|wp_id=18664|https://costarica.mimusjobs.com/job/gestor-de-proyectos-presencial-en-perez-zeledon-para-nuestro-cliente-coopealianza-6/,2026-09-27T17:24:22.961183,https://cr.computrabajo.com/empleos-en-san-jose,16
991b002479c42908,https://cr.computrabajo.com/ofertas-de-trabajo/oferta-de-trabajo-de-soporte-tecnico-y-aplicaciones-en-san-jose-C13E7F9D96B5CF0361373E686DCF3405,Soporte técnico y aplicaciones,posted|wp_id=18666|https://costarica.mimusjobs.com/job/soporte-tecnico-y-aplicaciones-6/,2026-09-27T17:24:27.320542,https://cr.computrabajo.com/empleos-en-san-jose,16
da770b62436caa39,https://cr.computrabajo.com/ofertas-de-trabajo/oferta-de-trabajo-de-operarioa-en-san-jose-6BE5FA0E44D22FF661373E686DCF3405,Operario/a,posted|wp_id=11587|https://costarica.mimusjobs.com/job/operario-a/,2026-09-27T17:24:29.491929,https://cr.computrabajo.com/empleos-en-san-jose,16
7e98654a8234da21,https://cr.computrabajo.com/ofertas-de-trabajo/oferta-de-trabajo-de-mecanico-agricola-industrial-construccion-en-san-jose-DDE499DCAE3B786161373E686DCF3405,Mécanico Agricola / Industrial / Construcción,posted|wp_id=18668|https://costarica.mimusjobs.com/job/mecanico-agricola-industrial-construccion-6/,2026-09-27T17:24:35.892096,https://cr.computrabajo.com/empleos-en-san-jose,16
e865e7fe2d437c75,https://cr.computrabajo.com/ofertas-de-trabajo/oferta-de-trabajo-de-promotor-de-ventas-san-jose-marca-protecto-experiencia-en-ferreteria-conocimiento-en-pintura-en-san-jose-9C33140F7516ADEB61373E686DCF3405,"Promotor de Ventas San José, Marca Protecto - Experiencia en Ferretería, conocimiento en Pintura",posted|wp_id=18669|https://costarica.mimusjobs.com/job/promotor-de-ventas-san-jose-marca-protecto-experiencia-en-ferreteria-conocimiento-en-pintura-6/,2026-09-27T17:24:38.883999,https://cr.computrabajo.com/empleos-en-san-jose,16
4f857a26866c453b,https://cr.computrabajo.com/ofertas-de-trabajo/oferta-de-trabajo-de-cocineroa-santa-ana-en-santa-ana-B742724633673F5261373E686DCF3405,Cocinero/a - Santa Ana,posted|wp_id=11592|https://costarica.mimusjobs.com/job/cocinero-a-santa-ana/,2026-09-27T17:24:41.448798,https://cr.computrabajo.com/empleos-en-san-jose,16
e79a4434fbef275d,https://cr.computrabajo.com/ofertas-de-trabajo/oferta-de-trabajo-de-miscelaneoa-con-experiencia-en-san-jose-48D7F9EC521DFDB161373E686DCF3405,Misceláneo/a - Con experiencia,posted|wp_id=18670|https://costarica.mimusjobs.com/job/miscelaneo-a-con-experiencia-6/,2026-09-27T17:24:44.604560,https://cr.computrabajo.com/empleos-en-san-jose,16
14c800d7606f9a2e,https://cr.computrabajo.com/ofertas-de-trabajo/oferta-de-trabajo-de-vendedor-de-tiendas-heladerias-plaza-bambu-san-jose-en-san-jose-6645ACEAF8C5D52361373E686DCF3405,Vendedor de tiendas Heladerias - Plaza Bambú San Jose,posted|wp_id=18671|https://costarica.mimusjobs.com/job/vendedor-de-tiendas-heladerias-plaza-bambu-san-jose-16/,2026-09-27T17:24:48.344715,https://cr.computrabajo.com/empleos-en-san-jose,16
6d12aa3e37f10077,https://cr.computrabajo.com/ofertas-de-trabajo/oferta-de-trabajo-de-mecanico-de-planta-en-goicoechea-48772D0D566FA27361373E686DCF3405,Mecánico de Planta,posted|wp_id=18672|https://costarica.mimusjobs.com/job/mecanico-de-planta-6/,2026-09-27T17:24:51.593581,https://cr.computrabajo.com/empleos-en-san-jose,16
de5ae396573b2cc5,https://cr.computrabajo.com/ofertas-de-trabajo/oferta-de-trabajo-de-jefe-de-proyecto-junior-call-center-en-san-jose-7AE24D9E3F86C96561373E686DCF3405,Jefe de proyecto (Junior) - Call Center,posted|wp_id=11596|https://costarica.mimusjobs.com/job/jefe-de-proyecto-junior-call-center/,2026-09-27T17:24:53.830315,https://cr.computrabajo.com/empleos-en-san-jose,16
860f86d907aea52f,https://cr.computrabajo.com/ofertas-de-trabajo/oferta-de-trabajo-de-jefe-de-bodega-en-tibas-DA1D9519FE6D333761373E686DCF3405,Jefe de bodega,posted|wp_id=2209|https://costarica.mimusjobs.com/job/jefe-de-bodega/,2026-09-27T17:24:56.075041,https://cr.computrabajo.com/empleos-en-san-jose,16
a0ee10c27bc92d65,https://cr.computrabajo.com/ofertas-de-trabajo/oferta-de-trabajo-de-oficial-de-seguridad-san-jose-en-san-jose-96F0E5342D83286F61373E686DCF3405,Oficial de seguridad - San José,posted|wp_id=18674|https://costarica.mimusjobs.com/job/oficial-de-seguridad-san-jose-6/,2026-09-27T17:25:00.358075,https://cr.computrabajo.com/empleos-en-san-jose,16
2c2ba415be6250a8,https://cr.computrabajo.com/ofertas-de-trabajo/oferta-de-trabajo-de-oficial-de-seguridad-guadalupe-en-goicoechea-6189F4800484258461373E686DCF3405,Oficial de seguridad - Guadalupe,posted|wp_id=11329|https://costarica.mimusjobs.com/job/oficial-de-seguridad-guadalupe/,2026-09-27T17:25:02.709852,https://cr.computrabajo.com/empleos-en-san-jose,16
c3216527906e5efa,https://cr.computrabajo.com/ofertas-de-trabajo/oferta-de-trabajo-de-asesor-de-ventas-plataformas-digitales-presencial-estudios-universitarios-en-san-jose-D3A78E0C43A2CC7B61373E686DCF3405,Asesor de Ventas Plataformas Digitales Presencial Estudios Universitarios,posted|wp_id=11605|https://costarica.mimusjobs.com/job/asesor-de-ventas-plataformas-digitales-presencial-estudios-universitarios/,2026-09-27T17:25:05.696477,https://cr.computrabajo.com/empleos-en-san-jose,17
81c52367030dee92,https://cr.computrabajo.com/ofertas-de-trabajo/oferta-de-trabajo-de-asesor-de-ventas-de-mostrador-en-escazu-BB27D213DA842CE561373E686DCF3405,Asesor de Ventas de Mostrador,posted|wp_id=11606|https://costarica.mimusjobs.com/job/asesor-de-ventas-de-mostrador/,2026-09-27T17:25:07.977557,https://cr.computrabajo.com/empleos-en-san-jose,17
e304abc320fd78be,https://cr.computrabajo.com/ofertas-de-trabajo/oferta-de-trabajo-de-cajero-peaje-cuidad-colon-en-mora-F9BB029440A409A561373E686DCF3405,Cajero Peaje Cuidad Colón,posted|wp_id=18676|https://costarica.mimusjobs.com/job/cajero-peaje-cuidad-colon-6/,2026-09-27T17:25:12.976325,https://cr.computrabajo.com/empleos-en-san-jose,17
c3bb61d8296b3d34,https://cr.computrabajo.com/ofertas-de-trabajo/oferta-de-trabajo-de-cocinero-wok-en-escazu-400C5DB8A48FA25D61373E686DCF3405,Cocinero WOK,posted|wp_id=11138|https://costarica.mimusjobs.com/job/cocinero-wok/,2026-09-27T17:25:15.640117,https://cr.computrabajo.com/empleos-en-san-jose,17
d97b8f2c7bd7717e,https://cr.computrabajo.com/ofertas-de-trabajo/oferta-de-trabajo-de-visual-merchandising-tiendas-deportivas-en-el-gam-en-escazu-EB65A528AF10E22D61373E686DCF3405,Visual Merchandising Tiendas Deportivas en el GAM,posted|wp_id=11614|https://costarica.mimusjobs.com/job/visual-merchandising-tiendas-deportivas-en-el-gam/,2026-09-27T17:25:18.281095,https://cr.computrabajo.com/empleos-en-san-jose,17
0680beebe5b78fa7,https://cr.computrabajo.com/ofertas-de-trabajo/oferta-de-trabajo-de-consultor-de-impuestos-bilingue-en-montes-de-oca-DEF53FE771D662E061373E686DCF3405,Consultor de Impuestos - Bilingüe,posted|wp_id=18678|https://costarica.mimusjobs.com/job/consultor-de-impuestos-bilingue-6/,2026-09-27T17:25:22.029472,https://cr.computrabajo.com/empleos-en-san-jose,17
6708d940f0d095c2,https://cr.computrabajo.com/ofertas-de-trabajo/oferta-de-trabajo-de-operador-tienda-perecederos-pali-tirrases-en-curridabat-DDB52FADC116424C61373E686DCF3405,Operador Tienda Perecederos - Pali Tirrases,posted|wp_id=11618|https://costarica.mimusjobs.com/job/operador-tienda-perecederos-pali-tirrases/,2026-09-27T17:25:24.681984,https://cr.computrabajo.com/empleos-en-san-jose,17
2bc99d2304938514,https://cr.computrabajo.com/ofertas-de-trabajo/oferta-de-trabajo-de-operadora-centro-de-contactos-call-center-ventas-en-goicoechea-CCAD27DCFDEEF37461373E686DCF3405,Operador(a) Centro de Contactos (call center) - Ventas,posted|wp_id=18680|https://costarica.mimusjobs.com/job/operadora-centro-de-contactos-call-center-ventas-12/,2026-09-27T17:25:30.491752,https://cr.computrabajo.com/empleos-en-san-jose,17
f8530f75fbd37226,https://cr.computrabajo.com/ofertas-de-trabajo/oferta-de-trabajo-de-auxiliar-operativo-de-bodega-en-san-jose-pavas-por-dias-en-san-jose-E9A36E7CA615C34D61373E686DCF3405,Auxiliar Operativo de Bodega en San José Pavas - Por días,posted|wp_id=18682|https://costarica.mimusjobs.com/job/auxiliar-operativo-de-bodega-en-san-jose-pavas-por-dias-6/,2026-09-27T17:25:36.029072,https://cr.computrabajo.com/empleos-en-san-jose,17
3676146bca55e14c,https://cr.computrabajo.com/ofertas-de-trabajo/oferta-de-trabajo-de-cajeros-vendedores-tienda-de-ropa-gam-en-escazu-1F17E1C10BF9C00661373E686DCF3405,"Cajeros, vendedores tienda de ropa GAM",posted|wp_id=11153|https://costarica.mimusjobs.com/job/cajeros-vendedores-tienda-de-ropa-gam/,2026-09-27T17:25:39.083074,https://cr.computrabajo.com/empleos-en-san-jose,17
18ff22827e77da59,https://cr.computrabajo.com/ofertas-de-trabajo/oferta-de-trabajo-de-analista-de-datos-curridabat-en-curridabat-8673DE16A6987CE061373E686DCF3405,Analista de datos - Curridabat,posted|wp_id=11621|https://costarica.mimusjobs.com/job/analista-de-datos-curridabat/,2026-09-27T17:25:43.289793,https://cr.computrabajo.com/empleos-en-san-jose,17
c21384f51c6c8657,https://cr.computrabajo.com/ofertas-de-trabajo/oferta-de-trabajo-de-ejecutiva-de-cuenta-facilities-manager-bilingue-en-san-jose-10307A051DF891A461373E686DCF3405,Ejecutiva de Cuenta/ Facilities Manager - Bilingüe,posted|wp_id=18683|https://costarica.mimusjobs.com/job/ejecutiva-de-cuenta-facilities-manager-bilingue-6/,2026-09-27T17:25:47.728679,https://cr.computrabajo.com/empleos-en-san-jose,17
655b59dad62b908d,https://cr.computrabajo.com/ofertas-de-trabajo/oferta-de-trabajo-de-cajeros-vendedores-tienda-de-ropa-centro-comercial-aleste-en-curridabat-AC2FA3A1040EE13361373E686DCF3405,"Cajeros, vendedores tienda de ropa Centro Comercial Aleste",posted|wp_id=11158|https://costarica.mimusjobs.com/job/cajeros-vendedores-tienda-de-ropa-centro-comercial-aleste/,2026-09-27T17:25:51.421734,https://cr.computrabajo.com/empleos-en-san-jose,17
db22aa2a2023bf67,https://cr.computrabajo.com/ofertas-de-trabajo/oferta-de-trabajo-de-supervisor-de-servicios-generales-en-curridabat-254D909D5DE16B6D61373E686DCF3405,Supervisor de Servicios Generales,posted|wp_id=6438|https://costarica.mimusjobs.com/job/supervisor-de-servicios-generales/,2026-09-27T17:25:54.182925,https://cr.computrabajo.com/empleos-en-san-jose,17
1ee081f0d477893d,https://cr.computrabajo.com/ofertas-de-trabajo/oferta-de-trabajo-de-encargado-de-visual-merchandising-tiendas-deportivas-gam-en-curridabat-6FFD056AA7E7C10861373E686DCF3405,Encargado de Visual Merchandising Tiendas Deportivas GAM,posted|wp_id=11624|https://costarica.mimusjobs.com/job/encargado-de-visual-merchandising-tiendas-deportivas-gam/,2026-09-27T17:25:57.036216,https://cr.computrabajo.com/empleos-en-san-jose,17
99d80b51523e771e,https://cr.computrabajo.com/ofertas-de-trabajo/oferta-de-trabajo-de-tecnico-mantenimiento-electrico-trabajo-en-alturas-en-san-jose-15996AA95BB4532361373E686DCF3405,Técnico Mantenimiento Eléctrico - Trabajo en Alturas,posted|wp_id=18685|https://costarica.mimusjobs.com/job/tecnico-mantenimiento-electrico-trabajo-en-alturas-6/,2026-09-27T17:26:01.790221,https://cr.computrabajo.com/empleos-en-san-jose,17
51e52fe8e6124d3b,https://cr.computrabajo.com/ofertas-de-trabajo/oferta-de-trabajo-de-vendedor-de-gps-curridabat-en-curridabat-74E66F01706AB20561373E686DCF3405,Vendedor de GPS - Curridabat,posted|wp_id=11625|https://costarica.mimusjobs.com/job/vendedor-de-gps-curridabat/,2026-09-27T17:26:04.776851,https://cr.computrabajo.com/empleos-en-san-jose,17
bfa2bd43d5f17108,https://cr.computrabajo.com/ofertas-de-trabajo/oferta-de-trabajo-de-reclutador-freenlancer-en-goicoechea-ABFE0E911B6A1B9461373E686DCF3405,Reclutador - Freenlancer,posted|wp_id=11626|https://costarica.mimusjobs.com/job/reclutador-freenlancer/,2026-09-27T17:26:08.254974,https://cr.computrabajo.com/empleos-en-san-jose,17
bf544502381d1f76,https://cr.computrabajo.com/ofertas-de-trabajo/oferta-de-trabajo-de-mecanico-automotriz-junior-curridabat-en-curridabat-E83FECF71B89F23361373E686DCF3405,Mecánico Automotriz Junior - Curridabat,posted|wp_id=18686|https://costarica.mimusjobs.com/job/mecanico-automotriz-junior-curridabat-11/,2026-09-27T17:26:11.926156,https://cr.computrabajo.com/empleos-en-san-jose,17
fcb6046ef90d5d21,https://cr.computrabajo.com/ofertas-de-trabajo/oferta-de-trabajo-de-mercaderista-en-gam-y-rural-en-san-jose-8B86C964267F969F61373E686DCF3405,Mercaderista en GAM y Rural,posted|wp_id=11630|https://costarica.mimusjobs.com/job/mercaderista-en-gam-y-rural/,2026-09-27T17:26:15.118341,https://cr.computrabajo.com/empleos-en-san-jose,17
4ed692ef83fd4120,https://cr.computrabajo.com/ofertas-de-trabajo/oferta-de-trabajo-de-presupuestista-de-construccion-civil-escazu-en-san-jose-0B013570610FA0D561373E686DCF3405,Presupuestista de Construccion Civil - Escazú,posted|wp_id=18687|https://costarica.mimusjobs.com/job/presupuestista-de-construccion-civil-escazu-6/,2026-09-27T17:26:20.208977,https://cr.computrabajo.com/empleos-en-san-jose,18
d3046419f6b6306d,https://cr.computrabajo.com/ofertas-de-trabajo/oferta-de-trabajo-de-soldadora-trabajo-en-alturas-en-san-jose-6EFCFD5F67486C0361373E686DCF3405,Soldador/a - Trabajo en Alturas,posted|wp_id=11633|https://costarica.mimusjobs.com/job/soldador-a-trabajo-en-alturas/,2026-09-27T17:26:22.869707,https://cr.computrabajo.com/empleos-en-san-jose,18
c2e9902341f6e817,https://cr.computrabajo.com/ofertas-de-trabajo/oferta-de-trabajo-de-tecnico-en-en-electronica-radio-comunicacion-en-san-jose-17803FE3092FDB9461373E686DCF3405,Técnico en en Electrónica - Radio Comunicación,posted|wp_id=18688|https://costarica.mimusjobs.com/job/tecnico-en-en-electronica-radio-comunicacion-6/,2026-09-27T17:26:34.021444,https://cr.computrabajo.com/empleos-en-san-jose,18
8bddc0e4d16103ac,https://cr.computrabajo.com/ofertas-de-trabajo/oferta-de-trabajo-de--asesora-comercial-ebu-costa-rica-en-san-jose-302FBC0691C7AAE161373E686DCF3405,Asesor Comercial EBU – Costa Rica,posted|wp_id=11636|https://costarica.mimusjobs.com/job/asesor-comercial-ebu-costa-rica/,2026-09-27T17:26:37.949738,https://cr.computrabajo.com/empleos-en-san-jose,18
0a05b8c594eee156,https://cr.computrabajo.com/ofertas-de-trabajo/oferta-de-trabajo-de-especialista-en-atraccion-del-talento-junior-hibrido-en-san-jose-0618C8919979D55661373E686DCF3405,Especialista en Atracción del Talento Junior - Híbrido,posted|wp_id=18690|https://costarica.mimusjobs.com/job/especialista-en-atraccion-del-talento-junior-hibrido-6/,2026-09-27T17:26:44.166376,https://cr.computrabajo.com/empleos-en-san-jose,18
f5d2aa4fd69777c5,https://cr.computrabajo.com/ofertas-de-trabajo/oferta-de-trabajo-de-promotora-gam-en-escazu-E87EE2B5EEA6378361373E686DCF3405,Promotor/a - Gam,posted|wp_id=11639|https://costarica.mimusjobs.com/job/promotor-a-gam/,2026-09-27T17:26:46.663633,https://cr.computrabajo.com/empleos-en-san-jose,18
f5f4e566cf313d8c,https://cr.computrabajo.com/ofertas-de-trabajo/oferta-de-trabajo-de-encargadoa-supervisora-de-soft-services-indispensable-ingles-avanzado-en-santa-ana-D3F6F24E20E0755661373E686DCF3405,Encargado(a) / Supervisor(a) de Soft Services - Indispensable Ingles avanzado,posted|wp_id=18691|https://costarica.mimusjobs.com/job/encargadoa-supervisora-de-soft-services-indispensable-ingles-avanzado-6/,2026-09-27T17:26:50.250370,https://cr.computrabajo.com/empleos-en-san-jose,18
ba262786cb33cc91,https://cr.computrabajo.com/ofertas-de-trabajo/oferta-de-trabajo-de-colaborador-operativo-moravia-en-moravia-AAE8386D6FC7F9CD61373E686DCF3405,Colaborador Operativo - Moravia,posted|wp_id=11641|https://costarica.mimusjobs.com/job/colaborador-operativo-moravia/,2026-09-27T17:26:53.236905,https://cr.computrabajo.com/empleos-en-san-jose,18
59ce17fd324798d7,https://cr.computrabajo.com/ofertas-de-trabajo/oferta-de-trabajo-de-asistente-de-consultas-hatillo-en-san-jose-E1D5DCDF35C939AA61373E686DCF3405,Asistente de Consultas - Hatillo,posted|wp_id=11643|https://costarica.mimusjobs.com/job/asistente-de-consultas-hatillo/,2026-09-27T17:26:56.038279,https://cr.computrabajo.com/empleos-en-san-jose,18
9c7d0f74f6ca80c2,https://cr.computrabajo.com/ofertas-de-trabajo/oferta-de-trabajo-de-tecnico-instalador-y-de-mantenimiento-de-aires-acondicionados-licencia-b1-al-dia-en-san-jose-49B2144320912AC961373E686DCF3405,Técnico Instalador y de mantenimiento de Aires Acondicionados - Licencia B1 al día,posted|wp_id=18692|https://costarica.mimusjobs.com/job/tecnico-instalador-y-de-mantenimiento-de-aires-acondicionados-licencia-b1-al-dia-6/,2026-09-27T17:27:00.369529,https://cr.computrabajo.com/empleos-en-san-jose,18
e64ad23e49598c11,https://cr.computrabajo.com/ofertas-de-trabajo/oferta-de-trabajo-de-gerente-de-zona-ventas-por-catalogo-en-san-jose-5E836C478A63A35B61373E686DCF3405,Gerente de zona - Ventas por catalogo,posted|wp_id=11651|https://costarica.mimusjobs.com/job/gerente-de-zona-ventas-por-catalogo/,2026-09-27T17:27:02.842303,https://cr.computrabajo.com/empleos-en-san-jose,18
ca23692bd9e38ecf,https://cr.computrabajo.com/ofertas-de-trabajo/oferta-de-trabajo-de-barista-medio-tiempo-en-moravia-5946F73F1B72127761373E686DCF3405,Barista - Medio Tiempo,posted|wp_id=11647|https://costarica.mimusjobs.com/job/barista-medio-tiempo/,2026-09-27T17:27:08.215629,https://cr.computrabajo.com/empleos-en-san-jose,18
dac1e751f87dafe4,https://cr.computrabajo.com/ofertas-de-trabajo/oferta-de-trabajo-de-colaborador-regular-kfc-plaza-linconl-en-moravia-2DB5147991B9028D61373E686DCF3405,Colaborador Regular KFC Plaza Linconl,posted|wp_id=5934|https://costarica.mimusjobs.com/job/colaborador-regular-kfc-plaza-linconl/,2026-09-27T17:27:11.630336,https://cr.computrabajo.com/empleos-en-san-jose,18
3633217f309467eb,https://cr.computrabajo.com/ofertas-de-trabajo/oferta-de-trabajo-de-encargado-de-tienda-en-moravia-09E1D834F1B0734361373E686DCF3405,Encargado de Tienda,posted|wp_id=11024|https://costarica.mimusjobs.com/job/encargado-de-tienda/,2026-09-27T17:27:13.983944,https://cr.computrabajo.com/empleos-en-san-jose,18
6ba2bc969aa69493,https://cr.computrabajo.com/ofertas-de-trabajo/oferta-de-trabajo-de-agente-de-reparto-y-auxiliar-de-almacen-para-cummins-repartidor-de-producto-en-san-jose-8C993ACF56ADD32761373E686DCF3405,Agente de Reparto y Auxiliar de Almacén para Cummins - Repartidor de producto,posted|wp_id=18695|https://costarica.mimusjobs.com/job/agente-de-reparto-y-auxiliar-de-almacen-para-cummins-repartidor-de-producto-6/,2026-09-27T17:27:17.284298,https://cr.computrabajo.com/empleos-en-san-jose,18
6dbe636e63203578,https://cr.computrabajo.com/ofertas-de-trabajo/oferta-de-trabajo-de-miscelaneo-a-en-tibas-8DDA91639F7CE80961373E686DCF3405,Misceláneo (a),posted|wp_id=18697|https://costarica.mimusjobs.com/job/miscelaneo-a-8/,2026-09-27T17:27:21.606592,https://cr.computrabajo.com/empleos-en-san-jose,18
c9fbf4e0c85a07db,https://cr.computrabajo.com/ofertas-de-trabajo/oferta-de-trabajo-de-chofer-instalador-en-san-jose-531CB4977A69C65061373E686DCF3405,Chofer Instalador,posted|wp_id=11654|https://costarica.mimusjobs.com/job/chofer-instalador/,2026-09-27T17:27:23.746772,https://cr.computrabajo.com/empleos-en-san-jose,18
6ec0b2f7b7e6363b,https://cr.computrabajo.com/ofertas-de-trabajo/oferta-de-trabajo-de-chequeador-de-patio-en-san-jose-094022DD14ED385E61373E686DCF3405,Chequeador de Patio,posted|wp_id=11655|https://costarica.mimusjobs.com/job/chequeador-de-patio/,2026-09-27T17:27:25.979909,https://cr.computrabajo.com/empleos-en-san-jose,18
ec9ba19a1a30d018,https://cr.computrabajo.com/ofertas-de-trabajo/oferta-de-trabajo-de-operario-de-produccion-en-curridabat-EBCCFC4ADE85C6C061373E686DCF3405,Operario de producción,posted|wp_id=18699|https://costarica.mimusjobs.com/job/operario-de-produccion-25/,2026-09-27T17:27:30.749432,https://cr.computrabajo.com/empleos-en-san-jose,18
97831507ed34f67e,https://cr.computrabajo.com/ofertas-de-trabajo/oferta-de-trabajo-de-ingeniera-junior-residir-en-santa-ana-en-santa-ana-DE7C7B157501166061373E686DCF3405,Ingeniera Junior - Residir en Santa Ana,posted|wp_id=11659|https://costarica.mimusjobs.com/job/ingeniera-junior-residir-en-santa-ana/,2026-09-27T17:27:33.085057,https://cr.computrabajo.com/empleos-en-san-jose,18
5584cde4ae205b00,https://cr.computrabajo.com/ofertas-de-trabajo/oferta-de-trabajo-de-encargado-de-noche-en-escazu-88D391BC7FF8796761373E686DCF3405,Encargado de Noche,posted|wp_id=11661|https://costarica.mimusjobs.com/job/encargado-de-noche/,2026-09-27T17:27:36.562182,https://cr.computrabajo.com/empleos-en-san-jose,19
25c282de27b9c140,https://cr.computrabajo.com/ofertas-de-trabajo/oferta-de-trabajo-de-gerente-de-apoyo-en-ventas-gam-en-san-jose-A12FD26E47132EF761373E686DCF3405,Gerente de Apoyo en Ventas - GAM.,posted|wp_id=11662|https://costarica.mimusjobs.com/job/gerente-de-apoyo-en-ventas-gam/,2026-09-27T17:27:39.047124,https://cr.computrabajo.com/empleos-en-san-jose,19
d6dfd5d74509719c,https://cr.computrabajo.com/ofertas-de-trabajo/oferta-de-trabajo-de-promotor-de-eventos-bebidas-disponibilidad-para-viajar-y-horarios-flexibles-en-san-jose-A0443313B1F04C8E61373E686DCF3405,Promotor de Eventos (Bebidas) - Disponibilidad para viajar y horarios flexibles,posted|wp_id=11664|https://costarica.mimusjobs.com/job/promotor-de-eventos-bebidas-disponibilidad-para-viajar-y-horarios-flexibles/,2026-09-27T17:27:41.498486,https://cr.computrabajo.com/empleos-en-san-jose,19
240af4a2477e1e69,https://cr.computrabajo.com/ofertas-de-trabajo/oferta-de-trabajo-de-cocinero-sushero-con-experiencia-en-santa-ana-C79898A58657DCB061373E686DCF3405,Cocinero / sushero - Santa Ana / Moravia,posted|wp_id=11665|https://costarica.mimusjobs.com/job/cocinero-sushero-santa-ana-moravia/,2026-09-27T17:27:43.797988,https://cr.computrabajo.com/empleos-en-san-jose,19
1dc4782208c7ff6b,https://cr.computrabajo.com/ofertas-de-trabajo/oferta-de-trabajo-de-operario-de-mantenimiento-general-san-jose-santa-ana-en-santa-ana-250120F59A16A3F261373E686DCF3405,"Operario de Mantenimiento General - San José, Santa Ana",posted|wp_id=18701|https://costarica.mimusjobs.com/job/operario-de-mantenimiento-general-san-jose-santa-ana-6/,2026-09-27T17:27:47.786739,https://cr.computrabajo.com/empleos-en-san-jose,19
bc9490d7b1402b4d,https://cr.computrabajo.com/ofertas-de-trabajo/oferta-de-trabajo-de-coordinadora-de-ventas-call-center-en-san-jose-DAFF55549A44852A61373E686DCF3405,Coordinador(a) de Ventas - Call Center,posted|wp_id=18702|https://costarica.mimusjobs.com/job/coordinadora-de-ventas-call-center-6/,2026-09-27T17:27:51.422997,https://cr.computrabajo.com/empleos-en-san-jose,19
5eb2baa210143966,https://cr.computrabajo.com/ofertas-de-trabajo/oferta-de-trabajo-de-operarioa-con-experiencia-en-goicoechea-8E80192727C4FBDB61373E686DCF3405,Operario/a - con experiencia,posted|wp_id=11669|https://costarica.mimusjobs.com/job/operario-a-con-experiencia/,2026-09-27T17:27:53.801010,https://cr.computrabajo.com/empleos-en-san-jose,19
c3a92d81b3c172da,https://cr.computrabajo.com/ofertas-de-trabajo/oferta-de-trabajo-de-analista-contable-senior-temporal-en-curridabat-7F2F84C77138D06B61373E686DCF3405,Analista Contable Senior Temporal,wp_post_failed,2026-09-27T17:27:58.160564,https://cr.computrabajo.com/empleos-en-san-jose,19
eb8643c2ad73575d,https://cr.computrabajo.com/ofertas-de-trabajo/oferta-de-trabajo-de-auxiliar-de-bodega-con-licencia-de-conducir-en-san-jose-6263D6E53A85853961373E686DCF3405,Auxiliar de - Bodega con Licencia de Conducir,wp_post_failed,2026-09-27T17:28:02.518326,https://cr.computrabajo.com/empleos-en-san-jose,19
2573ab4aa887d4e2,https://cr.computrabajo.com/ofertas-de-trabajo/oferta-de-trabajo-de-promotor-de-ventas-de-campo-en-san-jose-5466973826184EE061373E686DCF3405,Promotor de Ventas de Campo,wp_post_failed,2026-09-27T17:28:06.942002,https://cr.computrabajo.com/empleos-en-san-jose,19
8e946aae4d498d60,https://cr.computrabajo.com/ofertas-de-trabajo/oferta-de-trabajo-de-asistente-de-ecommerce-masxmenos-santa-ana-en-santa-ana-EB4C5EBBCD27422261373E686DCF3405,Asistente de Ecommerce - Masxmenos Santa Ana,wp_post_failed,2026-09-27T17:28:11.432968,https://cr.computrabajo.com/empleos-en-san-jose,19
3af7fb93a95cb517,https://cr.computrabajo.com/ofertas-de-trabajo/oferta-de-trabajo-de-auxiliar-de-bodega-en-santa-ana-B21FCE62E4F2F15961373E686DCF3405,Auxiliar de bodega,wp_post_failed,2026-09-27T17:28:15.848975,https://cr.computrabajo.com/empleos-en-san-jose,19
d80ab1d8c5654c30,https://cr.computrabajo.com/ofertas-de-trabajo/oferta-de-trabajo-de-gerente-tecnico-en-division-de-bombeo-equipos-de-bombeo-piscinas-en-san-jose-AEB8A26EAFD8F8AB61373E686DCF3405,Gerente Técnico en Division de Bombeo - Equipos de Bombeo/ Piscinas,wp_post_failed,2026-09-27T17:28:20.181920,https://cr.computrabajo.com/empleos-en-san-jose,19
896a28f2abac11a6,https://cr.computrabajo.com/ofertas-de-trabajo/oferta-de-trabajo-de-auxiliar-mantenimiento-i-lunes-a-domingo-en-san-jose-90C69A1DF81779A661373E686DCF3405,Auxiliar mantenimiento I - Lunes a Domingo,wp_post_failed,2026-09-27T17:28:24.574348,https://cr.computrabajo.com/empleos-en-san-jose,19
491b28df252cd142,https://cr.computrabajo.com/ofertas-de-trabajo/oferta-de-trabajo-de-technical-writer-especialista-en-capa-en-san-jose-E5516DBB068B3CEF61373E686DCF3405,Technical Writer (Especialista en CAPA),wp_post_failed,2026-09-27T17:28:28.855763,https://cr.computrabajo.com/empleos-en-san-jose,19
d291c067ced1b4eb,https://cr.computrabajo.com/ofertas-de-trabajo/oferta-de-trabajo-de-cajero-de-kioskos-financieros-mxm-plaza-america-en-san-jose-C4799AABC5A7C06361373E686DCF3405,Cajero de Kioskos Financieros - MxM Plaza America,wp_post_failed,2026-09-27T17:28:33.277125,https://cr.computrabajo.com/empleos-en-san-jose,19
c988714e79870514,https://cr.computrabajo.com/ofertas-de-trabajo/oferta-de-trabajo-de-asistente-de-operaciones-comerciales-supervision-optica-en-desamparados-A462F88AEBD3D43961373E686DCF3405,Asistente de Operaciones Comerciales (Supervisión) - Óptica,wp_post_failed,2026-09-27T17:28:37.579038,https://cr.computrabajo.com/empleos-en-san-jose,19
862b168020ed519b,https://cr.computrabajo.com/ofertas-de-trabajo/oferta-de-trabajo-de-jefe-de-frescos-carnes-frutas-y-verduras-san-jose-san-jose-en-tibas-128C34A9EE4A0C5261373E686DCF3405,"Jefe de Frescos (carnes, frutas y verduras) San José - San José",wp_post_failed,2026-09-27T17:28:41.996695,https://cr.computrabajo.com/empleos-en-san-jose,19
4dde766f3de28540,https://cr.computrabajo.com/ofertas-de-trabajo/oferta-de-trabajo-de-auuxiliar-de-tienda-masxmenos-desamparados-en-san-jose-21EBBEE0CD1C688061373E686DCF3405,Auuxiliar de tienda Masxmenos Desamparados,wp_post_failed,2026-09-27T17:28:46.409967,https://cr.computrabajo.com/empleos-en-san-jose,19
11dbf45fcea29c7d,https://cr.computrabajo.com/ofertas-de-trabajo/oferta-de-trabajo-de-gerente-de-servicio-restaurante-curridabat-en-san-jose-0991C6F7725C11C061373E686DCF3405,Gerente de Servicio Restaurante - Curridabat,wp_post_failed,2026-09-27T17:28:50.794593,https://cr.computrabajo.com/empleos-en-san-jose,19
e9084914d1287bb5,https://cr.computrabajo.com/ofertas-de-trabajo/oferta-de-trabajo-de-ayudante-de-cocina-escazu-en-escazu-36F02EA64A4AD05161373E686DCF3405,Ayudante de Cocina - Escazú,wp_post_failed,2026-09-27T17:28:55.359399,https://cr.computrabajo.com/empleos-en-san-jose,20
028e186824bbd569,https://cr.computrabajo.com/ofertas-de-trabajo/oferta-de-trabajo-de-operador-de-tienda-con-manipulacion-de-alimentos-pali-pavas-en-san-jose-5D1C09273599539D61373E686DCF3405,Operador de tienda con manipulación de Alimentos - Pali Pavas,wp_post_failed,2026-09-27T17:28:59.783857,https://cr.computrabajo.com/empleos-en-san-jose,20
9fad17a18449a6a2,https://cr.computrabajo.com/ofertas-de-trabajo/oferta-de-trabajo-de-jefatura-de-mercadeo-mercadeo-en-san-jose-D9C0F4A1270AB47F61373E686DCF3405,Jefatura de Mercadeo - Mercadeo,wp_post_failed,2026-09-27T17:29:04.090236,https://cr.computrabajo.com/empleos-en-san-jose,20
d5ed4390a0afe6f7,https://cr.computrabajo.com/ofertas-de-trabajo/oferta-de-trabajo-de-jefatura-comercial-ventas-en-san-jose-BA6E397310973DA761373E686DCF3405,Jefatura Comercial - Ventas,wp_post_failed,2026-09-27T17:29:08.398966,https://cr.computrabajo.com/empleos-en-san-jose,20
ea40101afc3cb2b9,https://cr.computrabajo.com/ofertas-de-trabajo/oferta-de-trabajo-de-auxiliar-frescos-masxmenos-escazu-en-escazu-4AF80BC79A365CDA61373E686DCF3405,Auxiliar Frescos - MasxMenos Escazú,wp_post_failed,2026-09-27T17:29:12.808805,https://cr.computrabajo.com/empleos-en-san-jose,20
4f1a03a8d6accf36,https://cr.computrabajo.com/ofertas-de-trabajo/oferta-de-trabajo-de-asesora-visual-pinares-en-curridabat-CB587DD03BB0F82461373E686DCF3405,Asesor(a) Visual - Pinares,wp_post_failed,2026-09-27T17:29:17.145132,https://cr.computrabajo.com/empleos-en-san-jose,20
c3f0726bdbeabc6e,https://cr.computrabajo.com/ofertas-de-trabajo/oferta-de-trabajo-de-bodeguero-en-alajuelita-59C7BE2A15BDB70F61373E686DCF3405,Bodeguero,wp_post_failed,2026-09-27T17:29:21.536909,https://cr.computrabajo.com/empleos-en-san-jose,20
a2ad00079c6938fa,https://cr.computrabajo.com/ofertas-de-trabajo/oferta-de-trabajo-de-mercaderista-en-alajuelita-E6F6F11B14C423BD61373E686DCF3405,Mercaderista,wp_post_failed,2026-09-27T17:29:25.908758,https://cr.computrabajo.com/empleos-en-san-jose,20
fb4ab9b2d8cc4395,https://cr.computrabajo.com/ofertas-de-trabajo/oferta-de-trabajo-de-supervisor-de-cocina-terrazas-lindora-en-santa-ana-A370547CB079743F61373E686DCF3405,Supervisor de Cocina - Terrazas Lindora,wp_post_failed,2026-09-27T17:29:30.312385,https://cr.computrabajo.com/empleos-en-san-jose,20
2102c36831123ebb,https://cr.computrabajo.com/ofertas-de-trabajo/oferta-de-trabajo-de-vendedora-quality-motors-en-san-jose-B236F047C794D78061373E686DCF3405,Vendedor/a - Quality Motors,wp_post_failed,2026-09-27T17:29:34.686882,https://cr.computrabajo.com/empleos-en-san-jose,20
a0b6815da6c59ad6,https://cr.computrabajo.com/ofertas-de-trabajo/oferta-de-trabajo-de-esteticista-cosmetologa-contratacion-inmediata-en-san-jose-5D5F6FB3849F2BBC61373E686DCF3405,Esteticista // Cosmetóloga - ¡Contratación inmediata!,wp_post_failed,2026-09-27T17:29:39.049666,https://cr.computrabajo.com/empleos-en-san-jose,20
8f8d128f7daf7b9a,https://cr.computrabajo.com/ofertas-de-trabajo/oferta-de-trabajo-de-enfermera-cosmetologa-contratacion-inmediata-en-san-jose-AB0851FAD589E37D61373E686DCF3405,Enfermera // Cosmetóloga - ¡Contratación inmediata!,wp_post_failed,2026-09-27T17:29:43.439402,https://cr.computrabajo.com/empleos-en-san-jose,20
41e7ba624072a5ac,https://cr.computrabajo.com/ofertas-de-trabajo/oferta-de-trabajo-de-vendedora-guadalupe-en-goicoechea-57035CF1A8F5CB6461373E686DCF3405,Vendedor(a) - guadalupe,wp_post_failed,2026-09-27T17:29:47.743205,https://cr.computrabajo.com/empleos-en-san-jose,20
faf619d49997e4b7,https://cr.computrabajo.com/ofertas-de-trabajo/oferta-de-trabajo-de-coordinador-de-ventas-semi-senior-industria-farmaceutica-y-dermocosmetica-en-san-jose-391E048D2C95637D61373E686DCF3405,Coordinador de Ventas Semi Senior - Industria Farmacéutica y Dermocosmética,wp_post_failed,2026-09-27T17:29:52.132902,https://cr.computrabajo.com/empleos-en-san-jose,20
a36033ffa7929892,https://cr.computrabajo.com/ofertas-de-trabajo/oferta-de-trabajo-de-ayudante-de-bar-ayudante-de-bar-en-escazu-20509B7DD24C72B761373E686DCF3405,Ayudante de bar - Ayudante de bar,wp_post_failed,2026-09-27T17:29:56.409268,https://cr.computrabajo.com/empleos-en-san-jose,20
39aff910e9d2ad2d,https://cr.computrabajo.com/ofertas-de-trabajo/oferta-de-trabajo-de-auxiliar-tienda-walmart-san-sebastian-en-san-jose-72CF6792D873513361373E686DCF3405,Auxiliar Tienda - Walmart San Sebastian,wp_post_failed,2026-09-27T17:30:00.799657,https://cr.computrabajo.com/empleos-en-san-jose,20
26a4afcb5e60a684,https://cr.computrabajo.com/ofertas-de-trabajo/oferta-de-trabajo-de-bodeguero-de-centro-de-distribucion-lindora-santa-ana-en-santa-ana-313F4B6B0A0A545E61373E686DCF3405,"Bodeguero de Centro de Distribución / Lindora, Santa Ana",wp_post_failed,2026-09-27T17:30:05.232554,https://cr.computrabajo.com/empleos-en-san-jose,20
a09ce702a7c78797,https://cr.computrabajo.com/ofertas-de-trabajo/oferta-de-trabajo-de-representante-de-ventas-en-perez-zeledon-EC92B1F6FF5363EA61373E686DCF3405,Representante de ventas,wp_post_failed,2026-09-27T17:30:09.542144,https://cr.computrabajo.com/empleos-en-san-jose,20
f875c6671fdb51f1,https://cr.computrabajo.com/ofertas-de-trabajo/oferta-de-trabajo-de-asistente-de-inscripciones-temporal-curridabat-en-curridabat-431F340B91BD1E4061373E686DCF3405,"Asistente de Inscripciones, Temporal - Curridabat",wp_post_failed,2026-09-27T17:30:13.895158,https://cr.computrabajo.com/empleos-en-san-jose,20
af099927bd402682,https://cr.computrabajo.com/ofertas-de-trabajo/oferta-de-trabajo-de-cajeros-vendedores-tienda-de-ropa-lincoln-plaza-temporal-en-moravia-405766C29F10CF5D61373E686DCF3405,"Cajeros, vendedores tienda de ropa Lincoln Plaza (Temporal)",wp_post_failed,2026-09-27T17:30:18.288333,https://cr.computrabajo.com/empleos-en-san-jose,20
20b7e6bd637f466b,https://cr.computrabajo.com/ofertas-de-trabajo/oferta-de-trabajo-de-mercaderista-gam-con-motocicleta-en-san-jose-FA214692D2F94CCE61373E686DCF3405,Mercaderista GAM con motocicleta,wp_post_failed,2026-09-27T17:30:22.899200,https://cr.computrabajo.com/empleos-en-san-jose,21
d2edca5268d92eb7,https://cr.computrabajo.com/ofertas-de-trabajo/oferta-de-trabajo-de-asesora-visual-experiencia-en-san-jose-72F963ADBCD1A87561373E686DCF3405,Asesor(a) Visual - experiencia,wp_post_failed,2026-09-27T17:30:27.329482,https://cr.computrabajo.com/empleos-en-san-jose,21
6c1697f4bff90cb9,https://cr.computrabajo.com/ofertas-de-trabajo/oferta-de-trabajo-de-electromecanico-o-tecnico-de-refrigeracion-en-la-uruca-en-san-jose-06DE7DA0FFF7902C61373E686DCF3405,Electromecánico o técnico de Refrigeración - en la Uruca,wp_post_failed,2026-09-27T17:30:31.742072,https://cr.computrabajo.com/empleos-en-san-jose,21
c30a917608a93d03,https://cr.computrabajo.com/ofertas-de-trabajo/oferta-de-trabajo-de-asistente-de-gerencia-departamento-comercial-en-san-jose-EA77CEC19090C5B761373E686DCF3405,Asistente de gerencia - Departamento Comercial,wp_post_failed,2026-09-27T17:30:36.056508,https://cr.computrabajo.com/empleos-en-san-jose,21
6e3b60c45695ae37,https://cr.computrabajo.com/ofertas-de-trabajo/oferta-de-trabajo-de-barista-tibas-en-tibas-FBEC7AFB2A13934A61373E686DCF3405,Barista (Tibás),wp_post_failed,2026-09-27T17:30:40.450965,https://cr.computrabajo.com/empleos-en-san-jose,21
b1c0ee6e41081312,https://cr.computrabajo.com/ofertas-de-trabajo/oferta-de-trabajo-de-promotor-de-ventas-en-san-jose-3BD7F53B649B7D7E61373E686DCF3405,Promotor de ventas,wp_post_failed,2026-09-27T17:30:44.756341,https://cr.computrabajo.com/empleos-en-san-jose,21
eb62b36d4ad8e473,https://cr.computrabajo.com/ofertas-de-trabajo/oferta-de-trabajo-de-gerente-de-marca-y-categoria-adc-gerente-de-marca-y-categoria-adc-en-goicoechea-2144E3C09980EC1561373E686DCF3405,Gerente de Marca y Categoría / ADC - Gerente de Marca y Categoría / ADC,wp_post_failed,2026-09-27T17:30:49.055786,https://cr.computrabajo.com/empleos-en-san-jose,21
9922893947b83730,https://cr.computrabajo.com/ofertas-de-trabajo/oferta-de-trabajo-de-tecnico-de-refrigeracion-con-experiencia-en-san-jose-1CFBAD3963A48B1C61373E686DCF3405,Técnico de Refrigeración - Con experiencia,wp_post_failed,2026-09-27T17:30:53.466874,https://cr.computrabajo.com/empleos-en-san-jose,21
abb49bed94972844,https://cr.computrabajo.com/ofertas-de-trabajo/oferta-de-trabajo-de-asesor-comercial-de-ruta-licencia-a2-moto-en-san-jose-224180F4F48663F961373E686DCF3405,Asesor Comercial de Ruta - Licencia A2 (moto),wp_post_failed,2026-09-27T17:30:57.794554,https://cr.computrabajo.com/empleos-en-san-jose,21
9977ec42ecc6190f,https://cr.computrabajo.com/ofertas-de-trabajo/oferta-de-trabajo-de-analista-de-datos-jr-power-bi-query-lenguaje-m-excel-avanzado-en-curridabat-010D843C19131E4F61373E686DCF3405,Analista de Datos Jr. - Power BI Query Lenguaje M Excel Avanzado,wp_post_failed,2026-09-27T17:31:02.086179,https://cr.computrabajo.com/empleos-en-san-jose,21
ddb442a8eec14ad3,https://cr.computrabajo.com/ofertas-de-trabajo/oferta-de-trabajo-de-jefe-de-compras-y-planeacion-en-san-jose-6825A19684B7567861373E686DCF3405,Jefe de Compras y Planeación,wp_post_failed,2026-09-27T17:31:06.488153,https://cr.computrabajo.com/empleos-en-san-jose,21
00e511b540f9f56d,https://cr.computrabajo.com/ofertas-de-trabajo/oferta-de-trabajo-de-chofer-b3-industria-alimentos-en-san-jose-372CAF972AD9439261373E686DCF3405,Chofer B3 - Industria Alimentos,wp_post_failed,2026-09-27T17:31:10.796118,https://cr.computrabajo.com/empleos-en-san-jose,21
af6f1a8e017ebe57,https://cr.computrabajo.com/ofertas-de-trabajo/oferta-de-trabajo-de-tecnico-electromecanicoa-industrial-purral-disponibilidad-para-movilizarse-en-goicoechea-B33CB8E67A8C0C1861373E686DCF3405,Técnico electromecánico/a Industrial/ Purral - Disponibilidad para movilizarse,wp_post_failed,2026-09-27T17:31:15.102449,https://cr.computrabajo.com/empleos-en-san-jose,21
cf533eb5659550b9,https://cr.computrabajo.com/ofertas-de-trabajo/oferta-de-trabajo-de-vendedores-experiencia-en-ventas-en-san-jose-DB5D9586A2ACA90E61373E686DCF3405,vendedores - Experiencia en Ventas,wp_post_failed,2026-09-27T17:31:19.407586,https://cr.computrabajo.com/empleos-en-san-jose,21
3d7751310477544a,https://cr.computrabajo.com/ofertas-de-trabajo/oferta-de-trabajo-de-lider-de-diseno-proyectos-civiles-e-industriales-en-san-jose-2CCEB7C421868B0561373E686DCF3405,Lider de diseño - Proyectos civiles e industriales,wp_post_failed,2026-09-27T17:31:23.724017,https://cr.computrabajo.com/empleos-en-san-jose,21
a06cf5f8c8580021,https://cr.computrabajo.com/ofertas-de-trabajo/oferta-de-trabajo-de-operador-de-tienda-con-manipulacion-de-alimentos-maxi-pali-pavas-en-san-jose-D61751AF1DA6843761373E686DCF3405,Operador de tienda con manipulación de Alimentos - Maxi pali Pavas,wp_post_failed,2026-09-27T17:31:28.168075,https://cr.computrabajo.com/empleos-en-san-jose,21
8e1e6137a786dad1,https://cr.computrabajo.com/ofertas-de-trabajo/oferta-de-trabajo-de-encargada-de-ventas-en-linea-con-3-anos-de-experiencia-en-moda-en-san-jose-8F6E5D431A8EEDE761373E686DCF3405,Encargada de ventas en línea - Con 3 años de experiencia en moda,wp_post_failed,2026-09-27T17:31:32.496082,https://cr.computrabajo.com/empleos-en-san-jose,21
3b0a0e8383e16fea,https://cr.computrabajo.com/ofertas-de-trabajo/oferta-de-trabajo-de-ejecutivoa-de-ventas-de-alto-rendimiento-en-vasquez-de-coronado-53BA9F77329DFE2661373E686DCF3405,Ejecutivo(a) de Ventas de Alto Rendimiento,wp_post_failed,2026-09-27T17:31:36.819607,https://cr.computrabajo.com/empleos-en-san-jose,21
8bcd49371545d051,https://cr.computrabajo.com/ofertas-de-trabajo/oferta-de-trabajo-de-colaborador-regular-kfc-cuidad-del-este-en-curridabat-E1B34FD4C9D10DA861373E686DCF3405,Colaborador Regular KFC Cuidad del Este,wp_post_failed,2026-09-27T17:31:41.148380,https://cr.computrabajo.com/empleos-en-san-jose,21
4e95fedf6dfae9ac,https://cr.computrabajo.com/ofertas-de-trabajo/oferta-de-trabajo-de-responsable-de-cuentas-por-cobrar-en-san-jose-C21F0A264D27E50361373E686DCF3405,Responsable de Cuentas por Cobrar,wp_post_failed,2026-09-27T17:31:45.477577,https://cr.computrabajo.com/empleos-en-san-jose,21
9e646f21d87aebf8,https://cr.computrabajo.com/ofertas-de-trabajo/oferta-de-trabajo-de-peon-de-produccion-en-tibas-2F97637B6F2D341461373E686DCF3405,Peón de producción,wp_post_failed,2026-09-27T17:31:49.944200,https://cr.computrabajo.com/empleos-en-san-jose,22
2ac03db329970fb6,https://cr.computrabajo.com/ofertas-de-trabajo/oferta-de-trabajo-de-encargado-de-credito-y-cobro-para-empresa-lider-en-salud-animal-en-san-jose-79BC989096644E0B61373E686DCF3405,Encargado de Crédito y Cobro - para empresa líder en salud animal,wp_post_failed,2026-09-27T17:31:54.231166,https://cr.computrabajo.com/empleos-en-san-jose,22
d0ff6cad0a0b2c97,https://cr.computrabajo.com/ofertas-de-trabajo/oferta-de-trabajo-de-gerente-de-mercadeo-gerente-de-mercadeo-en-goicoechea-58C2E6D0CFDC349E61373E686DCF3405,Gerente de Mercadeo - Gerente de Mercadeo,wp_post_failed,2026-09-27T17:31:58.528053,https://cr.computrabajo.com/empleos-en-san-jose,22
d1ffede6ff187dc2,https://cr.computrabajo.com/ofertas-de-trabajo/oferta-de-trabajo-de-negociadora-escazu-sj-en-escazu-000A5FE391066DC761373E686DCF3405,Negociador/a - Escazú SJ,wp_post_failed,2026-09-27T17:32:02.834217,https://cr.computrabajo.com/empleos-en-san-jose,22
f256302884f5573f,https://cr.computrabajo.com/ofertas-de-trabajo/oferta-de-trabajo-de-jefe-de-ventas-en-sucursal-la-uruca-en-san-jose-C14CF17A974F965161373E686DCF3405,Jefe de ventas en sucursal - La Uruca,wp_post_failed,2026-09-27T17:32:07.136054,https://cr.computrabajo.com/empleos-en-san-jose,22
6e91c09d4eb9e009,https://cr.computrabajo.com/ofertas-de-trabajo/oferta-de-trabajo-de-asesora-call-center-ventas-en-montes-de-oca-0AF110578508217461373E686DCF3405,Asesor/a call center ventas,wp_post_failed,2026-09-27T17:32:11.482185,https://cr.computrabajo.com/empleos-en-san-jose,22
7f1cbf9478c96566,https://cr.computrabajo.com/ofertas-de-trabajo/oferta-de-trabajo-de-supervisor-f2f-san-jose-en-desamparados-2FCD6997577BC19A61373E686DCF3405,Supervisor F2F - San José,wp_post_failed,2026-09-27T17:32:15.790193,https://cr.computrabajo.com/empleos-en-san-jose,22
ccbe812115ff1e60,https://cr.computrabajo.com/ofertas-de-trabajo/oferta-de-trabajo-de-encargado-a-compras-y-logistica-en-san-jose-C636D0BDEC2EFFBB61373E686DCF3405,Encargado (a) Compras y Logística,wp_post_failed,2026-09-27T17:32:20.111572,https://cr.computrabajo.com/empleos-en-san-jose,22
ebe93d5d8a0eaf62,https://cr.computrabajo.com/ofertas-de-trabajo/oferta-de-trabajo-de-formadora-capacitador-apoyo-en-reclutamiento-y-seleccion-de-personal-en-san-jose-04767D6EA990375D61373E686DCF3405,Formador/a Capacitador - Apoyo en reclutamiento y selección de personal,wp_post_failed,2026-09-27T17:32:24.411006,https://cr.computrabajo.com/empleos-en-san-jose,22
45e8b0f92fda6f3b,https://cr.computrabajo.com/ofertas-de-trabajo/oferta-de-trabajo-de-asesor-de-servicio-para-centro-de-servicio-automotriz-en-san-jose-3F7149DE13C829B961373E686DCF3405,Asesor de servicio Para centro de Servicio Automotriz,wp_post_failed,2026-09-27T17:32:28.882972,https://cr.computrabajo.com/empleos-en-san-jose,22
cf28ee9e8b53bab1,https://cr.computrabajo.com/ofertas-de-trabajo/oferta-de-trabajo-de-auxiliar-de-servicio-cajas-planta-y-frescos-san-jose-en-san-jose-C90FD8B4A039476E61373E686DCF3405,"Auxiliar de Servicio (Cajas, Planta y Frescos) - San José",wp_post_failed,2026-09-27T17:32:33.286276,https://cr.computrabajo.com/empleos-en-san-jose,22
282d4d326947d5b1,https://cr.computrabajo.com/ofertas-de-trabajo/oferta-de-trabajo-de-asesor-de-ventas-marcas-jetour-soueast-en-san-jose-1470ABCB8C4884E161373E686DCF3405,Asesor de Ventas - Marcas Jetour Soueast,wp_post_failed,2026-09-27T17:32:37.580403,https://cr.computrabajo.com/empleos-en-san-jose,22
6b79473968ed871d,https://cr.computrabajo.com/ofertas-de-trabajo/oferta-de-trabajo-de-vendedor-tecnico-lunes-a-viernes-de-800-am-530-pm-en-san-jose-95E4C36B41D247F561373E686DCF3405,Vendedor Tecnico - Lunes a Viernes de 8:00 am 5:30 pm,wp_post_failed,2026-09-27T17:32:41.900541,https://cr.computrabajo.com/empleos-en-san-jose,22
2d3d0a917f0ceaf1,https://cr.computrabajo.com/ofertas-de-trabajo/oferta-de-trabajo-de-operario-de-costura-con-experiencia-en-goicoechea-9290D9FCE094F32D61373E686DCF3405,Operario de Costura - Con experiencia,wp_post_failed,2026-09-27T17:32:46.243045,https://cr.computrabajo.com/empleos-en-san-jose,22
273823371dc514ad,https://cr.computrabajo.com/ofertas-de-trabajo/oferta-de-trabajo-de-display-coronado-en-vasquez-de-coronado-97AC1E59609572FE61373E686DCF3405,Display - Coronado,wp_post_failed,2026-09-27T17:32:50.558035,https://cr.computrabajo.com/empleos-en-san-jose,22
6ef65d4096cf52ad,https://cr.computrabajo.com/ofertas-de-trabajo/oferta-de-trabajo-de-ejecutivo-comercial-transporte-maritimo-y-logistica-en-san-jose-656ED36E1CB84D4461373E686DCF3405,Ejecutivo Comercial - Transporte Marítimo,wp_post_failed,2026-09-27T17:32:54.857977,https://cr.computrabajo.com/empleos-en-san-jose,22
310458891f2c9317,https://cr.computrabajo.com/ofertas-de-trabajo/oferta-de-trabajo-de-asistente-de-consultas-odontologicas-hatillo-en-san-jose-3523AF49265BDCDF61373E686DCF3405,Asistente de Consultas Odontologicas - Hatillo,wp_post_failed,2026-09-27T17:32:59.251667,https://cr.computrabajo.com/empleos-en-san-jose,22
0cf6e83fe59b4ebb,https://cr.computrabajo.com/ofertas-de-trabajo/oferta-de-trabajo-de-analista-de-procesos-en-escazu-7CC2A731DB06D06D61373E686DCF3405,Analista de procesos,wp_post_failed,2026-09-27T17:33:03.644810,https://cr.computrabajo.com/empleos-en-san-jose,22
06a52b6b4df89d65,https://cr.computrabajo.com/ofertas-de-trabajo/oferta-de-trabajo-de-ayudante-de-cocina-eventual-en-curridabat-247512C291A98E0E61373E686DCF3405,Ayudante de cocina (eventual),wp_post_failed,2026-09-27T17:33:08.016980,https://cr.computrabajo.com/empleos-en-san-jose,22
87a00da79a31c5e5,https://cr.computrabajo.com/ofertas-de-trabajo/oferta-de-trabajo-de-asistente-comercial-en-goicoechea-188922BA2DFFF21A61373E686DCF3405,Asistente Comercial,wp_post_failed,2026-09-27T17:33:12.400540,https://cr.computrabajo.com/empleos-en-san-jose,22
60e7d54144dc5cd1,https://cr.computrabajo.com/ofertas-de-trabajo/oferta-de-trabajo-de-mecanico-automotriz-junior-curridabat-en-curridabat-01E3C5CAC5E1AAEA61373E686DCF3405,Mecánico Automotriz Junior - Curridabat,wp_post_failed,2026-09-27T17:33:16.875079,https://cr.computrabajo.com/empleos-en-san-jose,23
932b78a326f5a2a1,https://cr.computrabajo.com/ofertas-de-trabajo/oferta-de-trabajo-de-operador-tienda-b-pali-san-juan-de-dios-de-desamparados-en-desamparados-7A55281F97C6287C61373E686DCF3405,Operador Tienda B - Pali San Juan de Dios de Desamparados,wp_post_failed,2026-09-27T17:33:21.288269,https://cr.computrabajo.com/empleos-en-san-jose,23
00234402f40c3252,https://cr.computrabajo.com/ofertas-de-trabajo/oferta-de-trabajo-de-encargadoa-de-local-carniceria-en-san-jose-FD7974B7ED0C43C061373E686DCF3405,Encargado/a de local - Carniceria,wp_post_failed,2026-09-27T17:33:25.592957,https://cr.computrabajo.com/empleos-en-san-jose,23
9ff028a940775e62,https://cr.computrabajo.com/ofertas-de-trabajo/oferta-de-trabajo-de-asistente-administrativo-en-escazu-DE9DEF223248867361373E686DCF3405,Asistente Administrativo,wp_post_failed,2026-09-27T17:33:29.917949,https://cr.computrabajo.com/empleos-en-san-jose,23
6c17d3b4f99391d0,https://cr.computrabajo.com/ofertas-de-trabajo/oferta-de-trabajo-de-coordinador-de-impresiones-en-san-jose-BD43BB453071E03F61373E686DCF3405,Coordinador de Impresiones,wp_post_failed,2026-09-27T17:33:34.322232,https://cr.computrabajo.com/empleos-en-san-jose,23
8188fa07e7e33b9f,https://cr.computrabajo.com/ofertas-de-trabajo/oferta-de-trabajo-de-operario-de-planta-de-produccion-operario-de-planta-de-produccion-en-goicoechea-1F65BD30D9EA46EA61373E686DCF3405,Operario de Planta de Producción - Operario de Planta de Producción,wp_post_failed,2026-09-27T17:33:38.604202,https://cr.computrabajo.com/empleos-en-san-jose,23
a1adf40a797e0e70,https://cr.computrabajo.com/ofertas-de-trabajo/oferta-de-trabajo-de-miscelaneo-planta-de-produccion-de-alimentos-congelados-miscelaneo-en-goicoechea-97AF6F3B64760F6461373E686DCF3405,Misceláneo – Planta de Producción de Alimentos Congelados - Misceláneo,wp_post_failed,2026-09-27T17:33:42.907652,https://cr.computrabajo.com/empleos-en-san-jose,23
c023fe79758b806d,https://cr.computrabajo.com/ofertas-de-trabajo/oferta-de-trabajo-de-vendedor-part-time-gam-en-escazu-9A52CFD0B7273DA161373E686DCF3405,Vendedor Part Time GAM,wp_post_failed,2026-09-27T17:33:47.293787,https://cr.computrabajo.com/empleos-en-san-jose,23
a4a4f38bfaefff63,https://cr.computrabajo.com/ofertas-de-trabajo/oferta-de-trabajo-de-abogado-corporativo-en-san-jose-5C2B1199D21D0B8D61373E686DCF3405,Abogado Corporativo,wp_post_failed,2026-09-27T17:33:51.708639,https://cr.computrabajo.com/empleos-en-san-jose,23
5243c9328b58e335,https://cr.computrabajo.com/ofertas-de-trabajo/oferta-de-trabajo-de-inspector-de-calidad-industria-de-alimentos-planta-de-alimentos-en-curridabat-B01EBBA846F5473D61373E686DCF3405,Inspector de Calidad Industria de Alimentos - Planta de Alimentos,wp_post_failed,2026-09-27T17:33:56.016140,https://cr.computrabajo.com/empleos-en-san-jose,23
f8f8c5a5c336db2b,https://cr.computrabajo.com/ofertas-de-trabajo/oferta-de-trabajo-de-cocinero-a-avenida-escazu-en-escazu-01041DCEC24C7B0361373E686DCF3405,Cocinero (a) Avenida Escazú,wp_post_failed,2026-09-27T17:34:00.369328,https://cr.computrabajo.com/empleos-en-san-jose,23
093ba627b9d626c5,https://cr.computrabajo.com/ofertas-de-trabajo/oferta-de-trabajo-de-dependiente-cajeroa-san-jose-en-san-jose-9DA0CC087A990F2C61373E686DCF3405,Dependiente / Cajero(a) - San José,wp_post_failed,2026-09-27T17:34:04.792792,https://cr.computrabajo.com/empleos-en-san-jose,23
b1660e75d79b5876,https://cr.computrabajo.com/ofertas-de-trabajo/oferta-de-trabajo-de-dependiente-cajeroa-zapote-en-san-jose-D8182C859688E49261373E686DCF3405,Dependiente / Cajero(a) - Zapote,wp_post_failed,2026-09-27T17:34:09.199951,https://cr.computrabajo.com/empleos-en-san-jose,23
a753139384a008b5,https://cr.computrabajo.com/ofertas-de-trabajo/oferta-de-trabajo-de-cajero-dependiente-escazu-en-escazu-DD035B7442BC547B61373E686DCF3405,Cajero / Dependiente - Escazú,wp_post_failed,2026-09-27T17:34:13.551238,https://cr.computrabajo.com/empleos-en-san-jose,23
d482750f9a46e96f,https://cr.computrabajo.com/ofertas-de-trabajo/oferta-de-trabajo-de-agente-call-center-en-espanol-call-center-en-san-jose-0880D669A860133D61373E686DCF3405,Agente Call Center en Español - Call Center,wp_post_failed,2026-09-27T17:34:17.865046,https://cr.computrabajo.com/empleos-en-san-jose,23
d855f3f4b058cc9b,https://cr.computrabajo.com/ofertas-de-trabajo/oferta-de-trabajo-de-cocinero-walmart-guadalupe-en-goicoechea-7E620A58F56E813561373E686DCF3405,Cocinero - Walmart Guadalupe,wp_post_failed,2026-09-27T17:34:22.275465,https://cr.computrabajo.com/empleos-en-san-jose,23
2cd9674e29bb64f6,https://cr.computrabajo.com/ofertas-de-trabajo/oferta-de-trabajo-de-director-a-de-carrera-economia-economista-en-san-jose-2C34B92079FA408F61373E686DCF3405,Director (a) de carrera Economía - Economista,wp_post_failed,2026-09-27T17:34:26.551803,https://cr.computrabajo.com/empleos-en-san-jose,23
91654364a9a3f9bf,https://cr.computrabajo.com/ofertas-de-trabajo/oferta-de-trabajo-de-coordinador-de-internados-e-investigacion-en-farmacia-farmacia-en-san-jose-78F681274DF38B6561373E686DCF3405,Coordinador de internados e investigación en farmacia - Farmacia,wp_post_failed,2026-09-27T17:34:30.847690,https://cr.computrabajo.com/empleos-en-san-jose,23
a72742938cd51af3,https://cr.computrabajo.com/ofertas-de-trabajo/oferta-de-trabajo-de-editor-periodismo-periodismo-en-san-jose-3096B4CF28A60E4261373E686DCF3405,Editor periodismo - periodismo,wp_post_failed,2026-09-27T17:34:35.188941,https://cr.computrabajo.com/empleos-en-san-jose,23
5e39fb3d7e19195e,https://cr.computrabajo.com/ofertas-de-trabajo/oferta-de-trabajo-de-auxiliar-de-tienda-masxmenos-desamparados-en-desamparados-B77E384622BD1F1F61373E686DCF3405,Auxiliar de tienda Masxmenos Desamparados,wp_post_failed,2026-09-27T17:34:39.753206,https://cr.computrabajo.com/empleos-en-san-jose,24
72ec6ffe87184405,https://cr.computrabajo.com/ofertas-de-trabajo/oferta-de-trabajo-de-visual-merchandising-tiendas-deportivas-gam-medio-tiempo-en-curridabat-BF911271B169647061373E686DCF3405,Visual Merchandising Tiendas Deportivas GAM - Medio Tiempo,wp_post_failed,2026-09-27T17:34:44.145821,https://cr.computrabajo.com/empleos-en-san-jose,24
32416397f47d0a78,https://cr.computrabajo.com/ofertas-de-trabajo/oferta-de-trabajo-de-ejecutivoa-de-ventas-b2b-en-escazu-F0FDC770B61E0FCB61373E686DCF3405,Ejecutivo(a) de Ventas B2B,wp_post_failed,2026-09-27T17:34:48.569202,https://cr.computrabajo.com/empleos-en-san-jose,24
d641828457fe2e81,https://cr.computrabajo.com/ofertas-de-trabajo/oferta-de-trabajo-de-cajero-walmart-escazu-en-escazu-5BAABB200B099DE761373E686DCF3405,Cajero Walmart Escazú,wp_post_failed,2026-09-27T17:34:52.953014,https://cr.computrabajo.com/empleos-en-san-jose,24
5db8b08f9cec7b32,https://cr.computrabajo.com/ofertas-de-trabajo/oferta-de-trabajo-de-almacen-logistica-transporte-en-san-jose-48D3B6631F1084A261373E686DCF3405,Almacén/ Logística/ Transporte,wp_post_failed,2026-09-27T17:34:57.349173,https://cr.computrabajo.com/empleos-en-san-jose,24
e8351226c5bd880d,https://cr.computrabajo.com/ofertas-de-trabajo/oferta-de-trabajo-de-supervisor-de-ventas-automotriz-en-san-jose-44586EEC2D58312861373E686DCF3405,Supervisor de Ventas Automotriz,wp_post_failed,2026-09-27T17:35:01.642854,https://cr.computrabajo.com/empleos-en-san-jose,24
d8ab0a6bed2370a5,https://cr.computrabajo.com/ofertas-de-trabajo/oferta-de-trabajo-de-vendedora-experiencia-en-san-jose-46CB55BCB821B21C61373E686DCF3405,Vendedor(a) - experiencia,wp_post_failed,2026-09-27T17:35:05.952318,https://cr.computrabajo.com/empleos-en-san-jose,24
187278f9edb888d2,https://cr.computrabajo.com/ofertas-de-trabajo/oferta-de-trabajo-de-bodeguero-walmart-san-sebastian-en-san-jose-3377DA1CC12A263F61373E686DCF3405,Bodeguero Walmart San Sebastian,wp_post_failed,2026-09-27T17:35:10.336916,https://cr.computrabajo.com/empleos-en-san-jose,24
69592843cbdd486d,https://cr.computrabajo.com/ofertas-de-trabajo/oferta-de-trabajo-de-ejecutivo-servicio-al-cliente-bancario-leasing-en-escazu-264E972766B6996661373E686DCF3405,Ejecutivo Servicio al Cliente - Bancario Leasing,wp_post_failed,2026-09-27T17:35:14.718304,https://cr.computrabajo.com/empleos-en-san-jose,24
d011344af0001aeb,https://cr.computrabajo.com/ofertas-de-trabajo/oferta-de-trabajo-de-supervisor-de-bodega-bodega-materiales-electricos-en-san-jose-E6176BC88CE4061A61373E686DCF3405,Supervisor de Bodega - Bodega Materiales Eléctricos,wp_post_failed,2026-09-27T17:35:19.051365,https://cr.computrabajo.com/empleos-en-san-jose,24
816ab9bbef319b17,https://cr.computrabajo.com/ofertas-de-trabajo/oferta-de-trabajo-de-especialista-en-monitoreo-con-experiencia-en-goicoechea-F584A190AA45886A61373E686DCF3405,Especialista en monitoreo - con experiencia,wp_post_failed,2026-09-27T17:35:23.438649,https://cr.computrabajo.com/empleos-en-san-jose,24
707f263466970fec,https://cr.computrabajo.com/ofertas-de-trabajo/oferta-de-trabajo-de-coordinador-de-perecederos-masxmenos-desamparados-en-desamparados-2148E2360E24EED461373E686DCF3405,Coordinador de Perecederos - Masxmenos Desamparados,wp_post_failed,2026-09-27T17:35:27.831855,https://cr.computrabajo.com/empleos-en-san-jose,24
ab956914dee895ab,https://cr.computrabajo.com/ofertas-de-trabajo/oferta-de-trabajo-de-administrador-tienda-i-pali-san-jeronimo-desamparados-en-desamparados-B2AD243D5E65E72361373E686DCF3405,Administrador Tienda I - Pali San Jerónimo Desamparados,wp_post_failed,2026-09-27T17:35:32.342293,https://cr.computrabajo.com/empleos-en-san-jose,24
a41e6ec825e0ae4b,https://cr.computrabajo.com/ofertas-de-trabajo/oferta-de-trabajo-de-asesor-de-ventas-puerta-a-puerta-zona-desamparados-y-otras-en-san-jose-7E841A7759D0B4FC61373E686DCF3405,Asesor de Ventas Puerta a Puerta Zona Desamparados y otras,wp_post_failed,2026-09-27T17:35:36.738647,https://cr.computrabajo.com/empleos-en-san-jose,24
a5e088570ea16de4,https://cr.computrabajo.com/ofertas-de-trabajo/oferta-de-trabajo-de-auxiliar-de-produccion-curridabat-en-curridabat-BF008FBDD908034F61373E686DCF3405,Auxiliar de producción - Curridabat,wp_post_failed,2026-09-27T17:35:41.123944,https://cr.computrabajo.com/empleos-en-san-jose,24
b0bb955713785f28,https://cr.computrabajo.com/ofertas-de-trabajo/oferta-de-trabajo-de-asistente-de-operaciones-parqueo-y-lavacar-en-montes-de-oca-B32372CC61C7939561373E686DCF3405,Asistente de operaciones - Parqueo y Lavacar,wp_post_failed,2026-09-27T17:35:45.412684,https://cr.computrabajo.com/empleos-en-san-jose,24
2c807ef30d11cdbc,https://cr.computrabajo.com/ofertas-de-trabajo/oferta-de-trabajo-de-asistente-de-ingenieria-y-dibujante-asistente-en-curridabat-EF6936650C59BFE761373E686DCF3405,Asistente de Ingeniería y Dibujante - Asistente,wp_post_failed,2026-09-27T17:35:49.808156,https://cr.computrabajo.com/empleos-en-san-jose,24
a7d52a03fdcacdcf,https://cr.computrabajo.com/ofertas-de-trabajo/oferta-de-trabajo-de-ayudante-de-cocina-lincoln-plaza-en-moravia-B70271C33DE419DD61373E686DCF3405,Ayudante de Cocina (Lincoln Plaza),wp_post_failed,2026-09-27T17:35:54.180339,https://cr.computrabajo.com/empleos-en-san-jose,24
f11a21105123f5f5,https://cr.computrabajo.com/ofertas-de-trabajo/oferta-de-trabajo-de-prevendedora-consumo-masivo-gam-en-san-jose-9CF401881899B27C61373E686DCF3405,Prevendedor/a (consumo masivo) - Gam,wp_post_failed,2026-09-27T17:35:58.568309,https://cr.computrabajo.com/empleos-en-san-jose,24
70e322cab2dd71e2,https://cr.computrabajo.com/ofertas-de-trabajo/oferta-de-trabajo-de-tecnico-mecanica-automotriz-tibas-moravia-en-tibas-758D1893E624F63661373E686DCF3405,Tecnico Mecanica Automotriz - Tibas/ Moravia,wp_post_failed,2026-09-27T17:36:02.877174,https://cr.computrabajo.com/empleos-en-san-jose,24
888d295a8ffe99d9,https://cr.computrabajo.com/ofertas-de-trabajo/oferta-de-trabajo-de-auxiliar-tienda-masxmenos-desamparados-en-desamparados-3E8E002A4C27324D61373E686DCF3405,Auxiliar Tienda MasxMenos Desamparados,wp_post_failed,2026-09-27T17:36:07.438325,https://cr.computrabajo.com/empleos-en-san-jose,25
e4640dd98f2c9959,https://cr.computrabajo.com/ofertas-de-trabajo/oferta-de-trabajo-de-supervisor-de-ventas-gam-en-san-jose-BE868089B182602F61373E686DCF3405,Supervisor de Ventas - Gam,wp_post_failed,2026-09-27T17:36:11.801692,https://cr.computrabajo.com/empleos-en-san-jose,25
c37b5a6e22575e54,https://cr.computrabajo.com/ofertas-de-trabajo/oferta-de-trabajo-de-ejecutivo-de-ventas-b2b-curridabat-en-curridabat-DD066780F7DD169B61373E686DCF3405,Ejecutivo de Ventas B2B - Curridabat,wp_post_failed,2026-09-27T17:36:16.113175,https://cr.computrabajo.com/empleos-en-san-jose,25
395d87a9705122d8,https://cr.computrabajo.com/ofertas-de-trabajo/oferta-de-trabajo-de-recepcionista-bilingue-la-uruca-san-jose-en-san-jose-8215533DFA6F2CC161373E686DCF3405,Recepcionista Bilingüe La Uruca - San José,wp_post_failed,2026-09-27T17:36:20.414423,https://cr.computrabajo.com/empleos-en-san-jose,25
ddac9a58c664f4a4,https://cr.computrabajo.com/ofertas-de-trabajo/oferta-de-trabajo-de-asesor-de-ventas-de-maquinas-industriales-para-la-industria-de-alimentos-en-san-jose-BF7F10681C23D82761373E686DCF3405,Asesor de Ventas de Máquinas Industriales para la Industria de Alimentos,wp_post_failed,2026-09-27T17:36:24.798308,https://cr.computrabajo.com/empleos-en-san-jose,25
87347694740803b5,https://cr.computrabajo.com/ofertas-de-trabajo/oferta-de-trabajo-de-asistente-de-consultas-san-jose-en-san-jose-48906B07CFEBF92D61373E686DCF3405,Asistente de Consultas - San José,wp_post_failed,2026-09-27T17:36:29.201066,https://cr.computrabajo.com/empleos-en-san-jose,25
0c5b81d8e3e02d19,https://cr.computrabajo.com/ofertas-de-trabajo/oferta-de-trabajo-de-docentes-conversacionales-de-ingles-intensa-barrio-escalante-en-san-jose-2BA4E5B1CFA6FC1261373E686DCF3405,Docentes Conversacionales de Inglés Intensa Barrio Escalante,wp_post_failed,2026-09-27T17:36:33.526718,https://cr.computrabajo.com/empleos-en-san-jose,25
b826de13c83b7bc5,https://cr.computrabajo.com/ofertas-de-trabajo/oferta-de-trabajo-de-agente-de-televentas-en-piso-san-jose-en-san-jose-199725E29E045C5161373E686DCF3405,Agente de Televentas en piso - San José,wp_post_failed,2026-09-27T17:36:37.848522,https://cr.computrabajo.com/empleos-en-san-jose,25
90794fc4f79087f8,https://cr.computrabajo.com/ofertas-de-trabajo/oferta-de-trabajo-de-cocinero-a-de-linea-escazu-en-escazu-51C68669F1F05BFB61373E686DCF3405,Cocinero (a) de Línea - Escazú,wp_post_failed,2026-09-27T17:36:42.220647,https://cr.computrabajo.com/empleos-en-san-jose,25
9ee95223a8a0ee23,https://cr.computrabajo.com/ofertas-de-trabajo/oferta-de-trabajo-de-vendedor-detalle-labora-en-gran-area-metropolitana-en-san-jose-841E8147ACB46CC661373E686DCF3405,Vendedor detalle - Labora en Gran Area Metropólitana,wp_post_failed,2026-09-27T17:36:46.637006,https://cr.computrabajo.com/empleos-en-san-jose,25
092f226b87983453,https://cr.computrabajo.com/ofertas-de-trabajo/oferta-de-trabajo-de-asistente-de-consultas-odontologicas-san-jose-en-san-jose-C8DC421E5A08678961373E686DCF3405,Asistente de Consultas Odontológicas - San José,wp_post_failed,2026-09-27T17:36:51.028230,https://cr.computrabajo.com/empleos-en-san-jose,25
0381f17863a8f023,https://cr.computrabajo.com/ofertas-de-trabajo/oferta-de-trabajo-de-cocinero-experiencia-en-cocina-caliente-gam-costa-rica-en-escazu-6EBBC8FFE14A3C4E61373E686DCF3405,Cocinero ( Experiencia en cocina caliente) - GAM Costa Rica,wp_post_failed,2026-09-27T17:36:55.411093,https://cr.computrabajo.com/empleos-en-san-jose,25
e42e14403e11aea7,https://cr.computrabajo.com/ofertas-de-trabajo/oferta-de-trabajo-de-jefe-de-almacen-y-bodega-en-san-jose-A8706E9B44CF4A9B61373E686DCF3405,Jefe de Almacén y Bodega,wp_post_failed,2026-09-27T17:36:59.804771,https://cr.computrabajo.com/empleos-en-san-jose,25
417d453a552419a5,https://cr.computrabajo.com/ofertas-de-trabajo/oferta-de-trabajo-de-gestor-de-credito-y-cobro-san-jose-plaza-viquez-en-san-jose-344C213BCE02D94861373E686DCF3405,"Gestor de Crédito y Cobro - San José, Plaza Víquez",wp_post_failed,2026-09-27T17:37:04.202716,https://cr.computrabajo.com/empleos-en-san-jose,25
1c12b8e7823288e2,https://cr.computrabajo.com/ofertas-de-trabajo/oferta-de-trabajo-de-agente-ventas-call-center-en-san-jose-47CDC8D02C3C118561373E686DCF3405,Agente ventas - Call Center,wp_post_failed,2026-09-27T17:37:08.504327,https://cr.computrabajo.com/empleos-en-san-jose,25
8eaa1b0eb2abaf1f,https://cr.computrabajo.com/ofertas-de-trabajo/oferta-de-trabajo-de-asistente-de-cocina-en-san-jose-831E3FA2230CFB3061373E686DCF3405,Asistente de Cocina,wp_post_failed,2026-09-27T17:37:12.802780,https://cr.computrabajo.com/empleos-en-san-jose,25
640688ed0eba37dd,https://cr.computrabajo.com/ofertas-de-trabajo/oferta-de-trabajo-de-colaborador-regular--kfc-santa-ana-ruta-27-en-santa-ana-ABB02FF5F6BFB6FD61373E686DCF3405,Colaborador Regular KFC Santa Ana Ruta 27,wp_post_failed,2026-09-27T17:37:17.093130,https://cr.computrabajo.com/empleos-en-san-jose,25
2e4b8347f348a5f0,https://cr.computrabajo.com/ofertas-de-trabajo/oferta-de-trabajo-de-agente-call-center-ejecutivo-para-centros-de-servicio-ctp-en-san-jose-F62C458FD3CF098661373E686DCF3405,Agente call center (Ejecutivo para Centros de Servicio CTP),wp_post_failed,2026-09-27T17:37:21.380589,https://cr.computrabajo.com/empleos-en-san-jose,25
97774a5ff09de3e5,https://cr.computrabajo.com/ofertas-de-trabajo/oferta-de-trabajo-de-asistente-de-mercadeo-tiempo-completo-en-san-jose-FC0728E47FEA49BE61373E686DCF3405,Asistente de Mercadeo - Tiempo Completo,wp_post_failed,2026-09-27T17:37:25.685125,https://cr.computrabajo.com/empleos-en-san-jose,25
7f9ff97f79046c2b,https://cr.computrabajo.com/ofertas-de-trabajo/oferta-de-trabajo-de-ejecutivoa-de-ventas-b2b-en-san-jose-92552DE58CB2678661373E686DCF3405,Ejecutivo(a) de Ventas B2B,wp_post_failed,2026-09-27T17:37:30.046090,https://cr.computrabajo.com/empleos-en-san-jose,25
dc31e73d803bb2fe,https://cr.computrabajo.com/ofertas-de-trabajo/oferta-de-trabajo-de-telemercadeo-en-san-jose-4CDA5E1F4A19C80161373E686DCF3405,Telemercadeo,wp_post_failed,2026-09-27T17:37:34.563232,https://cr.computrabajo.com/empleos-en-san-jose,26
b94b95591af96d9e,https://cr.computrabajo.com/ofertas-de-trabajo/oferta-de-trabajo-de-anfitriona-de-restaurante-en-escazu-EB601C61C6A874C461373E686DCF3405,Anfitriona de Restaurante,wp_post_failed,2026-09-27T17:37:38.949175,https://cr.computrabajo.com/empleos-en-san-jose,26
c1c24079e054e329,https://cr.computrabajo.com/ofertas-de-trabajo/oferta-de-trabajo-de-sr-physical-security-representative-en-san-jose-4FA0E45273BE8E1C61373E686DCF3405,Sr. Physical Security Representative,wp_post_failed,2026-09-27T17:37:43.361892,https://cr.computrabajo.com/empleos-en-san-jose,26
a117c00e4d561fa8,https://cr.computrabajo.com/ofertas-de-trabajo/oferta-de-trabajo-de-cajero-en-escazu-2CEEDA6C21DE8E9C61373E686DCF3405,Cajero,wp_post_failed,2026-09-27T17:37:47.738700,https://cr.computrabajo.com/empleos-en-san-jose,26
c31b958e479fab10,https://cr.computrabajo.com/ofertas-de-trabajo/oferta-de-trabajo-de-gestor-de-credito-y-cobro-tecnico-en-contabilidad-en-goicoechea-A581A057A060CBCA61373E686DCF3405,Gestor de Crédito y Cobro - Técnico en Contabilidad,wp_post_failed,2026-09-27T17:37:52.065565,https://cr.computrabajo.com/empleos-en-san-jose,26
7f2eec67e52e2046,https://cr.computrabajo.com/ofertas-de-trabajo/oferta-de-trabajo-de-electromecanico-en-san-jose-AB3E2E4EBC4775D261373E686DCF3405,Electromecánico,wp_post_failed,2026-09-27T17:37:56.455665,https://cr.computrabajo.com/empleos-en-san-jose,26
58d7ca5a9849e242,https://cr.computrabajo.com/ofertas-de-trabajo/oferta-de-trabajo-de-asesora-comercial-asesor-comercial-de-servicios-en-san-jose-992C3585B3D66A8E61373E686DCF3405,Asesor/a comercial - Asesor Comercial de Servicios,wp_post_failed,2026-09-27T17:38:00.742009,https://cr.computrabajo.com/empleos-en-san-jose,26
0e346736eafb66a9,https://cr.computrabajo.com/ofertas-de-trabajo/oferta-de-trabajo-de-coordinador-de-comercio-exterior-importaciones-en-san-jose-5C42529910450C9761373E686DCF3405,Coordinador de Comercio Exterior (Importaciones),wp_post_failed,2026-09-27T17:38:05.122217,https://cr.computrabajo.com/empleos-en-san-jose,26
e629f7950fd37bd2,https://cr.computrabajo.com/ofertas-de-trabajo/oferta-de-trabajo-de-conductora-carroza-funebre-en-perez-zeledon-313524BC7CE61C0F61373E686DCF3405,Conductor/a - Carroza Funebre,wp_post_failed,2026-09-27T17:38:09.438058,https://cr.computrabajo.com/empleos-en-san-jose,26
51008e90398edb0a,https://cr.computrabajo.com/ofertas-de-trabajo/oferta-de-trabajo-de-regente-farmaceutico-medio-tiempo-y-tiempo-completo-maxi-pali-santa-ana-en-santa-ana-74F0D5FA2A34B0E561373E686DCF3405,Regente Farmacéutico Medio Tiempo y Tiempo completo - Maxi Pali Santa Ana,wp_post_failed,2026-09-27T17:38:13.829404,https://cr.computrabajo.com/empleos-en-san-jose,26
7b4f5e6f8b706959,https://cr.computrabajo.com/ofertas-de-trabajo/oferta-de-trabajo-de-ayudantes-de-taller-san-jose-instalacion-de-toldos-y-manteados-en-san-jose-B5B84468A63EA32261373E686DCF3405,Ayudantes de Taller/ San Jose - Instalación de Toldos y Manteados,wp_post_failed,2026-09-27T17:38:18.152201,https://cr.computrabajo.com/empleos-en-san-jose,26
b9fd04a00085ae2c,https://cr.computrabajo.com/ofertas-de-trabajo/oferta-de-trabajo-de-supervisor-produccion-con-experiencia-en-san-jose-900E6E4205F97FED61373E686DCF3405,Supervisor producción - con experiencia,wp_post_failed,2026-09-27T17:38:22.461039,https://cr.computrabajo.com/empleos-en-san-jose,26
04bb87b2893979aa,https://cr.computrabajo.com/ofertas-de-trabajo/oferta-de-trabajo-de-asesor-de-ventas-en-campo-de-repuestos-industriales-en-san-jose-4EE3DFF8BC0D49FE61373E686DCF3405,Asesor de Ventas en Campo de Repuestos Industriales,wp_post_failed,2026-09-27T17:38:26.844398,https://cr.computrabajo.com/empleos-en-san-jose,26
1fcdcb1cb7162d7a,https://cr.computrabajo.com/ofertas-de-trabajo/oferta-de-trabajo-de-asistente-de-gerencia-para-restaurantes-con-experiencia-en-san-jose-F9D984483B4FAFC661373E686DCF3405,Asistente de gerencia para restaurantes - Con experiencia,wp_post_failed,2026-09-27T17:38:31.257535,https://cr.computrabajo.com/empleos-en-san-jose,26
d79243b7888c1b1f,https://cr.computrabajo.com/ofertas-de-trabajo/oferta-de-trabajo-de-sub-administrador-tienda-pali-soledad-san-jose-en-san-jose-E97B403BDEE87A0861373E686DCF3405,Sub Administrador Tienda - Pali Soledad San José,wp_post_failed,2026-09-27T17:38:35.663046,https://cr.computrabajo.com/empleos-en-san-jose,26
af044359607bb8bf,https://cr.computrabajo.com/ofertas-de-trabajo/oferta-de-trabajo-de-asistente-de-quirofano-etica-y-disposicion-en-montes-de-oca-0B4E4F730970496C61373E686DCF3405,Asistente de Quirófano - Ética y disposición,wp_post_failed,2026-09-27T17:38:39.972816,https://cr.computrabajo.com/empleos-en-san-jose,26
f3b65bb9bf33ff56,https://cr.computrabajo.com/ofertas-de-trabajo/oferta-de-trabajo-de-operarioa-temporal-panificadora-el-hornito-en-san-jose-A88444A98366062361373E686DCF3405,Operario/a temporal - Panificadora el Hornito,wp_post_failed,2026-09-27T17:38:44.379700,https://cr.computrabajo.com/empleos-en-san-jose,26
a26e52b8926ecf8e,https://cr.computrabajo.com/ofertas-de-trabajo/oferta-de-trabajo-de-auxiliar-de-frescos-mxm-plaza-lincoln-en-moravia-40BA13578235525761373E686DCF3405,Auxiliar de Frescos - MxM Plaza Lincoln,wp_post_failed,2026-09-27T17:38:48.774954,https://cr.computrabajo.com/empleos-en-san-jose,26
8261ba34d23d5112,https://cr.computrabajo.com/ofertas-de-trabajo/oferta-de-trabajo-de-auxiliar-tienda-mxm-tibas-en-tibas-EDBD7CA38509723F61373E686DCF3405,Auxiliar Tienda - MxM Tibás,wp_post_failed,2026-09-27T17:38:53.176133,https://cr.computrabajo.com/empleos-en-san-jose,26
86df28c1b1fa7300,https://cr.computrabajo.com/ofertas-de-trabajo/oferta-de-trabajo-de-auxiliar-tienda-walmart-guadalupe-en-goicoechea-5BEB2B1DFD527B5261373E686DCF3405,Auxiliar Tienda - Walmart Guadalupe,wp_post_failed,2026-09-27T17:38:57.554336,https://cr.computrabajo.com/empleos-en-san-jose,26
b92635888673073a,https://cr.computrabajo.com/ofertas-de-trabajo/oferta-de-trabajo-de-cajero-a-i-walmart-tibas-en-tibas-580FA44488A53A5261373E686DCF3405,Cajero A I - Walmart Tibás,wp_post_failed,2026-09-27T17:39:02.134976,https://cr.computrabajo.com/empleos-en-san-jose,27
de3ae09fb45a0dbc,https://cr.computrabajo.com/ofertas-de-trabajo/oferta-de-trabajo-de-operador-de-tienda-pali-amelias-en-vasquez-de-coronado-D163281675DDBC7361373E686DCF3405,Operador de tienda - Pali Amelías,posted|wp_id=18704|https://costarica.mimusjobs.com/job/operador-de-tienda-pali-amelias-6/,2026-09-27T17:39:08.297162,https://cr.computrabajo.com/empleos-en-san-jose,27
0623c5594f42dc3b,https://cr.computrabajo.com/ofertas-de-trabajo/oferta-de-trabajo-de-posiciones-de-liderazgo-heredia-san-jose-aperturas-en-san-jose-6D393FBD3B5D155361373E686DCF3405,Posiciones de liderazgo - Heredia San José (Aperturas),posted|wp_id=18706|https://costarica.mimusjobs.com/job/posiciones-de-liderazgo-heredia-san-jose-aperturas-6/,2026-09-27T17:39:16.086558,https://cr.computrabajo.com/empleos-en-san-jose,27
9b19bf21a86762ff,https://cr.computrabajo.com/ofertas-de-trabajo/oferta-de-trabajo-de-operador-de-bodega-coronado-nocturno-en-vasquez-de-coronado-E3BF778DA5807EE061373E686DCF3405,Operador de Bodega - Coronado / Nocturno,posted|wp_id=11936|https://costarica.mimusjobs.com/job/operador-de-bodega-coronado-nocturno/,2026-09-27T17:39:20.280167,https://cr.computrabajo.com/empleos-en-san-jose,27
2c6edfb1e812ee7e,https://cr.computrabajo.com/ofertas-de-trabajo/oferta-de-trabajo-de-personal-de-restaurante-aleste-curridabat-en-santa-ana-6169F8FABD8520D661373E686DCF3405,Personal de Restaurante Aleste Curridabat,posted|wp_id=11938|https://costarica.mimusjobs.com/job/personal-de-restaurante-aleste-curridabat/,2026-09-27T17:39:24.643591,https://cr.computrabajo.com/empleos-en-san-jose,27
42f3cb7e61890176,https://cr.computrabajo.com/ofertas-de-trabajo/oferta-de-trabajo-de-agente-de-ventas-puerta-a-puerta-san-pedro-moravia-guadalupe-en-montes-de-oca-A5C8C948D1B940E761373E686DCF3405,"Agente de ventas - Puerta a Puerta San Pedro, Moravia, Guadalupe",posted|wp_id=11939|https://costarica.mimusjobs.com/job/agente-de-ventas-puerta-a-puerta-san-pedro-moravia-guadalupe/,2026-09-27T17:39:29.626466,https://cr.computrabajo.com/empleos-en-san-jose,27
61cfc0054c46d1ba,https://cr.computrabajo.com/ofertas-de-trabajo/oferta-de-trabajo-de-cajeros-vendedores-tienda-de-ropa-escazu-en-escazu-F5921E2762704F5761373E686DCF3405,"Cajeros, vendedores tienda de ropa Escazú",posted|wp_id=18708|https://costarica.mimusjobs.com/job/cajeros-vendedores-tienda-de-ropa-escazu-12/,2026-09-27T17:39:36.156543,https://cr.computrabajo.com/empleos-en-san-jose,27
ba39925d7fb7403b,https://cr.computrabajo.com/ofertas-de-trabajo/oferta-de-trabajo-de-miscelaneo-para-trabajos-en-alturas-san-jose-la-uruca-en-san-jose-F5951C8203122CC861373E686DCF3405,Misceláneo para trabajos en alturas - San José /La Uruca,posted|wp_id=18709|https://costarica.mimusjobs.com/job/miscelaneo-para-trabajos-en-alturas-san-jose-la-uruca-6/,2026-09-27T17:39:41.865612,https://cr.computrabajo.com/empleos-en-san-jose,27
62178dd110d3deec,https://cr.computrabajo.com/ofertas-de-trabajo/oferta-de-trabajo-de-asistente-operativoa-desamparados-en-desamparados-75D006EE66B7CACB61373E686DCF3405,Asistente Operativo(a) - Desamparados,posted|wp_id=18711|https://costarica.mimusjobs.com/job/asistente-operativoa-desamparados-6/,2026-09-27T17:39:47.980450,https://cr.computrabajo.com/empleos-en-san-jose,27
b45e6eb6d7217b16,https://cr.computrabajo.com/ofertas-de-trabajo/oferta-de-trabajo-de-chofer-lavador-para-curridabat-en-curridabat-53111443408BE9D661373E686DCF3405,Chofer Lavador para Curridabat,posted|wp_id=11943|https://costarica.mimusjobs.com/job/chofer-lavador-para-curridabat/,2026-09-27T17:39:51.105219,https://cr.computrabajo.com/empleos-en-san-jose,27
e270dd027f93db96,https://cr.computrabajo.com/ofertas-de-trabajo/oferta-de-trabajo-de-ayudante-de-cocina-escazu-en-escazu-FFDE90CA07DE124B61373E686DCF3405,Ayudante de Cocina (Escazú),posted|wp_id=18713|https://costarica.mimusjobs.com/job/ayudante-de-cocina-escazu-11/,2026-09-27T17:39:57.739709,https://cr.computrabajo.com/empleos-en-san-jose,27
d2b6bac23ed7cb65,https://cr.computrabajo.com/ofertas-de-trabajo/oferta-de-trabajo-de-control-de-calidad-vehicular-en-goicoechea-9130C3EFAE36160961373E686DCF3405,Control de Calidad Vehicular,posted|wp_id=11948|https://costarica.mimusjobs.com/job/control-de-calidad-vehicular/,2026-09-27T17:40:00.773673,https://cr.computrabajo.com/empleos-en-san-jose,27
78fcf0b60ddc0d43,https://cr.computrabajo.com/ofertas-de-trabajo/oferta-de-trabajo-de-asistente-de-gestion-documental-industria-medica-en-san-jose-F2564CE40450640961373E686DCF3405,Asistente de Gestión Documental - Industria Médica,posted|wp_id=18715|https://costarica.mimusjobs.com/job/asistente-de-gestion-documental-industria-medica-6/,2026-09-27T17:40:07.683375,https://cr.computrabajo.com/empleos-en-san-jose,27
37903469dafbb88a,https://cr.computrabajo.com/ofertas-de-trabajo/oferta-de-trabajo-de-vendedor-claro-retail-san-jose-cartago-en-san-jose-3A480F91BA10421461373E686DCF3405,"Vendedor Claro Retail - San José, Cartago",posted|wp_id=18716|https://costarica.mimusjobs.com/job/vendedor-claro-retail-san-jose-cartago-6/,2026-09-27T17:40:12.572395,https://cr.computrabajo.com/empleos-en-san-jose,27
b0f66356364bc07a,https://cr.computrabajo.com/ofertas-de-trabajo/oferta-de-trabajo-de-vendedor-de-tiendas-heladerias-zona-de-coronado-san-pedrotres-rios-en-san-jose-96152CD71046D89F61373E686DCF3405,"Vendedor de tiendas Heladerias - Zona de Coronado, San pedroTres ríos",posted|wp_id=18717|https://costarica.mimusjobs.com/job/vendedor-de-tiendas-heladerias-zona-de-coronado-san-pedrotres-rios-6/,2026-09-27T17:40:19.096239,https://cr.computrabajo.com/empleos-en-san-jose,27
50cb86ba2a2f732a,https://cr.computrabajo.com/ofertas-de-trabajo/oferta-de-trabajo-de-bodeguero-comedor-institucional--san-jose-en-san-jose-EA5329685F6508C661373E686DCF3405,Bodeguero Comedor Institucional / San José,posted|wp_id=18718|https://costarica.mimusjobs.com/job/bodeguero-comedor-institucional-san-jose-6/,2026-09-27T17:40:24.761107,https://cr.computrabajo.com/empleos-en-san-jose,27
b13d6b4492907e56,https://cr.computrabajo.com/ofertas-de-trabajo/oferta-de-trabajo-de-promotor-de-ventas-de-tecnologia-heredia-en-san-jose-4D595226EE543AC361373E686DCF3405,Promotor de Ventas de Tecnología Heredia,posted|wp_id=18720|https://costarica.mimusjobs.com/job/promotor-de-ventas-de-tecnologia-heredia-6/,2026-09-27T17:40:30.555997,https://cr.computrabajo.com/empleos-en-san-jose,27
d9540187925bc68d,https://cr.computrabajo.com/ofertas-de-trabajo/oferta-de-trabajo-de-prevendedora-consumo-masivo-cartago-en-san-jose-856AC157952F483061373E686DCF3405,Prevendedor/a (consumo masivo) - Cartago,posted|wp_id=11959|https://costarica.mimusjobs.com/job/prevendedor-a-consumo-masivo-cartago/,2026-09-27T17:40:33.247120,https://cr.computrabajo.com/empleos-en-san-jose,27
7288f657f75df395,https://cr.computrabajo.com/ofertas-de-trabajo/oferta-de-trabajo-de-auxiliares-de-tienda-temporada-gam-en-san-jose-F964A638661C4BAA61373E686DCF3405,Auxiliares de Tienda Temporada GAM,posted|wp_id=11957|https://costarica.mimusjobs.com/job/auxiliares-de-tienda-temporada-gam/,2026-09-27T17:40:36.635282,https://cr.computrabajo.com/empleos-en-san-jose,27
8503a93a3982177e,https://cr.computrabajo.com/ofertas-de-trabajo/oferta-de-trabajo-de-promotora-asesor-de-venta-pymes-puerta-a-puerta-en-san-jose-B6C7B8DAA4BC36E961373E686DCF3405,Promotor/a asesor de venta - pymes puerta a puerta,posted|wp_id=11960|https://costarica.mimusjobs.com/job/promotor-a-asesor-de-venta-pymes-puerta-a-puerta/,2026-09-27T17:40:39.258578,https://cr.computrabajo.com/empleos-en-san-jose,27
e47390c104ca219f,https://cr.computrabajo.com/ofertas-de-trabajo/oferta-de-trabajo-de-tecnico-de-instalacion-de-internet-en-san-jose-BAB4E4027CE1E99B61373E686DCF3405,Técnico de Instalación de Internet,posted|wp_id=18722|https://costarica.mimusjobs.com/job/tecnico-de-instalacion-de-internet-6/,2026-09-27T17:40:45.648396,https://cr.computrabajo.com/empleos-en-san-jose,28
2b9137ac1379b83b,https://cr.computrabajo.com/ofertas-de-trabajo/oferta-de-trabajo-de-oficial-de-servicio-al-cliente-experiencia-indispensable-en-aduanas-en-san-jose-28EF6198BBBF06FF61373E686DCF3405,Oficial de Servicio al cliente - Experiencia Indispensable en Aduanas,posted|wp_id=11967|https://costarica.mimusjobs.com/job/oficial-de-servicio-al-cliente-experiencia-indispensable-en-aduanas/,2026-09-27T17:40:49.202256,https://cr.computrabajo.com/empleos-en-san-jose,28
90287911c65492e0,https://cr.computrabajo.com/ofertas-de-trabajo/oferta-de-trabajo-de-agente-call-center-atencion-telefonica-en-san-jose-456BB7CA55E5428261373E686DCF3405,Agente Call Center - Atención Telefónica,posted|wp_id=18723|https://costarica.mimusjobs.com/job/agente-call-center-atencion-telefonica-6/,2026-09-27T17:40:54.390101,https://cr.computrabajo.com/empleos-en-san-jose,28
24e7fdc45e5fb913,https://cr.computrabajo.com/ofertas-de-trabajo/oferta-de-trabajo-de-auxiliar-procesamiento-de-marchamos-en-san-jose-D6B5A39CEAB3787661373E686DCF3405,Auxiliar procesamiento de marchamos,posted|wp_id=11969|https://costarica.mimusjobs.com/job/auxiliar-procesamiento-de-marchamos/,2026-09-27T17:40:57.150142,https://cr.computrabajo.com/empleos-en-san-jose,28
a38888318829bcea,https://cr.computrabajo.com/ofertas-de-trabajo/oferta-de-trabajo-de-promotor-de-ventas-puerta-a-puerta-pyme-san-jose-perez-zeledon-guapiles-zona-sur-limon-san-carlos-en-san-jose-E34650A3CAE53C2E61373E686DCF3405,"Promotor de ventas puerta a puerta Pyme San José, Pérez Zeledón - Guápiles, Zona sur, Limón, San Carlos",posted|wp_id=18724|https://costarica.mimusjobs.com/job/promotor-de-ventas-puerta-a-puerta-pyme-san-jose-perez-zeledon-guapiles-zona-sur-limon-san-carlos-6/,2026-09-27T17:41:01.712715,https://cr.computrabajo.com/empleos-en-san-jose,28
7e4248062a501fc6,https://cr.computrabajo.com/ofertas-de-trabajo/oferta-de-trabajo-de-gestora-de-calidad-en-san-jose-ED26260D88532B5961373E686DCF3405,Gestor(a) de Calidad,posted|wp_id=18726|https://costarica.mimusjobs.com/job/gestora-de-calidad-6/,2026-09-27T17:41:06.905884,https://cr.computrabajo.com/empleos-en-san-jose,28
03a1049fbd14c015,https://cr.computrabajo.com/ofertas-de-trabajo/oferta-de-trabajo-de-coordinadora-de-operaciones-y-proyectos-en-montes-de-oca-F444D228DE7346F661373E686DCF3405,Coordinador(a) de Operaciones y Proyectos,posted|wp_id=18727|https://costarica.mimusjobs.com/job/coordinadora-de-operaciones-y-proyectos-6/,2026-09-27T17:41:14.207672,https://cr.computrabajo.com/empleos-en-san-jose,28
3df9f3ea16f49f6c,https://cr.computrabajo.com/ofertas-de-trabajo/oferta-de-trabajo-de-hostess-en-escazu-139ED0BA5866EE6C61373E686DCF3405,Hostess,posted|wp_id=2813|https://costarica.mimusjobs.com/job/hostess/,2026-09-27T17:41:17.530801,https://cr.computrabajo.com/empleos-en-san-jose,28
3dcffa0049cfaa06,https://cr.computrabajo.com/ofertas-de-trabajo/oferta-de-trabajo-de-rotulador-trabajos-en-lona-y-vinil-en-san-jose-D5AD92260962DB8561373E686DCF3405,Rotulador Trabajos en lona y vinil,posted|wp_id=11977|https://costarica.mimusjobs.com/job/rotulador-trabajos-en-lona-y-vinil/,2026-09-27T17:41:21.100604,https://cr.computrabajo.com/empleos-en-san-jose,28
5812e3ebb12c0f37,https://cr.computrabajo.com/ofertas-de-trabajo/oferta-de-trabajo-de-tecnico-instalador-gpo-gam-y-alajuela-experiencia-en-telecomunicaciones-en-desamparados-C8E78463D1EE71A961373E686DCF3405,Técnico Instalador GPO (GAM y Alajuela) - Experiencia en telecomunicaciones,posted|wp_id=18729|https://costarica.mimusjobs.com/job/tecnico-instalador-gpo-gam-y-alajuela-experiencia-en-telecomunicaciones-6/,2026-09-27T17:41:27.172790,https://cr.computrabajo.com/empleos-en-san-jose,28
99d0a311cd311be0,https://cr.computrabajo.com/ofertas-de-trabajo/oferta-de-trabajo-de-ejecutivo-comercial-de-campo-soluciones-tecnologicas-cctv-y-control-de-accesos-en-montes-de-oca-E57F100259BD7DC861373E686DCF3405,"Ejecutivo Comercial de Campo - Soluciones Tecnológicas, CCTV y Control de Accesos",posted|wp_id=18731|https://costarica.mimusjobs.com/job/ejecutivo-comercial-de-campo-soluciones-tecnologicas-cctv-y-control-de-accesos-6/,2026-09-27T17:41:34.540188,https://cr.computrabajo.com/empleos-en-san-jose,28
1d6a91b4a8a2f7fc,https://cr.computrabajo.com/ofertas-de-trabajo/oferta-de-trabajo-de-operador-tienda-a-pali-tibas-en-tibas-09FEACA27FED423B61373E686DCF3405,Operador tienda A - Pali Tibas,posted|wp_id=11983|https://costarica.mimusjobs.com/job/operador-tienda-a-pali-tibas/,2026-09-27T17:41:39.054410,https://cr.computrabajo.com/empleos-en-san-jose,28
54ec14a2f26956cb,https://cr.computrabajo.com/ofertas-de-trabajo/oferta-de-trabajo-de-supervisor-de-marca-tiempo-completo-en-san-jose-6C661A0B5CC6629A61373E686DCF3405,Supervisor de Marca - Tiempo Completo,posted|wp_id=11984|https://costarica.mimusjobs.com/job/supervisor-de-marca-tiempo-completo/,2026-09-27T17:41:42.376177,https://cr.computrabajo.com/empleos-en-san-jose,28
d4d3793609310550,https://cr.computrabajo.com/ofertas-de-trabajo/oferta-de-trabajo-de-servicio-domestico-para-familia-lindora-en-santa-ana-14D1EDFAE498C0D461373E686DCF3405,Servicio domestico para familia - Lindora,posted|wp_id=11985|https://costarica.mimusjobs.com/job/servicio-domestico-para-familia-lindora/,2026-09-27T17:41:45.821504,https://cr.computrabajo.com/empleos-en-san-jose,28
b381606bbfd3ba65,https://cr.computrabajo.com/ofertas-de-trabajo/oferta-de-trabajo-de-asesor-de-servicios-bancarios-temporal-3-meses-en-san-jose-9EC7B981952B453F61373E686DCF3405,Asesor de Servicios bancarios - Temporal 3 meses,posted|wp_id=11986|https://costarica.mimusjobs.com/job/asesor-de-servicios-bancarios-temporal-3-meses/,2026-09-27T17:41:48.695073,https://cr.computrabajo.com/empleos-en-san-jose,28
b94066e348de2ecd,https://cr.computrabajo.com/ofertas-de-trabajo/oferta-de-trabajo-de-bodegueroa-alistador-en-san-jose-76564B5F2907548461373E686DCF3405,Bodeguero/a - Alistador,posted|wp_id=11990|https://costarica.mimusjobs.com/job/bodeguero-a-alistador/,2026-09-27T17:41:53.554515,https://cr.computrabajo.com/empleos-en-san-jose,28
e9ec885952dcbcc8,https://cr.computrabajo.com/ofertas-de-trabajo/oferta-de-trabajo-de-ingeniero-tecnico-de-servicio-en-santa-ana-79BDD1C69090C02961373E686DCF3405,Ingeniero Técnico de Servicio,posted|wp_id=18732|https://costarica.mimusjobs.com/job/ingeniero-tecnico-de-servicio-6/,2026-09-27T17:41:58.806363,https://cr.computrabajo.com/empleos-en-san-jose,28
b08be25724cd1ed3,https://cr.computrabajo.com/ofertas-de-trabajo/oferta-de-trabajo-de-coordinadora-de-instalaciones-y-produccion-en-escazu-DAA8789B06ADF7E561373E686DCF3405,Coordinadora de Instalaciones y producción,posted|wp_id=18733|https://costarica.mimusjobs.com/job/coordinadora-de-instalaciones-y-produccion-6/,2026-09-27T17:42:04.387291,https://cr.computrabajo.com/empleos-en-san-jose,28
90b6239d8950f8a3,https://cr.computrabajo.com/ofertas-de-trabajo/oferta-de-trabajo-de-supervisor-f2f-puntarenas-en-montes-de-oca-ADB0985800BE474E61373E686DCF3405,Supervisor F2F - Puntarenas,posted|wp_id=11991|https://costarica.mimusjobs.com/job/supervisor-f2f-puntarenas/,2026-09-27T17:42:07.668768,https://cr.computrabajo.com/empleos-en-san-jose,28
0c8dec080c38e591,https://cr.computrabajo.com/ofertas-de-trabajo/oferta-de-trabajo-de-asistente-de-gerencia-cartago-yo-san-jose-en-san-jose-0CA6B9881B17AA7161373E686DCF3405,Asistente de Gerencia - Cartago y/o San José,posted|wp_id=18734|https://costarica.mimusjobs.com/job/asistente-de-gerencia-cartago-y-o-san-jose-6/,2026-09-27T17:42:11.717461,https://cr.computrabajo.com/empleos-en-san-jose,28
445c55fb71b7359c,https://cr.computrabajo.com/ofertas-de-trabajo/oferta-de-trabajo-de-mecanico-agricola-en-san-jose-E98F1506D0FB7C6461373E686DCF3405,Mecánico Agrícola,posted|wp_id=18735|https://costarica.mimusjobs.com/job/mecanico-agricola-6/,2026-09-27T17:42:17.012333,https://cr.computrabajo.com/empleos-en-san-jose,29
cb422305c15c65b6,https://cr.computrabajo.com/ofertas-de-trabajo/oferta-de-trabajo-de-advisor-i-customer-service-bilingual-en-san-jose-858C6A63FE6B281361373E686DCF3405,"Advisor I, Customer Service - Bilingual",posted|wp_id=9448|https://costarica.mimusjobs.com/job/advisor-i-customer-service-bilingual/,2026-09-27T17:42:20.107120,https://cr.computrabajo.com/empleos-en-san-jose,29
0e36ef564420bbe3,https://cr.computrabajo.com/ofertas-de-trabajo/oferta-de-trabajo-de-ejecutivo-de-ventas-para-condominios-en-san-jose-E291B81C878B034561373E686DCF3405,Ejecutivo De Ventas Para Condominios,posted|wp_id=11996|https://costarica.mimusjobs.com/job/ejecutivo-de-ventas-para-condominios/,2026-09-27T17:42:23.150527,https://cr.computrabajo.com/empleos-en-san-jose,29
4eab86097ce58d57,https://cr.computrabajo.com/ofertas-de-trabajo/oferta-de-trabajo-de-promotora-asesor-de-venta-gpon-pyme-san-jose-en-san-jose-23AECADB5FD14ABA61373E686DCF3405,"Promotor/a asesor de venta GPON - Pyme, San Jose",posted|wp_id=11999|https://costarica.mimusjobs.com/job/promotor-a-asesor-de-venta-gpon-pyme-san-jose/,2026-09-27T17:42:26.481633,https://cr.computrabajo.com/empleos-en-san-jose,29
c4adccd0f9e42329,https://cr.computrabajo.com/ofertas-de-trabajo/oferta-de-trabajo-de-promotor-de-ventas-gam-consumo-masivo-en-tibas-D28D5D313456595F61373E686DCF3405,Promotor de Ventas GAM - Consumo Masivo,posted|wp_id=12001|https://costarica.mimusjobs.com/job/promotor-de-ventas-gam-consumo-masivo/,2026-09-27T17:42:30.306698,https://cr.computrabajo.com/empleos-en-san-jose,29
dbb15afd1be3898e,https://cr.computrabajo.com/ofertas-de-trabajo/oferta-de-trabajo-de-analista-de-reclutamiento-y-seleccion-de-personal-oficinas-escazu-san-jose-en-escazu-5174BADA22340D6861373E686DCF3405,Analista de reclutamiento y selección de personal - Oficinas Escazú San José,posted|wp_id=18736|https://costarica.mimusjobs.com/job/analista-de-reclutamiento-y-seleccion-de-personal-oficinas-escazu-san-jose-6/,2026-09-27T17:42:35.044185,https://cr.computrabajo.com/empleos-en-san-jose,29
ac50c719d739a387,https://cr.computrabajo.com/ofertas-de-trabajo/oferta-de-trabajo-de-ingeniero-electromecanico-en-santa-ana-A1A9842EFD5A291C61373E686DCF3405,Ingeniero electromecánico,posted|wp_id=18738|https://costarica.mimusjobs.com/job/ingeniero-electromecanico-13/,2026-09-27T17:42:41.042581,https://cr.computrabajo.com/empleos-en-san-jose,29
90e58a59a1af6b37,https://cr.computrabajo.com/ofertas-de-trabajo/oferta-de-trabajo-de-tecnico-instalador-en-seguridad-electronica-en-montes-de-oca-E11E164A769AAA6661373E686DCF3405,Técnico Instalador en Seguridad Electrónica,posted|wp_id=18742|https://costarica.mimusjobs.com/job/tecnico-instalador-en-seguridad-electronica-6/,2026-09-27T17:42:48.948848,https://cr.computrabajo.com/empleos-en-san-jose,29
6a753fc3f5d57a8f,https://cr.computrabajo.com/ofertas-de-trabajo/oferta-de-trabajo-de-cocinero-parrillero-en-escazu-4000DDDA5524035D61373E686DCF3405,Cocinero parrillero,posted|wp_id=12012|https://costarica.mimusjobs.com/job/cocinero-parrillero/,2026-09-27T17:42:51.629807,https://cr.computrabajo.com/empleos-en-san-jose,29
2595a1e78f984c49,https://cr.computrabajo.com/ofertas-de-trabajo/oferta-de-trabajo-de-ejecutiva-de-trademarketing-jr-en-montes-de-oca-31CF0EC5C461487061373E686DCF3405,Ejecutiva de Trademarketing Jr,posted|wp_id=12013|https://costarica.mimusjobs.com/job/ejecutiva-de-trademarketing-jr/,2026-09-27T17:42:55.480032,https://cr.computrabajo.com/empleos-en-san-jose,29
211d136f142f0332,https://cr.computrabajo.com/ofertas-de-trabajo/oferta-de-trabajo-de-asistente-de-gestion-comercial-en-vasquez-de-coronado-2EE7B00B12C27DA061373E686DCF3405,Asistente de Gestión Comercial,posted|wp_id=18743|https://costarica.mimusjobs.com/job/asistente-de-gestion-comercial-6/,2026-09-27T17:43:01.453545,https://cr.computrabajo.com/empleos-en-san-jose,29
9af5954c8453176b,https://cr.computrabajo.com/ofertas-de-trabajo/oferta-de-trabajo-de-mecanico-automotriz-amplia-experiencia-en-san-jose-31FDF6AE04572B0161373E686DCF3405,Mecánico automotriz - Amplia experiencia,posted|wp_id=18744|https://costarica.mimusjobs.com/job/mecanico-automotriz-amplia-experiencia-6/,2026-09-27T17:43:07.970712,https://cr.computrabajo.com/empleos-en-san-jose,29
ccc17f6e3f225fb9,https://cr.computrabajo.com/ofertas-de-trabajo/oferta-de-trabajo-de-auxiliar-de-tienda-masxmenos-sabana-en-san-jose-F6B45A1FBCDDF49C61373E686DCF3405,Auxiliar de Tienda MasxMenos Sabana,posted|wp_id=12018|https://costarica.mimusjobs.com/job/auxiliar-de-tienda-masxmenos-sabana/,2026-09-27T17:43:11.110539,https://cr.computrabajo.com/empleos-en-san-jose,29
82dca83e04750bec,https://cr.computrabajo.com/ofertas-de-trabajo/oferta-de-trabajo-de-desamparados-auxiliar-seguridad-seguridad-san-jose-en-desamparados-BA7AEEE78C9F62EC61373E686DCF3405,Desamparados Auxiliar Seguridad - Seguridad San José,posted|wp_id=18746|https://costarica.mimusjobs.com/job/desamparados-auxiliar-seguridad-seguridad-san-jose-6/,2026-09-27T17:43:17.242451,https://cr.computrabajo.com/empleos-en-san-jose,29
57ba994684feeae1,https://cr.computrabajo.com/ofertas-de-trabajo/oferta-de-trabajo-de-renderista-disenador-producto-en-san-jose-175791B6F57B475961373E686DCF3405,Renderista Diseñador Producto,posted|wp_id=18748|https://costarica.mimusjobs.com/job/renderista-disenador-producto-6/,2026-09-27T17:43:23.720357,https://cr.computrabajo.com/empleos-en-san-jose,29
6d09b27b08fd6181,https://cr.computrabajo.com/ofertas-de-trabajo/oferta-de-trabajo-de-personal-de-limpieza-en-san-jose-89F477D599EB8B9F61373E686DCF3405,Personal de limpieza,posted|wp_id=12015|https://costarica.mimusjobs.com/job/personal-de-limpieza/,2026-09-27T17:43:27.174435,https://cr.computrabajo.com/empleos-en-san-jose,29
88135c0b6bfb6498,https://cr.computrabajo.com/ofertas-de-trabajo/oferta-de-trabajo-de-medico-general-en-san-jose-08D30C72331B3A1561373E686DCF3405,Médico General,posted|wp_id=18750|https://costarica.mimusjobs.com/job/medico-general-9/,2026-09-27T17:43:33.851125,https://cr.computrabajo.com/empleos-en-san-jose,29
c16cf7551ebf398a,https://cr.computrabajo.com/ofertas-de-trabajo/oferta-de-trabajo-de-encargado-a-de-facturacion-en-san-jose-648065411A729D9461373E686DCF3405,Encargado (a) de Facturación,posted|wp_id=18751|https://costarica.mimusjobs.com/job/encargado-a-de-facturacion-6/,2026-09-27T17:43:38.549265,https://cr.computrabajo.com/empleos-en-san-jose,29
89c4f895ed46aca8,https://cr.computrabajo.com/ofertas-de-trabajo/oferta-de-trabajo-de-tecnico-de-mantenimiento-digital-en-santa-ana-E006DC5E998E4CC661373E686DCF3405,Técnico de Mantenimiento Digital,posted|wp_id=18753|https://costarica.mimusjobs.com/job/tecnico-de-mantenimiento-digital-6/,2026-09-27T17:43:44.695517,https://cr.computrabajo.com/empleos-en-san-jose,29
2c38a1f278512991,https://cr.computrabajo.com/ofertas-de-trabajo/oferta-de-trabajo-de-jefe-de-operaciones-retail-comedores-institucionales-en-san-jose-F5B213E25AB4F5E661373E686DCF3405,Jefe de Operaciones Retail - Comedores Institucionales,posted|wp_id=12026|https://costarica.mimusjobs.com/job/jefe-de-operaciones-retail-comedores-institucionales/,2026-09-27T17:43:47.382552,https://cr.computrabajo.com/empleos-en-san-jose,29
10b6423908a259aa,https://cr.computrabajo.com/ofertas-de-trabajo/oferta-de-trabajo-de-asistente-operaciones-en-tibas-81AEBF62F18736BA61373E686DCF3405,Asistente - Operaciones,posted|wp_id=12027|https://costarica.mimusjobs.com/job/asistente-operaciones/,2026-09-27T17:43:50.035367,https://cr.computrabajo.com/empleos-en-san-jose,30
0f0d53d5beaa2353,https://cr.computrabajo.com/ofertas-de-trabajo/oferta-de-trabajo-de-jefe-de-estimacion-de-la-demanda-sector-venta-directa-o-consumo-masivoretail-en-san-jose-2B60840DF357ACBD61373E686DCF3405,Jefe de Estimación de la Demanda - sector venta directa o consumo masivo/retail,posted|wp_id=18755|https://costarica.mimusjobs.com/job/jefe-de-estimacion-de-la-demanda-sector-venta-directa-o-consumo-masivo-retail-6/,2026-09-27T17:43:55.981920,https://cr.computrabajo.com/empleos-en-san-jose,30
e371f7c46d8b38af,https://cr.computrabajo.com/ofertas-de-trabajo/oferta-de-trabajo-de-bodeguero-tienda-de-ropa-escazu-en-escazu-D41560E7227B693E61373E686DCF3405,Bodeguero tienda de ropa Escazú,posted|wp_id=18757|https://costarica.mimusjobs.com/job/bodeguero-tienda-de-ropa-escazu-22/,2026-09-27T17:44:01.627510,https://cr.computrabajo.com/empleos-en-san-jose,30
679876f0cc058100,https://cr.computrabajo.com/ofertas-de-trabajo/oferta-de-trabajo-de-pilero-aleste-curridabat-en-curridabat-9B5A625746BB41CA61373E686DCF3405,Pilero Aleste Curridabat,posted|wp_id=11225|https://costarica.mimusjobs.com/job/pilero-aleste-curridabat/,2026-09-27T17:44:05.198490,https://cr.computrabajo.com/empleos-en-san-jose,30
9a3e14d4f1edcd2a,https://cr.computrabajo.com/ofertas-de-trabajo/oferta-de-trabajo-de-vendedor-de-tiendas-heladerias-plaza-bambu-san-jose-en-san-jose-F1BBDDCB2683479461373E686DCF3405,Vendedor de tiendas Heladerias - Plaza Bambú San Jose,posted|wp_id=18758|https://costarica.mimusjobs.com/job/vendedor-de-tiendas-heladerias-plaza-bambu-san-jose-17/,2026-09-27T17:44:09.799416,https://cr.computrabajo.com/empleos-en-san-jose,30
8b6df15b665b8939,https://cr.computrabajo.com/ofertas-de-trabajo/oferta-de-trabajo-de-supervisor-de-servicios-generales-en-curridabat-13233EFACE81FC2F61373E686DCF3405,Supervisor de Servicios Generales,posted|wp_id=6438|https://costarica.mimusjobs.com/job/supervisor-de-servicios-generales/,2026-09-27T17:44:13.183562,https://cr.computrabajo.com/empleos-en-san-jose,30
c08a1c96699afe63,https://cr.computrabajo.com/ofertas-de-trabajo/oferta-de-trabajo-de-operador-tienda-pali-llorente-en-san-jose-54DB62B26628690361373E686DCF3405,Operador Tienda - Pali Llorente,posted|wp_id=12037|https://costarica.mimusjobs.com/job/operador-tienda-pali-llorente/,2026-09-27T17:44:17.899964,https://cr.computrabajo.com/empleos-en-san-jose,30
5bff46edc7805ec3,https://cr.computrabajo.com/ofertas-de-trabajo/oferta-de-trabajo-de-operador-de-tienda-pali-betania-en-vasquez-de-coronado-C9085A77D69E9C3061373E686DCF3405,Operador de tienda - Pali Betania,posted|wp_id=12039|https://costarica.mimusjobs.com/job/operador-de-tienda-pali-betania/,2026-09-27T17:44:21.462938,https://cr.computrabajo.com/empleos-en-san-jose,30
4cb9bc8f75fa2ba3,https://cr.computrabajo.com/ofertas-de-trabajo/oferta-de-trabajo-de-mecanico-para-equipo-pesado-en-san-jose-AFEDE5F77E38EC0161373E686DCF3405,Mecánico para equipo pesado,posted|wp_id=18759|https://costarica.mimusjobs.com/job/mecanico-para-equipo-pesado-6/,2026-09-27T17:44:25.679523,https://cr.computrabajo.com/empleos-en-san-jose,30
3fed44a2ab0325f6,https://cr.computrabajo.com/ofertas-de-trabajo/oferta-de-trabajo-de-asistente-de-cuentas-por-cobrar-con-experiencia-en-goicoechea-008F7A432DBA425861373E686DCF3405,Asistente de Cuentas por Cobrar - con experiencia,posted|wp_id=11963|https://costarica.mimusjobs.com/job/asistente-de-cuentas-por-cobrar-con-experiencia/,2026-09-27T17:44:28.193393,https://cr.computrabajo.com/empleos-en-san-jose,30
4d08519a56a7c652,https://cr.computrabajo.com/ofertas-de-trabajo/oferta-de-trabajo-de-profesional-junior-en-mercadeo-estrategico-en-curridabat-12DB0B24F6795AE261373E686DCF3405,Profesional Junior en Mercadeo Estratégico,posted|wp_id=18760|https://costarica.mimusjobs.com/job/profesional-junior-en-mercadeo-estrategico-6/,2026-09-27T17:44:32.035077,https://cr.computrabajo.com/empleos-en-san-jose,30
a896f6bc15a7c873,https://cr.computrabajo.com/ofertas-de-trabajo/oferta-de-trabajo-de-tecnico-instalador-cctv-y-gps-en-san-jose-9B7B29E7068C3A8D61373E686DCF3405,Técnico Instalador CCTV y GPS,posted|wp_id=18761|https://costarica.mimusjobs.com/job/tecnico-instalador-cctv-y-gps-6/,2026-09-27T17:44:36.610469,https://cr.computrabajo.com/empleos-en-san-jose,30
d2104f0bc35a3a20,https://cr.computrabajo.com/ofertas-de-trabajo/oferta-de-trabajo-de-supervisor-f2f-san-jose-en-montes-de-oca-7CFB5CD71AF5929D61373E686DCF3405,Supervisor F2F - San José,posted|wp_id=18762|https://costarica.mimusjobs.com/job/supervisor-f2f-san-jose-11/,2026-09-27T17:44:41.499544,https://cr.computrabajo.com/empleos-en-san-jose,30
929f6e1dafb0f2a9,https://cr.computrabajo.com/ofertas-de-trabajo/oferta-de-trabajo-de-administrativoa-recepcionista-en-escazu-D9F6FB4577CCF7C461373E686DCF3405,Administrativo/a recepcionista,posted|wp_id=12168|https://costarica.mimusjobs.com/job/administrativo-a-recepcionista/,2026-09-27T17:44:44.232773,https://cr.computrabajo.com/empleos-en-san-jose,30
1ff5221a6aa02faf,https://cr.computrabajo.com/ofertas-de-trabajo/oferta-de-trabajo-de-asistente-de-oficina-medio-tiempo-en-escazu-2132BD8ECC7594CF61373E686DCF3405,Asistente de Oficina - Medio tiempo,posted|wp_id=12170|https://costarica.mimusjobs.com/job/asistente-de-oficina-medio-tiempo/,2026-09-27T17:44:47.587939,https://cr.computrabajo.com/empleos-en-san-jose,30
6af8ce5bb08be947,https://cr.computrabajo.com/ofertas-de-trabajo/oferta-de-trabajo-de-bodeguero-tienda-de-ropa-escazu-en-escazu-1FB7F643545AB26861373E686DCF3405,Bodeguero tienda de ropa Escazú,posted|wp_id=18764|https://costarica.mimusjobs.com/job/bodeguero-tienda-de-ropa-escazu-23/,2026-09-27T17:44:51.881296,https://cr.computrabajo.com/empleos-en-san-jose,30
a73d1598c96f068f,https://cr.computrabajo.com/ofertas-de-trabajo/oferta-de-trabajo-de-tecnico-instalacion-de-gpsaccesorios-automotrices-en-tibas-2344E7E401E01FCE61373E686DCF3405,Tecnico Instalación de GPS/Accesorios Automotrices,posted|wp_id=18766|https://costarica.mimusjobs.com/job/tecnico-instalacion-de-gps-accesorios-automotrices-6/,2026-09-27T17:44:57.862473,https://cr.computrabajo.com/empleos-en-san-jose,30
38ee02dedea7422e,https://cr.computrabajo.com/ofertas-de-trabajo/oferta-de-trabajo-de-tecnico-laboratorio-microbiologo-en-san-jose-AD9FB2016F678CDB61373E686DCF3405,Técnico laboratorio - Microbiólogo,posted|wp_id=18768|https://costarica.mimusjobs.com/job/tecnico-laboratorio-microbiologo-6/,2026-09-27T17:45:04.406799,https://cr.computrabajo.com/empleos-en-san-jose,30
f5066960b1a382e8,https://cr.computrabajo.com/ofertas-de-trabajo/oferta-de-trabajo-de-operador-de-tienda-pali-betania-en-vasquez-de-coronado-3CE03D810C16A45061373E686DCF3405,Operador de tienda - Pali Betania,posted|wp_id=12039|https://costarica.mimusjobs.com/job/operador-de-tienda-pali-betania/,2026-09-27T17:45:07.545258,https://cr.computrabajo.com/empleos-en-san-jose,30
e2de15a8458ff954,https://cr.computrabajo.com/ofertas-de-trabajo/oferta-de-trabajo-de-dependiente-de-tienda-de-productos-de-alta-gama-horario-de-mall-bachiller-en-educacion-media-en-vasquez-de-coronado-2F4103B50A2BD3F361373E686DCF3405,Dependiente de Tienda de Productos de Alta Gama Horario de Mall - Bachiller en Educación Media,posted|wp_id=18769|https://costarica.mimusjobs.com/job/dependiente-de-tienda-de-productos-de-alta-gama-horario-de-mall-bachiller-en-educacion-media-6/,2026-09-27T17:45:12.569104,https://cr.computrabajo.com/empleos-en-san-jose,30
90ba424aa3296d22,https://cr.computrabajo.com/ofertas-de-trabajo/oferta-de-trabajo-de-bodeguero-con-experiencia-en-escazu-FE544F0D26D92EA561373E686DCF3405,Bodeguero - Con Experiencia,posted|wp_id=12180|https://costarica.mimusjobs.com/job/bodeguero-con-experiencia/,2026-09-27T17:45:16.071488,https://cr.computrabajo.com/empleos-en-san-jose,31
1c63c170ab05a9c4,https://cr.computrabajo.com/ofertas-de-trabajo/oferta-de-trabajo-de-asesor-comercial-baterias-y-filtros-automotrices-en-san-jose-D73871A74A3E214261373E686DCF3405,Asesor Comercial Baterias y Filtros Automotrices,posted|wp_id=12181|https://costarica.mimusjobs.com/job/asesor-comercial-baterias-y-filtros-automotrices/,2026-09-27T17:45:19.484877,https://cr.computrabajo.com/empleos-en-san-jose,31
60c3f2c3de3347e8,https://cr.computrabajo.com/ofertas-de-trabajo/oferta-de-trabajo-de-encargadoa-de-compras-carniceria-en-san-jose-830DF0E685016C4B61373E686DCF3405,Encargado/a de compras - Carniceria,posted|wp_id=12182|https://costarica.mimusjobs.com/job/encargado-a-de-compras-carniceria/,2026-09-27T17:45:22.793909,https://cr.computrabajo.com/empleos-en-san-jose,31
bd2e594d29306697,https://cr.computrabajo.com/ofertas-de-trabajo/oferta-de-trabajo-de-auxiliar-de-recursos-humanos-con-experiencia-en-desamparados-9217884F665976C361373E686DCF3405,Auxiliar de recursos humanos - Con experiencia,posted|wp_id=12186|https://costarica.mimusjobs.com/job/auxiliar-de-recursos-humanos-con-experiencia/,2026-09-27T17:45:25.165429,https://cr.computrabajo.com/empleos-en-san-jose,31
d7d5e87155801f57,https://cr.computrabajo.com/ofertas-de-trabajo/oferta-de-trabajo-de-agente-de-atencion-al-cliente-telefonico-y-canales-digitales-en-curridabat-2ED119F20A832F0061373E686DCF3405,Agente de atención al cliente - telefónico y canales digitales,posted|wp_id=18773|https://costarica.mimusjobs.com/job/agente-de-atencion-al-cliente-telefonico-y-canales-digitales-6/,2026-09-27T17:45:33.480726,https://cr.computrabajo.com/empleos-en-san-jose,31
51f6c9b9c3780e39,https://cr.computrabajo.com/ofertas-de-trabajo/oferta-de-trabajo-de-asistente-financiero-con-experiencia-en-el-puesto-y-manejo-de-excel-avanzado-en-escazu-en-escazu-1C1D3CF6C6DFC94F61373E686DCF3405,Asistente Financiero con experiencia en el puesto y manejo de Excel avanzado. - en Escazú,posted|wp_id=18774|https://costarica.mimusjobs.com/job/asistente-financiero-con-experiencia-en-el-puesto-y-manejo-de-excel-avanzado-en-escazu-6/,2026-09-27T17:45:38.142638,https://cr.computrabajo.com/empleos-en-san-jose,31
8710a309e33d8b2c,https://cr.computrabajo.com/ofertas-de-trabajo/oferta-de-trabajo-de-asesor-a-comercial-residencial-en-san-jose-111AA70D136AC30061373E686DCF3405,Asesor (a) Comercial Residencial,posted|wp_id=12194|https://costarica.mimusjobs.com/job/asesor-a-comercial-residencial/,2026-09-27T17:45:41.102035,https://cr.computrabajo.com/empleos-en-san-jose,31
c90b96f7006f8ebe,https://cr.computrabajo.com/ofertas-de-trabajo/oferta-de-trabajo-de-asistentea-de-importaciones-en-san-jose-339A90E44BC6AA6361373E686DCF3405,Asistente/a de importaciones,posted|wp_id=12196|https://costarica.mimusjobs.com/job/asistente-a-de-importaciones/,2026-09-27T17:45:44.611467,https://cr.computrabajo.com/empleos-en-san-jose,31
aebcb6087b7fa10e,https://cr.computrabajo.com/ofertas-de-trabajo/oferta-de-trabajo-de-cajeros-vendedores-tienda-de-ropa-gam-en-escazu-589F61C9D91E116561373E686DCF3405,"Cajeros, vendedores tienda de ropa GAM",posted|wp_id=11153|https://costarica.mimusjobs.com/job/cajeros-vendedores-tienda-de-ropa-gam/,2026-09-27T17:45:47.880133,https://cr.computrabajo.com/empleos-en-san-jose,31
2f5b320b6bba1c2a,https://cr.computrabajo.com/ofertas-de-trabajo/oferta-de-trabajo-de-vendedor-de-tiendas-heladerias-plaza-bambu-san-jose-en-san-jose-4E5B7FFA3465E3BD61373E686DCF3405,Vendedor de tiendas Heladerias - Plaza Bambú San Jose,posted|wp_id=18775|https://costarica.mimusjobs.com/job/vendedor-de-tiendas-heladerias-plaza-bambu-san-jose-18/,2026-09-27T17:45:53.110503,https://cr.computrabajo.com/empleos-en-san-jose,31
7b0c572761622459,https://cr.computrabajo.com/ofertas-de-trabajo/oferta-de-trabajo-de-junior-developer-softwares-cloud-en-san-jose-37577788D3ABE84161373E686DCF3405,Junior Developer - Softwares Cloud,posted|wp_id=12200|https://costarica.mimusjobs.com/job/junior-developer-softwares-cloud/,2026-09-27T17:45:55.779904,https://cr.computrabajo.com/empleos-en-san-jose,31
5b63d5e653ad9a5b,https://cr.computrabajo.com/ofertas-de-trabajo/oferta-de-trabajo-de-bodeguero-tienda-de-ropa-escazu-en-escazu-34AC09626F88D76861373E686DCF3405,Bodeguero tienda de ropa Escazú,posted|wp_id=18777|https://costarica.mimusjobs.com/job/bodeguero-tienda-de-ropa-escazu-24/,2026-09-27T17:46:02.814288,https://cr.computrabajo.com/empleos-en-san-jose,31
77d8af58fbe4090d,https://cr.computrabajo.com/ofertas-de-trabajo/oferta-de-trabajo-de-especialista-en-ingles-metodologia-y-desarrollo-edtech-en-vasquez-de-coronado-26644421BE35823361373E686DCF3405,Especialista en Inglés - Metodología y desarrollo EdTech,posted|wp_id=18778|https://costarica.mimusjobs.com/job/especialista-en-ingles-metodologia-y-desarrollo-edtech-6/,2026-09-27T17:46:08.489688,https://cr.computrabajo.com/empleos-en-san-jose,31
b51b6c4bc03a4535,https://cr.computrabajo.com/ofertas-de-trabajo/oferta-de-trabajo-de-encargado-de-logistica-estudios-en-ingenieria-industrial-en-san-jose-51602CB48850585361373E686DCF3405,Encargado de logística - Estudios en Ingeniería Industrial,posted|wp_id=18779|https://costarica.mimusjobs.com/job/encargado-de-logistica-estudios-en-ingenieria-industrial-6/,2026-09-27T17:46:13.192126,https://cr.computrabajo.com/empleos-en-san-jose,31
04d85212e5b776f2,https://cr.computrabajo.com/ofertas-de-trabajo/oferta-de-trabajo-de-auxiliar-de-contabilidad-en-curridabat-DA15C695C89C1A8461373E686DCF3405,Auxiliar de contabilidad,posted|wp_id=9626|https://costarica.mimusjobs.com/job/auxiliar-de-contabilidad/,2026-09-27T17:46:15.913228,https://cr.computrabajo.com/empleos-en-san-jose,31
259642d7cdd7adc2,https://cr.computrabajo.com/ofertas-de-trabajo/oferta-de-trabajo-de-contador-privado-incorporado-en-san-jose-E19AC7BFAE55EE5561373E686DCF3405,Contador Privado Incorporado,posted|wp_id=9958|https://costarica.mimusjobs.com/job/contador-privado-incorporado/,2026-09-27T17:46:18.352103,https://cr.computrabajo.com/empleos-en-san-jose,31
0ca2655fd5e34335,https://cr.computrabajo.com/ofertas-de-trabajo/oferta-de-trabajo-de-ejecutivo-ade-servicio-al-cliente-en-escazu-C6101BA8ECE9F48D61373E686DCF3405,Ejecutivo (a)de Servicio al Cliente,posted|wp_id=18780|https://costarica.mimusjobs.com/job/ejecutivo-ade-servicio-al-cliente-6/,2026-09-27T17:46:22.936503,https://cr.computrabajo.com/empleos-en-san-jose,31
35cf5afa44de8fe5,https://cr.computrabajo.com/ofertas-de-trabajo/oferta-de-trabajo-de-disenador-grafico-operario-en-san-jose-F43E75C54E5DD49161373E686DCF3405,diseñador grafico operario,posted|wp_id=18781|https://costarica.mimusjobs.com/job/disenador-grafico-operario-6/,2026-09-27T17:46:27.052280,https://cr.computrabajo.com/empleos-en-san-jose,31
ace5b2c0ed52d8a1,https://cr.computrabajo.com/ofertas-de-trabajo/oferta-de-trabajo-de-supervisor-de-ventas-y-mercadeo-en-san-jose-D918D2028A7C1B8661373E686DCF3405,supervisor de ventas y mercadeo,posted|wp_id=12213|https://costarica.mimusjobs.com/job/supervisor-de-ventas-y-mercadeo/,2026-09-27T17:46:29.632638,https://cr.computrabajo.com/empleos-en-san-jose,31
5123c6fe116bd213,https://cr.computrabajo.com/ofertas-de-trabajo/oferta-de-trabajo-de-asistentea-de-secretaria-en-escazu-C3C4739C15A5058061373E686DCF3405,Asistente/a de secretaria,posted|wp_id=12217|https://costarica.mimusjobs.com/job/asistente-a-de-secretaria/,2026-09-27T17:46:33.766090,https://cr.computrabajo.com/empleos-en-san-jose,31
ab792c17a69105e1,https://cr.computrabajo.com/ofertas-de-trabajo/oferta-de-trabajo-de-analista-de-licitaciones-y-contratacion-publica-en-seguridad-electronica-en-moravia-5D8FCB3CBD79D08361373E686DCF3405,Licitador/a,posted|wp_id=12221|https://costarica.mimusjobs.com/job/licitador-a/,2026-09-27T17:46:37.933186,https://cr.computrabajo.com/empleos-en-san-jose,32
47eff9a53bd05680,https://cr.computrabajo.com/ofertas-de-trabajo/oferta-de-trabajo-de-asesor-de-ventas-digitales-con-experiencia-en-venta-por-redes-sociales-en-san-sebastian-en-san-jose-DFC8EAA3FF1A392E61373E686DCF3405,Asesor de ventas Digitales con experiencia en venta por redes sociales - en San Sebastián,posted|wp_id=18784|https://costarica.mimusjobs.com/job/asesor-de-ventas-digitales-con-experiencia-en-venta-por-redes-sociales-en-san-sebastian-6/,2026-09-27T17:46:43.184848,https://cr.computrabajo.com/empleos-en-san-jose,32
ff538bdb21499405,https://cr.computrabajo.com/ofertas-de-trabajo/oferta-de-trabajo-de-asistente-de-talento-humano-en-san-jose-B9F87DFA7BA765E261373E686DCF3405,Asistente de Talento Humano,posted|wp_id=12226|https://costarica.mimusjobs.com/job/asistente-de-talento-humano/,2026-09-27T17:46:46.389762,https://cr.computrabajo.com/empleos-en-san-jose,32
5585c89808751be6,https://cr.computrabajo.com/ofertas-de-trabajo/oferta-de-trabajo-de-disenadora-grafico-digitador-en-san-jose-0604DD713B00849761373E686DCF3405,Diseñador/a grafico digitador,posted|wp_id=18785|https://costarica.mimusjobs.com/job/disenador-a-grafico-digitador-6/,2026-09-27T17:46:50.003359,https://cr.computrabajo.com/empleos-en-san-jose,32
e7b8abc30ad0ae76,https://cr.computrabajo.com/ofertas-de-trabajo/oferta-de-trabajo-de-vendedor-ecomerce-en-san-jose-173BF86BF4AF4C4661373E686DCF3405,vendedor ecomerce,posted|wp_id=12229|https://costarica.mimusjobs.com/job/vendedor-ecomerce/,2026-09-27T17:46:52.232604,https://cr.computrabajo.com/empleos-en-san-jose,32
4c7d77474588fc98,https://cr.computrabajo.com/ofertas-de-trabajo/oferta-de-trabajo-de-coordinador-de-ventas-y-mercadeo-en-san-jose-611DCED407B6132C61373E686DCF3405,coordinador de ventas y mercadeo,posted|wp_id=12230|https://costarica.mimusjobs.com/job/coordinador-de-ventas-y-mercadeo/,2026-09-27T17:46:55.032452,https://cr.computrabajo.com/empleos-en-san-jose,32
471cffcc38ce8d29,https://cr.computrabajo.com/ofertas-de-trabajo/oferta-de-trabajo-de-asistente-de-mecanico-en-san-jose-8F3797C84D22707661373E686DCF3405,Asistente de Mecánico,posted|wp_id=18787|https://costarica.mimusjobs.com/job/asistente-de-mecanico-6/,2026-09-27T17:47:01.111314,https://cr.computrabajo.com/empleos-en-san-jose,32
9a2f94c66a983b3b,https://cr.computrabajo.com/ofertas-de-trabajo/oferta-de-trabajo-de-chofer-alajuela-en-alajuela-A83F64A27E4FC7A661373E686DCF3405,Chófer - Alajuelita,posted|wp_id=18789|https://costarica.mimusjobs.com/job/chofer-alajuelita-6/,2026-09-27T17:47:05.673099,https://cr.computrabajo.com/empleos-en-san-jose,32
ddef5ec758127b6c,https://cr.computrabajo.com/ofertas-de-trabajo/oferta-de-trabajo-de-cocinera-con-experienacia-en-san-jose-CC38FC9D06BB641F61373E686DCF3405,Cocinera con experienacia,posted|wp_id=12238|https://costarica.mimusjobs.com/job/cocinera-con-experienacia/,2026-09-27T17:47:08.244885,https://cr.computrabajo.com/empleos-en-san-jose,32
05209a7e5bd110e1,https://cr.computrabajo.com/ofertas-de-trabajo/oferta-de-trabajo-de-agente-sucursal-curridabat-en-curridabat-AF326CD2A36A06BA61373E686DCF3405,Agente Sucursal Curridabat,posted|wp_id=12242|https://costarica.mimusjobs.com/job/agente-sucursal-curridabat/,2026-09-27T17:47:10.871538,https://cr.computrabajo.com/empleos-en-san-jose,32
321a823a958de493,https://cr.computrabajo.com/ofertas-de-trabajo/oferta-de-trabajo-de-circulante-sala-de-operaciones-en-curridabat-1AEF76A85C6AF1CE61373E686DCF3405,Circulante - Sala de Operaciones,posted|wp_id=6570|https://costarica.mimusjobs.com/job/circulante-sala-de-operaciones/,2026-09-27T17:47:14.156665,https://cr.computrabajo.com/empleos-en-san-jose,32
c86b667c608653cf,https://cr.computrabajo.com/ofertas-de-trabajo/oferta-de-trabajo-de-operario-de-fabrica-de-pan-en-san-jose-D977B4D19B23E55E61373E686DCF3405,Operario de fábrica de pan,posted|wp_id=18791|https://costarica.mimusjobs.com/job/operario-de-fabrica-de-pan-6/,2026-09-27T17:47:19.663592,https://cr.computrabajo.com/empleos-en-san-jose,32
bb3d5e147f735411,https://cr.computrabajo.com/ofertas-de-trabajo/oferta-de-trabajo-de-chofer-de-camion-chofer-con-b2-en-curridabat-420D3D96343929BF61373E686DCF3405,Chófer de camión - Chofer con B2,posted|wp_id=18795|https://costarica.mimusjobs.com/job/chofer-de-camion-chofer-con-b2-6/,2026-09-27T17:47:30.543763,https://cr.computrabajo.com/empleos-en-san-jose,32
55d3a072721825a4,https://cr.computrabajo.com/ofertas-de-trabajo/oferta-de-trabajo-de-ejecutiva-de-produccion-btl-en-san-jose-BC421847DE27801961373E686DCF3405,Ejecutiva de Producción BTL,posted|wp_id=18796|https://costarica.mimusjobs.com/job/ejecutiva-de-produccion-btl-6/,2026-09-27T17:47:34.549484,https://cr.computrabajo.com/empleos-en-san-jose,32
f88e9925b8a49049,https://cr.computrabajo.com/ofertas-de-trabajo/oferta-de-trabajo-de-asesor-de-ventas-asesor-de-ventas-muebles-en-san-jose-EBD262F13945613C61373E686DCF3405,Asesor de ventas - Asesor de ventas muebles,posted|wp_id=12255|https://costarica.mimusjobs.com/job/asesor-de-ventas-asesor-de-ventas-muebles/,2026-09-27T17:47:38.010454,https://cr.computrabajo.com/empleos-en-san-jose,32
8d9a7e4c8632ab28,https://cr.computrabajo.com/ofertas-de-trabajo/oferta-de-trabajo-de-agentes-comerciales-y-de-servicio-al-cliente-en-goicoechea-5DA4273E0871F25261373E686DCF3405,Agentes comerciales y de servicio al cliente,posted|wp_id=12259|https://costarica.mimusjobs.com/job/agentes-comerciales-y-de-servicio-al-cliente/,2026-09-27T17:47:41.509390,https://cr.computrabajo.com/empleos-en-san-jose,32
b881916ce7c0cb5f,https://cr.computrabajo.com/ofertas-de-trabajo/oferta-de-trabajo-de-agente-de-ventas-mayoreo-experiencia-en-ruta-puntarenas-en-desamparados-77BB26A37DC2DA8861373E686DCF3405,Agente de ventas mayoreo - Experiencia en ruta Puntarenas,posted|wp_id=12261|https://costarica.mimusjobs.com/job/agente-de-ventas-mayoreo-experiencia-en-ruta-puntarenas/,2026-09-27T17:47:44.326206,https://cr.computrabajo.com/empleos-en-san-jose,32
b009b7085e25ef75,https://cr.computrabajo.com/ofertas-de-trabajo/oferta-de-trabajo-de-cajero-recepcionista-en-san-jose-D8C2125B4EF6ECAA61373E686DCF3405,Cajero Recepcionista,posted|wp_id=12265|https://costarica.mimusjobs.com/job/cajero-recepcionista/,2026-09-27T17:47:47.794743,https://cr.computrabajo.com/empleos-en-san-jose,32
d0eecbc4130b8104,https://cr.computrabajo.com/ofertas-de-trabajo/oferta-de-trabajo-de-barista-con-experiencia-en-santa-ana-C413DA0BCDA94E0F61373E686DCF3405,Barista - Con experiencia,posted|wp_id=12269|https://costarica.mimusjobs.com/job/barista-con-experiencia/,2026-09-27T17:47:50.339189,https://cr.computrabajo.com/empleos-en-san-jose,32
810b041a91c68f17,https://cr.computrabajo.com/ofertas-de-trabajo/oferta-de-trabajo-de-cocinero-encargado-con-experiencia-en-san-jose-356AA4BC83CF402761373E686DCF3405,Cocinero encargado - Con experiencia,posted|wp_id=12271|https://costarica.mimusjobs.com/job/cocinero-encargado-con-experiencia/,2026-09-27T17:47:54.055630,https://cr.computrabajo.com/empleos-en-san-jose,32
af7fe0e2f64ef002,https://cr.computrabajo.com/ofertas-de-trabajo/oferta-de-trabajo-de-cajero-recepcionista-sector-salud-en-san-jose-CD2A369295FBAAED61373E686DCF3405,Cajero Recepcionista - Sector Salud,posted|wp_id=12273|https://costarica.mimusjobs.com/job/cajero-recepcionista-sector-salud/,2026-09-27T17:47:57.334365,https://cr.computrabajo.com/empleos-en-san-jose,33
96737ed3224f3fa6,https://cr.computrabajo.com/ofertas-de-trabajo/oferta-de-trabajo-de-asistente-administrativo-contable-nivel-junior-diplomado-en-administracion-contable-en-san-jose-CC33835B5AA610F961373E686DCF3405,Asistente Administrativo Contable nivel Junior - Diplomado en Administración Contable,posted|wp_id=18797|https://costarica.mimusjobs.com/job/asistente-administrativo-contable-nivel-junior-diplomado-en-administracion-contable-6/,2026-09-27T17:48:01.947196,https://cr.computrabajo.com/empleos-en-san-jose,33
4657676af174a1cf,https://cr.computrabajo.com/ofertas-de-trabajo/oferta-de-trabajo-de-tecnicoauxiliar-en-refrigeracion-comercial-en-san-jose-F5B8618E51367B1461373E686DCF3405,Técnico/Auxiliar en Refrigeración Comercial,posted|wp_id=18798|https://costarica.mimusjobs.com/job/tecnico-auxiliar-en-refrigeracion-comercial-6/,2026-09-27T17:48:06.696798,https://cr.computrabajo.com/empleos-en-san-jose,33
65d447fe0f091c3e,https://cr.computrabajo.com/ofertas-de-trabajo/oferta-de-trabajo-de-profesora-de-portugues-tiempo-completo-en-escazu-3DBC426F03B6D01261373E686DCF3405,Profesor(a) de Portugués - Tiempo completo,posted|wp_id=18800|https://costarica.mimusjobs.com/job/profesora-de-portugues-tiempo-completo-6/,2026-09-27T17:48:12.200323,https://cr.computrabajo.com/empleos-en-san-jose,33
c19b3f1de19066bf,https://cr.computrabajo.com/ofertas-de-trabajo/oferta-de-trabajo-de-tecnico-ti-especialista-en-zebra-en-goicoechea-B1D3183F2D1238D661373E686DCF3405,Técnico TI - Especialista en Zebra,posted|wp_id=18801|https://costarica.mimusjobs.com/job/tecnico-ti-especialista-en-zebra-6/,2026-09-27T17:48:16.003289,https://cr.computrabajo.com/empleos-en-san-jose,33
70f5c5ca3885465f,https://cr.computrabajo.com/ofertas-de-trabajo/oferta-de-trabajo-de-analista-administrativo-contable-experimentado-en-escazu-en-escazu-7C87DAA87D8025CA61373E686DCF3405,Analista Administrativo Contable - Experimentado en Escazú,posted|wp_id=18805|https://costarica.mimusjobs.com/job/analista-administrativo-contable-experimentado-en-escazu-6/,2026-09-27T17:48:26.472010,https://cr.computrabajo.com/empleos-en-san-jose,33
dd1ddef14c15c95a,https://cr.computrabajo.com/ofertas-de-trabajo/oferta-de-trabajo-de-tecnico-en-rectificacion-de-cabezotes-en-san-jose-1A6B10F067E1E6CB61373E686DCF3405,Técnico en Rectificacion de Cabezotes,posted|wp_id=18806|https://costarica.mimusjobs.com/job/tecnico-en-rectificacion-de-cabezotes-6/,2026-09-27T17:48:31.417883,https://cr.computrabajo.com/empleos-en-san-jose,33
5202d7e31078e98f,https://cr.computrabajo.com/ofertas-de-trabajo/oferta-de-trabajo-de-encargado-de-bodega-de-componentes-electricos-diplomado-en-electricidad-en-san-jose-04D21A65CFA5F05661373E686DCF3405,Encargado de Bodega de Componentes Electricos - Diplomado en Electricidad,posted|wp_id=12288|https://costarica.mimusjobs.com/job/encargado-de-bodega-de-componentes-electricos-diplomado-en-electricidad/,2026-09-27T17:48:34.300875,https://cr.computrabajo.com/empleos-en-san-jose,33
63a4ba5fad882686,https://cr.computrabajo.com/ofertas-de-trabajo/oferta-de-trabajo-de-recepcionista-con-experiencia-en-san-jose-C4D3C0CA5AE07A5F61373E686DCF3405,Recepcionista - Con experiencia,posted|wp_id=12290|https://costarica.mimusjobs.com/job/recepcionista-con-experiencia/,2026-09-27T17:48:36.949115,https://cr.computrabajo.com/empleos-en-san-jose,33
3a4a7eb09aa37783,https://cr.computrabajo.com/ofertas-de-trabajo/oferta-de-trabajo-de-asistente-administrativo-contable-en-curridabat-D69CF4ED6EF700D361373E686DCF3405,Asistente Administrativo Contable,posted|wp_id=10776|https://costarica.mimusjobs.com/job/asistente-administrativo-contable/,2026-09-27T17:48:41.628574,https://cr.computrabajo.com/empleos-en-san-jose,33
5b45e09137259aea,https://cr.computrabajo.com/ofertas-de-trabajo/oferta-de-trabajo-de-mecanico-automotriz-tecnico-medio-en-san-jose-CC9D57EDCE82D20861373E686DCF3405,Mecánico automotriz - Técnico medio,posted|wp_id=18812|https://costarica.mimusjobs.com/job/mecanico-automotriz-tecnico-medio-6/,2026-09-27T17:48:48.864495,https://cr.computrabajo.com/empleos-en-san-jose,33
ec373679ed70f8fa,https://cr.computrabajo.com/ofertas-de-trabajo/oferta-de-trabajo-de-audiologo-ocupacional-en-montes-de-oca-B44BE496128B288461373E686DCF3405,Audiologo - Ocupacional,posted|wp_id=12298|https://costarica.mimusjobs.com/job/audiologo-ocupacional/,2026-09-27T17:48:51.724649,https://cr.computrabajo.com/empleos-en-san-jose,33
3a3a84fd9c757d45,https://cr.computrabajo.com/ofertas-de-trabajo/oferta-de-trabajo-de-chofer-repartidor-de-carnes-de-res-y-cerdo-en-san-jose-192140B435C6D3CD61373E686DCF3405,Chófer repartidor - De Carnes de res y cerdo,posted|wp_id=18814|https://costarica.mimusjobs.com/job/chofer-repartidor-de-carnes-de-res-y-cerdo-6/,2026-09-27T17:48:57.717341,https://cr.computrabajo.com/empleos-en-san-jose,33
15247f8bc8868b9f,https://cr.computrabajo.com/ofertas-de-trabajo/oferta-de-trabajo-de-formulador-de-investigacion-y-desarrolo-industria-farmaceutica-en-san-jose-4628FAF242C8FE5A61373E686DCF3405,Formulador de Investigación y Desarrolo - Industria Farmacéutica,posted|wp_id=18816|https://costarica.mimusjobs.com/job/formulador-de-investigacion-y-desarrolo-industria-farmaceutica-6/,2026-09-27T17:49:02.083365,https://cr.computrabajo.com/empleos-en-san-jose,33
f8bd4e9696e3dae1,https://cr.computrabajo.com/ofertas-de-trabajo/oferta-de-trabajo-de-tecnico-electrico-y-mecanico-en-san-jose-EEF3CC94E1A1D60861373E686DCF3405,Técnico eléctrico y mecánico,posted|wp_id=18817|https://costarica.mimusjobs.com/job/tecnico-electrico-y-mecanico-6/,2026-09-27T17:49:07.025976,https://cr.computrabajo.com/empleos-en-san-jose,33
40d3bfa99ba207bc,https://cr.computrabajo.com/ofertas-de-trabajo/oferta-de-trabajo-de-disenador-grafico-disenador-grafico-en-san-jose-9373F59F506DE1B961373E686DCF3405,Diseñador Grafico - Diseñador Grafico,posted|wp_id=18818|https://costarica.mimusjobs.com/job/disenador-grafico-disenador-grafico-6/,2026-09-27T17:49:12.214368,https://cr.computrabajo.com/empleos-en-san-jose,33
8944ad2437f706f8,https://cr.computrabajo.com/ofertas-de-trabajo/oferta-de-trabajo-de-ejecutivo-de-ventas-en-escazu-2F1E12393D04C51A61373E686DCF3405,Ejecutivo de Ventas,posted|wp_id=3613|https://costarica.mimusjobs.com/job/ejecutivo-de-ventas/,2026-09-27T17:49:16.057114,https://cr.computrabajo.com/empleos-en-san-jose,33
6c40579b891ce210,https://cr.computrabajo.com/ofertas-de-trabajo/oferta-de-trabajo-de-telemercadeo-call-center-en-desamparados-41195D2EF2259AB861373E686DCF3405,Telemercadeo - Call Center,posted|wp_id=12313|https://costarica.mimusjobs.com/job/telemercadeo-call-center/,2026-09-27T17:49:19.742563,https://cr.computrabajo.com/empleos-en-san-jose,33
e1c1293cfe772cd6,https://cr.computrabajo.com/ofertas-de-trabajo/oferta-de-trabajo-de-bilingual-sales-and-customer-service-representative-remote-en-san-jose-190D3D785A54175F61373E686DCF3405,Bilingual Sales and Customer Service Representative - Remote,posted|wp_id=12315|https://costarica.mimusjobs.com/job/bilingual-sales-and-customer-service-representative-remote/,2026-09-27T17:49:22.589627,https://cr.computrabajo.com/empleos-en-san-jose,33
396c9b11656da525,https://cr.computrabajo.com/ofertas-de-trabajo/oferta-de-trabajo-de-bodegueroa-bodeguero-en-san-jose-4033906A9BA00EFF61373E686DCF3405,Bodeguero/a - Bodeguero,posted|wp_id=12316|https://costarica.mimusjobs.com/job/bodeguero-a-bodeguero/,2026-09-27T17:49:25.558424,https://cr.computrabajo.com/empleos-en-san-jose,33
d9e41f00816a89e0,https://cr.computrabajo.com/ofertas-de-trabajo/oferta-de-trabajo-de-bms-technician-senior-ingenieria-civil-y-electronica-en-santa-ana-4BA11E4D75096C7461373E686DCF3405,BMS Technician Senior - Ingeniería Civil y Electrónica,posted|wp_id=18819|https://costarica.mimusjobs.com/job/bms-technician-senior-ingenieria-civil-y-electronica-6/,2026-09-27T17:49:29.568255,https://cr.computrabajo.com/empleos-en-san-jose,34
2fca1e211a60b966,https://cr.computrabajo.com/ofertas-de-trabajo/oferta-de-trabajo-de-tecnicoa-en-refrigeracion-ac-y-refrigeracion-en-vasquez-de-coronado-424E52D955A5066761373E686DCF3405,Tecnico/a en refrigeración - A/C y refrigeración,posted|wp_id=18821|https://costarica.mimusjobs.com/job/tecnico-a-en-refrigeracion-a-c-y-refrigeracion-6/,2026-09-27T17:49:34.261870,https://cr.computrabajo.com/empleos-en-san-jose,34
0e72a01eb0f83536,https://cr.computrabajo.com/ofertas-de-trabajo/oferta-de-trabajo-de-oficial-de-seguridad-diferentes-puestos-y-areas-del-pais-en-tibas-2D87CC588F35CBBC61373E686DCF3405,Oficial de seguridad - Diferentes puestos y áreas del pais,posted|wp_id=18822|https://costarica.mimusjobs.com/job/oficial-de-seguridad-diferentes-puestos-y-areas-del-pais-6/,2026-09-27T17:49:37.923797,https://cr.computrabajo.com/empleos-en-san-jose,34
ca9572f98ae7e94b,https://cr.computrabajo.com/ofertas-de-trabajo/oferta-de-trabajo-de-asesor-comercial-de-proyectos-e-industrias-en-san-jose-EDCF006115F743E061373E686DCF3405,Asesor Comercial de Proyectos e Industrias,posted|wp_id=12323|https://costarica.mimusjobs.com/job/asesor-comercial-de-proyectos-e-industrias/,2026-09-27T17:49:41.061180,https://cr.computrabajo.com/empleos-en-san-jose,34
5a8b547d97928527,https://cr.computrabajo.com/ofertas-de-trabajo/oferta-de-trabajo-de-control-calidad-operativo-control-de-calidad-operativo-en-curridabat-401C126DC841063C61373E686DCF3405,Control calidad operativo - Control de calidad operativo,posted|wp_id=12324|https://costarica.mimusjobs.com/job/control-calidad-operativo-control-de-calidad-operativo/,2026-09-27T17:49:43.637801,https://cr.computrabajo.com/empleos-en-san-jose,34
e352aa1337310781,https://cr.computrabajo.com/ofertas-de-trabajo/oferta-de-trabajo-de-host-host-en-santa-ana-831EE9CAAD8D9B1E61373E686DCF3405,Host - Host,posted|wp_id=12325|https://costarica.mimusjobs.com/job/host-host/,2026-09-27T17:49:46.477192,https://cr.computrabajo.com/empleos-en-san-jose,34
dc0c395c4a9b57b2,https://cr.computrabajo.com/ofertas-de-trabajo/oferta-de-trabajo-de-project-manager-diseno-y-arquitectura-en-escazu-19C494196722BE0D61373E686DCF3405,Project manager - Diseño y Arquitectura,posted|wp_id=18823|https://costarica.mimusjobs.com/job/project-manager-diseno-y-arquitectura-6/,2026-09-27T17:49:51.427551,https://cr.computrabajo.com/empleos-en-san-jose,34
722246af90830e8f,https://cr.computrabajo.com/ofertas-de-trabajo/oferta-de-trabajo-de-auxiliar-de-limpieza-auxiliar-de-limpieza-en-escazu-5D45AB794761903261373E686DCF3405,Auxiliar de limpieza - Auxiliar de limpieza,posted|wp_id=12329|https://costarica.mimusjobs.com/job/auxiliar-de-limpieza-auxiliar-de-limpieza/,2026-09-27T17:49:55.064264,https://cr.computrabajo.com/empleos-en-san-jose,34
d9ee1a6f26b9d8a8,https://cr.computrabajo.com/ofertas-de-trabajo/oferta-de-trabajo-de-coordinador-a-comercial-retail-en-san-jose-EAEA1D396A5A35CA61373E686DCF3405,Coordinador (a) Comercial (Retail),posted|wp_id=12335|https://costarica.mimusjobs.com/job/coordinador-a-comercial-retail/,2026-09-27T17:49:59.939342,https://cr.computrabajo.com/empleos-en-san-jose,34
64ddc6e4860f7947,https://cr.computrabajo.com/ofertas-de-trabajo/oferta-de-trabajo-de-docente-i-y-ii-ciclo-bachiller-universitario-en-escazu-FBE217B2C24AA85C61373E686DCF3405,Docente I y II Ciclo - Bachiller Universitario,posted|wp_id=12331|https://costarica.mimusjobs.com/job/docente-i-y-ii-ciclo-bachiller-universitario/,2026-09-27T17:50:04.723495,https://cr.computrabajo.com/empleos-en-san-jose,34
4ae4e67393826c58,https://cr.computrabajo.com/ofertas-de-trabajo/oferta-de-trabajo-de-tecnico-en-electronica-conocimientos-en-electronica-industrial-en-curridabat-0AA1CE54D7B6324F61373E686DCF3405,Técnico en electrónica - Conocimientos en Electrónica Industrial,posted|wp_id=18824|https://costarica.mimusjobs.com/job/tecnico-en-electronica-conocimientos-en-electronica-industrial-6/,2026-09-27T17:50:09.196145,https://cr.computrabajo.com/empleos-en-san-jose,34
526553428345f42f,https://cr.computrabajo.com/ofertas-de-trabajo/oferta-de-trabajo-de-asistente-de-cocina-en-escazu-456963B5E8590FE961373E686DCF3405,Asistente de Cocina,posted|wp_id=11890|https://costarica.mimusjobs.com/job/asistente-de-cocina/,2026-09-27T17:50:12.206525,https://cr.computrabajo.com/empleos-en-san-jose,34
ae11c4f4dc1253e4,https://cr.computrabajo.com/ofertas-de-trabajo/oferta-de-trabajo-de-tecnico-en-seguridad-electronica-en-san-jose-25A8B021DA5D075B61373E686DCF3405,Tecnico en seguridad electronica,posted|wp_id=5254|https://costarica.mimusjobs.com/job/tecnico-en-seguridad-electronica/,2026-09-27T17:50:15.552643,https://cr.computrabajo.com/empleos-en-san-jose,34
f49b314cce78d5f1,https://cr.computrabajo.com/ofertas-de-trabajo/oferta-de-trabajo-de-business-development-managers-for-north-america-en-santa-ana-5DEEEEC65DCEFFA361373E686DCF3405,Business Development Managers for North America,posted|wp_id=12339|https://costarica.mimusjobs.com/job/business-development-managers-for-north-america/,2026-09-27T17:50:18.158352,https://cr.computrabajo.com/empleos-en-san-jose,34
23b7468d59514fed,https://cr.computrabajo.com/ofertas-de-trabajo/oferta-de-trabajo-de-marketing-officer-for-north-america-en-santa-ana-ED82E8C82CD37C2861373E686DCF3405,Marketing Officer for North America,posted|wp_id=12341|https://costarica.mimusjobs.com/job/marketing-officer-for-north-america/,2026-09-27T17:50:21.906022,https://cr.computrabajo.com/empleos-en-san-jose,34
f59618b04f0c64fc,https://cr.computrabajo.com/ofertas-de-trabajo/oferta-de-trabajo-de-miscelaniao-en-escazu-FDF6A6F08FD4DD5261373E686DCF3405,Miscelania(o),posted|wp_id=18825|https://costarica.mimusjobs.com/job/miscelaniao-6/,2026-09-27T17:50:26.759191,https://cr.computrabajo.com/empleos-en-san-jose,34
55f9f1f0a39e265a,https://cr.computrabajo.com/ofertas-de-trabajo/oferta-de-trabajo-de-supervisor-de-ventas-la-uruca-san-jose-en-san-jose-0A41B7DD5103F7BA61373E686DCF3405,"Supervisor de Ventas - La Uruca, San José",posted|wp_id=18826|https://costarica.mimusjobs.com/job/supervisor-de-ventas-la-uruca-san-jose-6/,2026-09-27T17:50:31.183278,https://cr.computrabajo.com/empleos-en-san-jose,34
2a8a4f821132c444,https://cr.computrabajo.com/ofertas-de-trabajo/oferta-de-trabajo-de-recepcionista-administrativo-presencial-en-san-jose-49E1FC697FB08E5561373E686DCF3405,Recepcionista administrativo - Presencial,posted|wp_id=12347|https://costarica.mimusjobs.com/job/recepcionista-administrativo-presencial/,2026-09-27T17:50:34.005116,https://cr.computrabajo.com/empleos-en-san-jose,34
8b1e4193534f0f21,https://cr.computrabajo.com/ofertas-de-trabajo/oferta-de-trabajo-de-ecommerce-ejecutiva-presencial-en-san-jose-BEA1808E2ED3775F61373E686DCF3405,Ecommerce ejecutiva - Presencial,posted|wp_id=12348|https://costarica.mimusjobs.com/job/ecommerce-ejecutiva-presencial/,2026-09-27T17:50:36.454317,https://cr.computrabajo.com/empleos-en-san-jose,34
28f8200be510676d,https://cr.computrabajo.com/ofertas-de-trabajo/oferta-de-trabajo-de-miscelanea-y-limpieza-en-centro-educativo-en-escazu-D57CCCEC3F4B7BB261373E686DCF3405,Miscelanea y Limpieza - en Centro educativo,posted|wp_id=12349|https://costarica.mimusjobs.com/job/miscelanea-y-limpieza-en-centro-educativo/,2026-09-27T17:50:39.123257,https://cr.computrabajo.com/empleos-en-san-jose,34
543eaf2bf5e1fa28,https://cr.computrabajo.com/ofertas-de-trabajo/oferta-de-trabajo-de-chofer-de-reparto-en-san-jose-0A243C6F899E1EFE61373E686DCF3405,Chófer de reparto,posted|wp_id=18827|https://costarica.mimusjobs.com/job/chofer-de-reparto-6/,2026-09-27T17:50:44.549173,https://cr.computrabajo.com/empleos-en-san-jose,35
4994bccb15a5ce18,https://cr.computrabajo.com/ofertas-de-trabajo/oferta-de-trabajo-de-tecnico-electronica-en-san-jose-01B4CA5970C5851A61373E686DCF3405,Técnico electrónica,posted|wp_id=18829|https://costarica.mimusjobs.com/job/tecnico-electronica-6/,2026-09-27T17:50:51.324025,https://cr.computrabajo.com/empleos-en-san-jose,35
676f5abfb23d2683,https://cr.computrabajo.com/ofertas-de-trabajo/oferta-de-trabajo-de-asesora-servicio-al-cliente-unete-a-nuestro-equipo-en-san-jose-0E32B48F50A50F2F61373E686DCF3405,Asesor/a servicio al cliente - Únete a nuestro equipo,posted|wp_id=18830|https://costarica.mimusjobs.com/job/asesor-a-servicio-al-cliente-unete-a-nuestro-equipo-6/,2026-09-27T17:50:56.199072,https://cr.computrabajo.com/empleos-en-san-jose,35
2f887fc7c202ab13,https://cr.computrabajo.com/ofertas-de-trabajo/oferta-de-trabajo-de-asesor-de-cobros-telefonicos-call-center-en-curridabat-FAA206C5346F726E61373E686DCF3405,Asesor de Cobros telefónicos - Call Center,posted|wp_id=18834|https://costarica.mimusjobs.com/job/asesor-de-cobros-telefonicos-call-center-6/,2026-09-27T17:51:03.793950,https://cr.computrabajo.com/empleos-en-san-jose,35
5372bfd2f9ccb9c6,https://cr.computrabajo.com/ofertas-de-trabajo/oferta-de-trabajo-de-polifuncional-cajas-y-cocina-para-restaurante-en-san-jose-795D54C3741C271D61373E686DCF3405,Polifuncional cajas y cocina - Para Restaurante,posted|wp_id=12367|https://costarica.mimusjobs.com/job/polifuncional-cajas-y-cocina-para-restaurante/,2026-09-27T17:51:06.713235,https://cr.computrabajo.com/empleos-en-san-jose,35
47b3fc3470a04c63,https://cr.computrabajo.com/ofertas-de-trabajo/oferta-de-trabajo-de-personal-de-limpieza-gam-heredia-alajuela-santa-anacartago-coronado-en-san-jose-9838F8EA6B38D4FA61373E686DCF3405,"Personal de limpieza Gam, Heredia, Alajuela, Santa Ana,Cartago, Coronado.",posted|wp_id=18838|https://costarica.mimusjobs.com/job/personal-de-limpieza-gam-heredia-alajuela-santa-anacartago-coronado-6/,2026-09-27T17:51:21.065929,https://cr.computrabajo.com/empleos-en-san-jose,35
2d750423f4410c6a,https://cr.computrabajo.com/ofertas-de-trabajo/oferta-de-trabajo-de-dibujante-arquitectonico-en-santa-ana-7920512CA4894C3161373E686DCF3405,Dibujante arquitectónico,posted|wp_id=18839|https://costarica.mimusjobs.com/job/dibujante-arquitectonico-6/,2026-09-27T17:51:25.219896,https://cr.computrabajo.com/empleos-en-san-jose,35
83f40f7a311f8f70,https://cr.computrabajo.com/ofertas-de-trabajo/oferta-de-trabajo-de-impresora-impresor-maquinas-digitales-en-san-jose-0A133220AEA0AE2961373E686DCF3405,Impresor/a - Impresor/ maquinas digitales,posted|wp_id=12370|https://costarica.mimusjobs.com/job/impresor-a-impresor-maquinas-digitales/,2026-09-27T17:51:28.242901,https://cr.computrabajo.com/empleos-en-san-jose,35
a7355d05340f1c38,https://cr.computrabajo.com/ofertas-de-trabajo/oferta-de-trabajo-de-tecnico-en-fumigacion-con-licencia-b1-en-goicoechea-8D5A54B92525B72C61373E686DCF3405,Tecnico en Fumigación - Con Licencia B1,posted|wp_id=18840|https://costarica.mimusjobs.com/job/tecnico-en-fumigacion-con-licencia-b1-6/,2026-09-27T17:51:32.490661,https://cr.computrabajo.com/empleos-en-san-jose,35
9b64dee2b858013d,https://cr.computrabajo.com/ofertas-de-trabajo/oferta-de-trabajo-de-asistente-administrativo-contable-en-san-jose-39F95820EC6CFC8161373E686DCF3405,Asistente Administrativo Contable,posted|wp_id=10776|https://costarica.mimusjobs.com/job/asistente-administrativo-contable/,2026-09-27T17:51:35.116318,https://cr.computrabajo.com/empleos-en-san-jose,35
ed1ca28d72fdcb4c,https://cr.computrabajo.com/ofertas-de-trabajo/oferta-de-trabajo-de-ejecutivo-de-ventas-comercial-hotelero-en-escazu-385648317EDF9AA061373E686DCF3405,Ejecutivo de Ventas Comercial Hotelero,posted|wp_id=12376|https://costarica.mimusjobs.com/job/ejecutivo-de-ventas-comercial-hotelero/,2026-09-27T17:51:37.976944,https://cr.computrabajo.com/empleos-en-san-jose,35
8643a6ead5f68ce0,https://cr.computrabajo.com/ofertas-de-trabajo/oferta-de-trabajo-de-asesor-de-venta-digital-con-experiencia-en-canales-digitales-en-alajuelita-BC8E69B1BFF9300761373E686DCF3405,Asesor de venta digital - Con experiencia en canales digitales,posted|wp_id=12378|https://costarica.mimusjobs.com/job/asesor-de-venta-digital-con-experiencia-en-canales-digitales/,2026-09-27T17:51:41.162296,https://cr.computrabajo.com/empleos-en-san-jose,35
13bf9a05cf437bde,https://cr.computrabajo.com/ofertas-de-trabajo/oferta-de-trabajo-de-bodegueroa-bodeguero-y-chofer-en-curridabat-CEE22E421643BF2C61373E686DCF3405,Bodeguero/a - Bodeguero y Chofer,posted|wp_id=12380|https://costarica.mimusjobs.com/job/bodeguero-a-bodeguero-y-chofer/,2026-09-27T17:51:43.736787,https://cr.computrabajo.com/empleos-en-san-jose,35
972313b52aed0ca1,https://cr.computrabajo.com/ofertas-de-trabajo/oferta-de-trabajo-de-docente-de-ingles-con-experiencia-en-san-jose-5CE942F53267325261373E686DCF3405,Docente de inglés - Con experiencia,posted|wp_id=18841|https://costarica.mimusjobs.com/job/docente-de-ingles-con-experiencia-6/,2026-09-27T17:51:48.414402,https://cr.computrabajo.com/empleos-en-san-jose,35
5a7f320eb62fce31,https://cr.computrabajo.com/ofertas-de-trabajo/oferta-de-trabajo-de-asistente-comercial-con-enfasis-en-licitaciones-sicop-en-moravia-0C603A298718C9E761373E686DCF3405,Asistente Comercial con Enfasis en Licitaciones - Sicop,posted|wp_id=12384|https://costarica.mimusjobs.com/job/asistente-comercial-con-enfasis-en-licitaciones-sicop/,2026-09-27T17:51:50.727048,https://cr.computrabajo.com/empleos-en-san-jose,35
efd190710644c923,https://cr.computrabajo.com/ofertas-de-trabajo/oferta-de-trabajo-de-vendedor-a-de-vallas-y-pantallas-publicitarias-con-experiencia-bachiller-en-publicidad-en-escazu-2C293D3EA45DED0B61373E686DCF3405,Vendedor (a) de Vallas y Pantallas Publicitarias con Experiencia - Bachiller en Publicidad,posted|wp_id=18842|https://costarica.mimusjobs.com/job/vendedor-a-de-vallas-y-pantallas-publicitarias-con-experiencia-bachiller-en-publicidad-6/,2026-09-27T17:51:54.538987,https://cr.computrabajo.com/empleos-en-san-jose,35
da1aa0ea5161c3f0,https://cr.computrabajo.com/ofertas-de-trabajo/oferta-de-trabajo-de-asesora-servicio-al-cliente-logistica-en-san-jose-208E78507AAD93F061373E686DCF3405,Asesor/a servicio al cliente - Logística,posted|wp_id=18843|https://costarica.mimusjobs.com/job/asesor-a-servicio-al-cliente-logistica-6/,2026-09-27T17:51:58.404160,https://cr.computrabajo.com/empleos-en-san-jose,35
7e4f8b1b36262844,https://cr.computrabajo.com/ofertas-de-trabajo/oferta-de-trabajo-de-mecanico-automotriz-o-electromecanico-con-experiencia-en-san-jose-63ECBD94ACAF553E61373E686DCF3405,Mecánico Automotriz o Electromecánico - Con experiencia,posted|wp_id=18844|https://costarica.mimusjobs.com/job/mecanico-automotriz-o-electromecanico-con-experiencia-6/,2026-09-27T17:52:02.330775,https://cr.computrabajo.com/empleos-en-san-jose,35
6da9a8a1311a8e72,https://cr.computrabajo.com/ofertas-de-trabajo/oferta-de-trabajo-de-chofer-de-reparto-licencia-b2-o-b3-en-escazu-2E3DFC147ED74A0261373E686DCF3405,Chofer de Reparto Licencia B2 o B3,posted|wp_id=12389|https://costarica.mimusjobs.com/job/chofer-de-reparto-licencia-b2-o-b3/,2026-09-27T17:52:06.656861,https://cr.computrabajo.com/empleos-en-san-jose,35
fd953613d8d44d21,https://cr.computrabajo.com/ofertas-de-trabajo/oferta-de-trabajo-de-asistente-de-odontologia-tecnica-en-odontologia-en-santa-ana-9716F846AC2C312E61373E686DCF3405,Asistente de Odontología - Tecnica en Odontología,posted|wp_id=18845|https://costarica.mimusjobs.com/job/asistente-de-odontologia-tecnica-en-odontologia-6/,2026-09-27T17:52:11.899181,https://cr.computrabajo.com/empleos-en-san-jose,35
1fc2603db40d40a0,https://cr.computrabajo.com/ofertas-de-trabajo/oferta-de-trabajo-de-asesora-comercial-de-servicios-de-reparacion-experiencia-en-ventas-en-san-jose-864C07C9075E095361373E686DCF3405,Asesor(a) Comercial de Servicios de Reparación - Experiencia En Ventas,posted|wp_id=18847|https://costarica.mimusjobs.com/job/asesora-comercial-de-servicios-de-reparacion-experiencia-en-ventas-6/,2026-09-27T17:52:18.678722,https://cr.computrabajo.com/empleos-en-san-jose,36
b3ed27bcdf3426a4,https://cr.computrabajo.com/ofertas-de-trabajo/oferta-de-trabajo-de-asistente-contable-con-4-anos-de-experiencia-tecnico-medio-en-contabilidad-estudiante-avanzado-contaduria-publica-en-san-jose-2622457CB2EC7C3E61373E686DCF3405,Asistente Contable con 4 años de experiencia Técnico medio en contabilidad - Estudiante avanzado contaduría pública,posted|wp_id=18848|https://costarica.mimusjobs.com/job/asistente-contable-con-4-anos-de-experiencia-tecnico-medio-en-contabilidad-estudiante-avanzado-contaduria-publica-6/,2026-09-27T17:52:22.469577,https://cr.computrabajo.com/empleos-en-san-jose,36
3688cb8c6bc109f1,https://cr.computrabajo.com/ofertas-de-trabajo/oferta-de-trabajo-de-jefe-de-bodega-con-experiencia-en-goicoechea-E8DE6FDAFB43D56C61373E686DCF3405,Jefe de bodega - con experiencia,posted|wp_id=12399|https://costarica.mimusjobs.com/job/jefe-de-bodega-con-experiencia/,2026-09-27T17:52:25.535893,https://cr.computrabajo.com/empleos-en-san-jose,36
92a9185f64f14583,https://cr.computrabajo.com/ofertas-de-trabajo/oferta-de-trabajo-de-disenador-multimedia-en-santa-ana-26F1168527D8B85661373E686DCF3405,Diseñador multimedia,posted|wp_id=18849|https://costarica.mimusjobs.com/job/disenador-multimedia-6/,2026-09-27T17:52:29.370655,https://cr.computrabajo.com/empleos-en-san-jose,36
6b85e4bdccc20819,https://cr.computrabajo.com/ofertas-de-trabajo/oferta-de-trabajo-de-contador-general-con-licenciatura-en-san-jose-1DF2A4A27EB859B161373E686DCF3405,Contador general - con Licenciatura.,posted|wp_id=12403|https://costarica.mimusjobs.com/job/contador-general-con-licenciatura/,2026-09-27T17:52:32.446413,https://cr.computrabajo.com/empleos-en-san-jose,36
9e46a9f55261899c,https://cr.computrabajo.com/ofertas-de-trabajo/oferta-de-trabajo-de-agente-call-center-comercial-en-escazu-373F05110713527D61373E686DCF3405,Agente call center comercial,posted|wp_id=12407|https://costarica.mimusjobs.com/job/agente-call-center-comercial/,2026-09-27T17:52:36.120162,https://cr.computrabajo.com/empleos-en-san-jose,36
d042ff3547537f6f,https://cr.computrabajo.com/ofertas-de-trabajo/oferta-de-trabajo-de-representante-de-ventas-privado-interno-habilidad-en-ventas-en-san-jose-CE424D58D80CA2FE61373E686DCF3405,Representante de Ventas Privado (Interno) - Habilidad en ventas.,posted|wp_id=12408|https://costarica.mimusjobs.com/job/representante-de-ventas-privado-interno-habilidad-en-ventas/,2026-09-27T17:52:39.819244,https://cr.computrabajo.com/empleos-en-san-jose,36
c04bc11dfa403dc0,https://cr.computrabajo.com/ofertas-de-trabajo/oferta-de-trabajo-de-representante-de-ventas-publico-calle-habilidad-en-ventas-en-san-jose-40F6B63AAC4DE2C561373E686DCF3405,Representante de Ventas Público (calle) - Habilidad en ventas.,posted|wp_id=18850|https://costarica.mimusjobs.com/job/representante-de-ventas-publico-calle-habilidad-en-ventas-6/,2026-09-27T17:52:44.674308,https://cr.computrabajo.com/empleos-en-san-jose,36
4514bcd10ba6d746,https://cr.computrabajo.com/ofertas-de-trabajo/oferta-de-trabajo-de-agente-de-ventas-vendedor-b2b-en-escazu-00FDE98D2674078061373E686DCF3405,Agente de ventas - Vendedor B2B,posted|wp_id=12411|https://costarica.mimusjobs.com/job/agente-de-ventas-vendedor-b2b/,2026-09-27T17:52:47.498697,https://cr.computrabajo.com/empleos-en-san-jose,36
24f2f535575a973b,https://cr.computrabajo.com/ofertas-de-trabajo/oferta-de-trabajo-de-decoradora-de-queques-panaderia-y-decoracion-en-escazu-31B4F2DB5FCBF31861373E686DCF3405,Decorador/a de Queques - Panadería y Decoración,posted|wp_id=18851|https://costarica.mimusjobs.com/job/decorador-a-de-queques-panaderia-y-decoracion-6/,2026-09-27T17:52:51.142257,https://cr.computrabajo.com/empleos-en-san-jose,36
b09347d3b43abd0f,https://cr.computrabajo.com/ofertas-de-trabajo/oferta-de-trabajo-de-recepcion-de-mercaderia-en-san-jose-3C67661A3DDBC18061373E686DCF3405,Recepción de mercadería,posted|wp_id=18853|https://costarica.mimusjobs.com/job/recepcion-de-mercaderia-6/,2026-09-27T17:52:55.113339,https://cr.computrabajo.com/empleos-en-san-jose,36
4fc588f89aa46ffc,https://cr.computrabajo.com/ofertas-de-trabajo/oferta-de-trabajo-de-supervisor-consumo-masivo-en-curridabat-259180C219EE858E61373E686DCF3405,Supervisor consumo masivo,posted|wp_id=12417|https://costarica.mimusjobs.com/job/supervisor-consumo-masivo/,2026-09-27T17:52:57.536146,https://cr.computrabajo.com/empleos-en-san-jose,36
14ea93349afe4df3,https://cr.computrabajo.com/ofertas-de-trabajo/oferta-de-trabajo-de-tecnico-de-sistemas-de-potencia-ups-en-montes-de-oca-8C9524438E7D460D61373E686DCF3405,Técnico de Sistemas de Potencia / UPS,posted|wp_id=18854|https://costarica.mimusjobs.com/job/tecnico-de-sistemas-de-potencia-ups-6/,2026-09-27T17:53:01.987444,https://cr.computrabajo.com/empleos-en-san-jose,36
be6f0eba6bdb6c79,https://cr.computrabajo.com/ofertas-de-trabajo/oferta-de-trabajo-de-supervisor-de-clima-en-montes-de-oca-EEDF486259EA43DA61373E686DCF3405,Supervisor de Clima,posted|wp_id=12426|https://costarica.mimusjobs.com/job/supervisor-de-clima/,2026-09-27T17:53:06.705768,https://cr.computrabajo.com/empleos-en-san-jose,36
19b24265573b0542,https://cr.computrabajo.com/ofertas-de-trabajo/oferta-de-trabajo-de-vendedor-b2b-en-tibas-C0F8E87CDBBF3ED561373E686DCF3405,Vendedor B2B,posted|wp_id=12423|https://costarica.mimusjobs.com/job/vendedor-b2b/,2026-09-27T17:53:09.372896,https://cr.computrabajo.com/empleos-en-san-jose,36
8ec29538703e320a,https://cr.computrabajo.com/ofertas-de-trabajo/oferta-de-trabajo-de-asistente-legal-en-escazu-447266986C5BA9DF61373E686DCF3405,Asistente Legal,posted|wp_id=6472|https://costarica.mimusjobs.com/job/asistente-legal/,2026-09-27T17:53:12.221882,https://cr.computrabajo.com/empleos-en-san-jose,36
3e88fbcd90d74388,https://cr.computrabajo.com/ofertas-de-trabajo/oferta-de-trabajo-de-asistente-contabilidad-en-escazu-DB0CC27D771496AD61373E686DCF3405,Asistente contabilidad,posted|wp_id=12428|https://costarica.mimusjobs.com/job/asistente-contabilidad/,2026-09-27T17:53:15.076553,https://cr.computrabajo.com/empleos-en-san-jose,36
02f381654b531666,https://cr.computrabajo.com/ofertas-de-trabajo/oferta-de-trabajo-de-soporte-tecnico-software-saas-y-hardware-en-san-jose-F151DAD852823D9861373E686DCF3405,Soporte Tecnico - Software SaaS y Hardware,posted|wp_id=12429|https://costarica.mimusjobs.com/job/soporte-tecnico-software-saas-y-hardware/,2026-09-27T17:53:17.491189,https://cr.computrabajo.com/empleos-en-san-jose,36
289ec69d57fe137a,https://cr.computrabajo.com/ofertas-de-trabajo/oferta-de-trabajo-de-ninera-profesional-en-el-cuido-y-gestion-infantil-muy-urgente-en-santa-ana-C88DF35270DDD0EF61373E686DCF3405,Niñera Profesional en el Cuido y Gestión Infantil - Muy Urgente,posted|wp_id=18855|https://costarica.mimusjobs.com/job/ninera-profesional-en-el-cuido-y-gestion-infantil-muy-urgente-6/,2026-09-27T17:53:21.582719,https://cr.computrabajo.com/empleos-en-san-jose,36
0600200e8342aca9,https://cr.computrabajo.com/ofertas-de-trabajo/oferta-de-trabajo-de-asistente-administrativo-contable-muy-urgente-en-escazu-533BC7BEC148C25D61373E686DCF3405,"Asistente Administrativo, Contable - Muy Urgente",posted|wp_id=12434|https://costarica.mimusjobs.com/job/asistente-administrativo-contable-muy-urgente/,2026-09-27T17:53:24.408048,https://cr.computrabajo.com/empleos-en-san-jose,36
a56c4512cbc4c565,https://cr.computrabajo.com/ofertas-de-trabajo/oferta-de-trabajo-de-ingeniero-quimico-jr-seguridad-de-procesos-seguridad-funcional-en-escazu-1CD56F346E2E01F461373E686DCF3405,Ingeniero Químico - recién graduado bilingüe,posted|wp_id=18856|https://costarica.mimusjobs.com/job/ingeniero-quimico-recien-graduado-bilingue-6/,2026-09-27T17:53:29.166909,https://cr.computrabajo.com/empleos-en-san-jose,37
ad85dd8838ee0aa1,https://cr.computrabajo.com/ofertas-de-trabajo/oferta-de-trabajo-de-english-tutor-part-time-full-time-en-montes-de-oca-1A43013D2EB5E45961373E686DCF3405,English Tutor - Part Time Full Time,posted|wp_id=12443|https://costarica.mimusjobs.com/job/english-tutor-part-time-full-time/,2026-09-27T17:53:35.898197,https://cr.computrabajo.com/empleos-en-san-jose,37
d60094c0d7d1eaae,https://cr.computrabajo.com/ofertas-de-trabajo/oferta-de-trabajo-de-operador-tienda-maxi-pali-mercedes-norte-en-heredia-F7E60C5221C15EDD61373E686DCF3405,Operador Tienda - Maxi Pali Mercedes Norte,posted|wp_id=12698|https://costarica.mimusjobs.com/job/operador-tienda-maxi-pali-mercedes-norte/,2026-09-27T17:53:44.376883,https://cr.computrabajo.com/empleos-en-heredia,1
6beb03b03631af61,https://cr.computrabajo.com/ofertas-de-trabajo/oferta-de-trabajo-de-chofer-b3b4-con-experiencia-en-santo-domingo-12EAD8AF2F5B1C1761373E686DCF3405,Chofer B3/B4 - Con Experiencia,posted|wp_id=12700|https://costarica.mimusjobs.com/job/chofer-b3-b4-con-experiencia/,2026-09-27T17:53:47.499485,https://cr.computrabajo.com/empleos-en-heredia,1
6b1d006be4024169,https://cr.computrabajo.com/ofertas-de-trabajo/oferta-de-trabajo-de-operario-de-produccion-horario-rotativo-heredia-en-heredia-ABFA9F26016772A861373E686DCF3405,Operario de Producción (Horario Rotativo) - Heredia,posted|wp_id=18862|https://costarica.mimusjobs.com/job/operario-de-produccion-horario-rotativo-heredia-6/,2026-09-27T17:53:56.116192,https://cr.computrabajo.com/empleos-en-heredia,1
bb53ca0109e66a29,https://cr.computrabajo.com/ofertas-de-trabajo/oferta-de-trabajo-de-colaborador-regular-apertura-kfc-terrafe-heredia-en-heredia-8044D71A2105683C61373E686DCF3405,Colaborador Regular Apertura KFC Terrafé Heredia,posted|wp_id=18863|https://costarica.mimusjobs.com/job/colaborador-regular-apertura-kfc-terrafe-heredia-7/,2026-09-27T17:54:00.375924,https://cr.computrabajo.com/empleos-en-heredia,1
1f7f3a6259a7f5c8,https://cr.computrabajo.com/ofertas-de-trabajo/oferta-de-trabajo-de-monitorista-de-seguridad-monitoreo-de-camaras-en-heredia-3108B78CC6BF44C261373E686DCF3405,Monitorista de Seguridad - Monitoreo de Cámaras,posted|wp_id=18864|https://costarica.mimusjobs.com/job/monitorista-de-seguridad-monitoreo-de-camaras-6/,2026-09-27T17:54:05.021011,https://cr.computrabajo.com/empleos-en-heredia,1
5acc6529908ddbac,https://cr.computrabajo.com/ofertas-de-trabajo/oferta-de-trabajo-de-despachador-nocturno-temporal-megasuper-en-santo-domingo-3419111DAC515EFE61373E686DCF3405,Despachador Nocturno Temporal - Megasuper,posted|wp_id=12708|https://costarica.mimusjobs.com/job/despachador-nocturno-temporal-megasuper/,2026-09-27T17:54:08.212355,https://cr.computrabajo.com/empleos-en-heredia,1
9312c934d48c7c99,https://cr.computrabajo.com/ofertas-de-trabajo/oferta-de-trabajo-de-analista-contable-en-santo-domingo-641A422CCBECDF6161373E686DCF3405,Analista contable,posted|wp_id=2633|https://costarica.mimusjobs.com/job/analista-contable/,2026-09-27T17:54:11.436569,https://cr.computrabajo.com/empleos-en-heredia,1
e07b996a59097269,https://cr.computrabajo.com/ofertas-de-trabajo/oferta-de-trabajo-de-montacarguista-en-flores-A2CCC8BC003292C761373E686DCF3405,Montacarguista,posted|wp_id=6580|https://costarica.mimusjobs.com/job/montacarguista/,2026-09-27T17:54:14.240371,https://cr.computrabajo.com/empleos-en-heredia,1
bbeea9c6405f0811,https://cr.computrabajo.com/ofertas-de-trabajo/oferta-de-trabajo-de-supervisor-de-seguridad-en-heredia-C771102268CE575561373E686DCF3405,Supervisor de Seguridad,posted|wp_id=12711|https://costarica.mimusjobs.com/job/supervisor-de-seguridad/,2026-09-27T17:54:16.548448,https://cr.computrabajo.com/empleos-en-heredia,1
75582b7fc035b522,https://cr.computrabajo.com/ofertas-de-trabajo/oferta-de-trabajo-de-oficinista-de-recursos-humanos-asistente-de-rrhh-heredia-en-heredia-79E1BB169B08FF7861373E686DCF3405,Oficinista de Recursos Humanos / Asistente de RRHH - Heredia,posted|wp_id=12710|https://costarica.mimusjobs.com/job/oficinista-de-recursos-humanos-asistente-de-rrhh-heredia/,2026-09-27T17:54:19.101076,https://cr.computrabajo.com/empleos-en-heredia,1
c24cb05b34c7be20,https://cr.computrabajo.com/ofertas-de-trabajo/oferta-de-trabajo-de-deshuesador-heredia-la-valencia-en-heredia-CE24001AE1A6BB5861373E686DCF3405,"Deshuesador - Heredia, La Valencia",posted|wp_id=12714|https://costarica.mimusjobs.com/job/deshuesador-heredia-la-valencia/,2026-09-27T17:54:21.295868,https://cr.computrabajo.com/empleos-en-heredia,1
18b9e833befcdead,https://cr.computrabajo.com/ofertas-de-trabajo/oferta-de-trabajo-de-contador-junior-heredia-en-heredia-1E67134D512AFAB961373E686DCF3405,Contador Junior - Heredia,posted|wp_id=12715|https://costarica.mimusjobs.com/job/contador-junior-heredia/,2026-09-27T17:54:23.756923,https://cr.computrabajo.com/empleos-en-heredia,1
cd3368465856bdc3,https://cr.computrabajo.com/ofertas-de-trabajo/oferta-de-trabajo-de-servicios-profesionales-analista-de-supply-chain-en-santo-domingo-0EB402552E0F3DEB61373E686DCF3405,Servicios profesionales (Analista de Supply Chain),posted|wp_id=12717|https://costarica.mimusjobs.com/job/servicios-profesionales-analista-de-supply-chain/,2026-09-27T17:54:26.406461,https://cr.computrabajo.com/empleos-en-heredia,1
1d29e2b4f768b2bd,https://cr.computrabajo.com/ofertas-de-trabajo/oferta-de-trabajo-de-gerente-de-pais-para-empresa-automotriz-en-heredia-831B5CE4FD2F793F61373E686DCF3405,Gerente de País - Para empresa automotriz,posted|wp_id=18865|https://costarica.mimusjobs.com/job/gerente-de-pais-para-empresa-automotriz-6/,2026-09-27T17:54:30.198606,https://cr.computrabajo.com/empleos-en-heredia,1
17cdf3c2ace8fbcd,https://cr.computrabajo.com/ofertas-de-trabajo/oferta-de-trabajo-de-miscelaneao-heredia-en-flores-DB4CE418473F2D3D61373E686DCF3405,Miscelánea(o) - Heredia,posted|wp_id=18866|https://costarica.mimusjobs.com/job/miscelaneao-heredia-6/,2026-09-27T17:54:34.303615,https://cr.computrabajo.com/empleos-en-heredia,1
245bc21e10b8994b,https://cr.computrabajo.com/ofertas-de-trabajo/oferta-de-trabajo-de-asistente-comercial-servicio-al-cliente-en-heredia-C7BEC34D0056327861373E686DCF3405,Asistente Comercial - Servicio al Cliente,posted|wp_id=12718|https://costarica.mimusjobs.com/job/asistente-comercial-servicio-al-cliente/,2026-09-27T17:54:37.228045,https://cr.computrabajo.com/empleos-en-heredia,1
c4cc198f6e38ccca,https://cr.computrabajo.com/ofertas-de-trabajo/oferta-de-trabajo-de-especialista-de-salud-ocupacional-bilingue-heredia-afz-en-heredia-F854BD17EA6F55B261373E686DCF3405,Especialista de Salud Ocupacional Bilingüe - Heredia AFZ,posted|wp_id=18868|https://costarica.mimusjobs.com/job/especialista-de-salud-ocupacional-bilingue-heredia-afz-6/,2026-09-27T17:54:43.047515,https://cr.computrabajo.com/empleos-en-heredia,1
2431ae8e20c761b4,https://cr.computrabajo.com/ofertas-de-trabajo/oferta-de-trabajo-de-tecnico-electromecanico-electricista-en-heredia-266CAB43708CE65B61373E686DCF3405,Técnico Electromecánico - Electricista,posted|wp_id=18869|https://costarica.mimusjobs.com/job/tecnico-electromecanico-electricista-6/,2026-09-27T17:54:46.522375,https://cr.computrabajo.com/empleos-en-heredia,1
e540326bbc8c115f,https://cr.computrabajo.com/ofertas-de-trabajo/oferta-de-trabajo-de-operadores-tienda-pali-y-maxi-pali-santa-barbara-y-roble-heredia-jornada-rotativa-en-santa-barbara-19421E754EC7758361373E686DCF3405,Operadores tienda (Pali y Maxi Pali Santa Barbara y Roble Heredia) - Jornada Rotativa,posted|wp_id=18871|https://costarica.mimusjobs.com/job/operadores-tienda-pali-y-maxi-pali-santa-barbara-y-roble-heredia-jornada-rotativa-6/,2026-09-27T17:54:51.269379,https://cr.computrabajo.com/empleos-en-heredia,1
d3f8461643431b1f,https://cr.computrabajo.com/ofertas-de-trabajo/oferta-de-trabajo-de-auxiliares-de-limpieza-en-centro-de-distribucion-carnico-heredia-la-valencia-en-heredia-D3719BD6C9A87F7961373E686DCF3405,"Auxiliares de limpieza en Centro de Distribución cárnico - Heredia, La Valencia",posted|wp_id=18873|https://costarica.mimusjobs.com/job/auxiliares-de-limpieza-en-centro-de-distribucion-carnico-heredia-la-valencia-6/,2026-09-27T17:54:57.396364,https://cr.computrabajo.com/empleos-en-heredia,1
0184dc87adccdf35,https://cr.computrabajo.com/ofertas-de-trabajo/oferta-de-trabajo-de-ejecutiva-de-desarrollo-heredia-en-heredia-ED7FC47B50718A1B61373E686DCF3405,Ejecutiva de Desarrollo - Heredia,posted|wp_id=12727|https://costarica.mimusjobs.com/job/ejecutiva-de-desarrollo-heredia/,2026-09-27T17:54:59.874035,https://cr.computrabajo.com/empleos-en-heredia,2
77e7ce86e77c0ec2,https://cr.computrabajo.com/ofertas-de-trabajo/oferta-de-trabajo-de-chofer-b3-o-b4-heredia-o-alrededores-en-santo-domingo-18F67F327AC8D18E61373E686DCF3405,Chofer B3 o B4 Heredia o Alrededores,posted|wp_id=12729|https://costarica.mimusjobs.com/job/chofer-b3-o-b4-heredia-o-alrededores/,2026-09-27T17:55:02.779778,https://cr.computrabajo.com/empleos-en-heredia,2
a80cebf0df9f0d28,https://cr.computrabajo.com/ofertas-de-trabajo/oferta-de-trabajo-de-auxiliar-general-de-alimentacion-para-comedor-institucional-heredia-alimentacion-en-heredia-A2EA46DBAF6B2FA861373E686DCF3405,Auxiliar General de Alimentación para comedor Institucional /Heredia - Alimentación,posted|wp_id=18874|https://costarica.mimusjobs.com/job/auxiliar-general-de-alimentacion-para-comedor-institucional-heredia-alimentacion-6/,2026-09-27T17:55:06.692809,https://cr.computrabajo.com/empleos-en-heredia,2
517b5b4c4e34d347,https://cr.computrabajo.com/ofertas-de-trabajo/oferta-de-trabajo-de-supervisor-para-comedor-institucional-heredia-heredia--la-aurora-en-heredia-36E6FFAA000518E261373E686DCF3405,Supervisor para comedor institucional Heredia - Heredia / La Aurora,posted|wp_id=12447|https://costarica.mimusjobs.com/job/supervisor-para-comedor-institucional-heredia-heredia-la-aurora/,2026-09-27T17:55:09.800799,https://cr.computrabajo.com/empleos-en-heredia,2
5b3e69fe702f8046,https://cr.computrabajo.com/ofertas-de-trabajo/oferta-de-trabajo-de-auxiliar-tienda-carniceria-panaderia-verduleria-masxmenos-heredia-en-heredia-6A1DB3941BA3AA5361373E686DCF3405,"Auxiliar Tienda carnicería, panadería, verdulería - MasxMenos Heredia",posted|wp_id=18876|https://costarica.mimusjobs.com/job/auxiliar-tienda-carniceria-panaderia-verduleria-masxmenos-heredia-6/,2026-09-27T17:55:15.565977,https://cr.computrabajo.com/empleos-en-heredia,2
d072680d9752ac8f,https://cr.computrabajo.com/ofertas-de-trabajo/oferta-de-trabajo-de-administrador-contrato-comedor-institucional-heredia-santo-domingo-en-santo-domingo-A6B0FE0C64DE38C861373E686DCF3405,Administrador Contrato Comedor Institucional Heredia Santo Domingo,posted|wp_id=12450|https://costarica.mimusjobs.com/job/administrador-contrato-comedor-institucional-heredia-santo-domingo/,2026-09-27T17:55:18.102181,https://cr.computrabajo.com/empleos-en-heredia,2
594693323f6a0c0a,https://cr.computrabajo.com/ofertas-de-trabajo/oferta-de-trabajo-de-bodeguero-de-repuestos-heredia-en-belen-72836CF7AA55D14061373E686DCF3405,Bodeguero de Repuestos - Heredia,posted|wp_id=12451|https://costarica.mimusjobs.com/job/bodeguero-de-repuestos-heredia/,2026-09-27T17:55:21.015973,https://cr.computrabajo.com/empleos-en-heredia,2
6706dd6b98b700ac,https://cr.computrabajo.com/ofertas-de-trabajo/oferta-de-trabajo-de-asesores-de-ventas-heredia-puerta-a-puerta-en-heredia-18CE9EB3953FBB9261373E686DCF3405,Asesores de Ventas Heredia - Puerta a Puerta,posted|wp_id=12453|https://costarica.mimusjobs.com/job/asesores-de-ventas-heredia-puerta-a-puerta/,2026-09-27T17:55:23.692970,https://cr.computrabajo.com/empleos-en-heredia,2
7ea6d112a4d97153,https://cr.computrabajo.com/ofertas-de-trabajo/oferta-de-trabajo-de-tecnico-electromecanico-en-heredia-FF01D8B0E5ECD91D61373E686DCF3405,Técnico Electromecánico,posted|wp_id=18878|https://costarica.mimusjobs.com/job/tecnico-electromecanico-9/,2026-09-27T17:55:29.210415,https://cr.computrabajo.com/empleos-en-heredia,2
e9f94361e23fe301,https://cr.computrabajo.com/ofertas-de-trabajo/oferta-de-trabajo-de-oficial-de-instalaciones-heredia-con-experiencia-en-santo-domingo-2F44161B5622772161373E686DCF3405,Oficial de instalaciones Heredia - Con Experiencia,posted|wp_id=12459|https://costarica.mimusjobs.com/job/oficial-de-instalaciones-heredia-con-experiencia/,2026-09-27T17:55:32.019703,https://cr.computrabajo.com/empleos-en-heredia,2
a8e74e0f88da3de7,https://cr.computrabajo.com/ofertas-de-trabajo/oferta-de-trabajo-de-mezcladordosificador-industria-alimenticia-en-flores-FD0767A8A6DF41DF61373E686DCF3405,Mezclador/Dosificador - Industria alimenticia,posted|wp_id=12468|https://costarica.mimusjobs.com/job/mezclador-dosificador-industria-alimenticia/,2026-09-27T17:55:34.561650,https://cr.computrabajo.com/empleos-en-heredia,2
4d0406e1a9bdc9ed,https://cr.computrabajo.com/ofertas-de-trabajo/oferta-de-trabajo-de-cajero-vendedor-wyndham-belen-en-belen-BF9399D009BE4DC961373E686DCF3405,Cajero vendedor Wyndham - Belén,posted|wp_id=18880|https://costarica.mimusjobs.com/job/cajero-vendedor-wyndham-belen-6/,2026-09-27T17:55:39.936352,https://cr.computrabajo.com/empleos-en-heredia,2
3fd6305092573a09,https://cr.computrabajo.com/ofertas-de-trabajo/oferta-de-trabajo-de-chofer-rutero-en-heredia-798B14208E20B95E61373E686DCF3405,Chofer rutero,posted|wp_id=12464|https://costarica.mimusjobs.com/job/chofer-rutero/,2026-09-27T17:55:43.321630,https://cr.computrabajo.com/empleos-en-heredia,2
f2855e39dfeaa3ab,https://cr.computrabajo.com/ofertas-de-trabajo/oferta-de-trabajo-de-instalador-tecnico-en-heredia-D3F828290FFE905661373E686DCF3405,Instalador técnico,posted|wp_id=18882|https://costarica.mimusjobs.com/job/instalador-tecnico-6/,2026-09-27T17:55:47.642128,https://cr.computrabajo.com/empleos-en-heredia,2
c3c079ba0a983d74,https://cr.computrabajo.com/ofertas-de-trabajo/oferta-de-trabajo-de-custodio-motorizado-heredia-en-santo-domingo-356D683C9EB6C10861373E686DCF3405,Custodio Motorizado - Heredia,posted|wp_id=12472|https://costarica.mimusjobs.com/job/custodio-motorizado-heredia/,2026-09-27T17:55:50.382775,https://cr.computrabajo.com/empleos-en-heredia,2
a0b6427c57c5e88c,https://cr.computrabajo.com/ofertas-de-trabajo/oferta-de-trabajo-de-jefe-administrativo-contable-en-belen-0DC1AF8463C9438E61373E686DCF3405,Jefe administrativo contable,posted|wp_id=12473|https://costarica.mimusjobs.com/job/jefe-administrativo-contable/,2026-09-27T17:55:53.794646,https://cr.computrabajo.com/empleos-en-heredia,2
e266a666a9d059d9,https://cr.computrabajo.com/ofertas-de-trabajo/oferta-de-trabajo-de-ejecutivoa-comercial-freight-forwarder-en-heredia-CBB99E8BC671811B61373E686DCF3405,Ejecutivo(a) Comercial - Freight Forwarder,posted|wp_id=18883|https://costarica.mimusjobs.com/job/ejecutivoa-comercial-freight-forwarder-6/,2026-09-27T17:55:57.987904,https://cr.computrabajo.com/empleos-en-heredia,2
01b76a68f287cf37,https://cr.computrabajo.com/ofertas-de-trabajo/oferta-de-trabajo-de-colaborador-regular-kfc-san-francisco-en-santa-barbara-73F1EAD9A52ED88561373E686DCF3405,Colaborador Regular KFC San Francisco,posted|wp_id=10184|https://costarica.mimusjobs.com/job/colaborador-regular-kfc-san-francisco/,2026-09-27T17:56:00.548177,https://cr.computrabajo.com/empleos-en-heredia,2
32ea97157e352b4d,https://cr.computrabajo.com/ofertas-de-trabajo/oferta-de-trabajo-de-operario-de-produccion-operario-de-planta-de-produccion-alimenticia-en-heredia-6997C23091260BDC61373E686DCF3405,Operario de producción - Operario de planta de producción alimenticia,posted|wp_id=18885|https://costarica.mimusjobs.com/job/operario-de-produccion-operario-de-planta-de-produccion-alimenticia-6/,2026-09-27T17:56:04.795341,https://cr.computrabajo.com/empleos-en-heredia,2
a77907b2a3541f2e,https://cr.computrabajo.com/ofertas-de-trabajo/oferta-de-trabajo-de-lider-de-mercadeo-heredia-en-heredia-0F805CBC770D98A861373E686DCF3405,Lider de Mercadeo / Heredia,posted|wp_id=12476|https://costarica.mimusjobs.com/job/lider-de-mercadeo-heredia/,2026-09-27T17:56:07.004403,https://cr.computrabajo.com/empleos-en-heredia,2
4056490d18595269,https://cr.computrabajo.com/ofertas-de-trabajo/oferta-de-trabajo-de-auxiliar-de-bodega-santa-barbara-heredia-en-santa-barbara-C750F1547CA87D8F61373E686DCF3405,Auxiliar de bodega - Santa Bárbara Heredia,posted|wp_id=18887|https://costarica.mimusjobs.com/job/auxiliar-de-bodega-santa-barbara-heredia-6/,2026-09-27T17:56:18.044337,https://cr.computrabajo.com/empleos-en-heredia,3
4190413abaa4934f,https://cr.computrabajo.com/ofertas-de-trabajo/oferta-de-trabajo-de-tecnico-telecomunicaciones-experiencia-instalaciones-y-averias-fibra-optica-en-san-pablo-C2E3D6B1CD57670761373E686DCF3405,Técnico telecomunicaciones - Experiencia Instalaciones Y averías Fibra Optica,posted|wp_id=18889|https://costarica.mimusjobs.com/job/tecnico-telecomunicaciones-experiencia-instalaciones-y-averias-fibra-optica-6/,2026-09-27T17:56:24.815526,https://cr.computrabajo.com/empleos-en-heredia,3
925cfb70753dcde5,https://cr.computrabajo.com/ofertas-de-trabajo/oferta-de-trabajo-de-operario-de-produccionnocturno-industria-de-alimentos-en-flores-7229312F4E0E298C61373E686DCF3405,Operario de producción/Nocturno - Industria de alimentos,posted|wp_id=18891|https://costarica.mimusjobs.com/job/operario-de-produccion-nocturno-industria-de-alimentos-6/,2026-09-27T17:56:30.263020,https://cr.computrabajo.com/empleos-en-heredia,3
2d6b97926ea1aed4,https://cr.computrabajo.com/ofertas-de-trabajo/oferta-de-trabajo-de-bodeguero-en-heredia-64B631F86AD8910961373E686DCF3405,Bodeguero,posted|wp_id=10316|https://costarica.mimusjobs.com/job/bodeguero/,2026-09-27T17:56:34.362425,https://cr.computrabajo.com/empleos-en-heredia,3
0eedbf290148441b,https://cr.computrabajo.com/ofertas-de-trabajo/oferta-de-trabajo-de-operador-de-tienda-maxi-pali-mercedes-norte-en-heredia-9311E4294777A9CA61373E686DCF3405,Operador de Tienda - Maxi Pali Mercedes Norte,posted|wp_id=12490|https://costarica.mimusjobs.com/job/operador-de-tienda-maxi-pali-mercedes-norte/,2026-09-27T17:56:38.649221,https://cr.computrabajo.com/empleos-en-heredia,3
5282ebe73e9882da,https://cr.computrabajo.com/ofertas-de-trabajo/oferta-de-trabajo-de-tecnico-instalador-sector-industrial-en-santo-domingo-EB8675739D94462861373E686DCF3405,Técnico instalador - Sector Industrial,posted|wp_id=18892|https://costarica.mimusjobs.com/job/tecnico-instalador-sector-industrial-6/,2026-09-27T17:56:45.493735,https://cr.computrabajo.com/empleos-en-heredia,3
4bbe03ad67988f57,https://cr.computrabajo.com/ofertas-de-trabajo/oferta-de-trabajo-de-miscelaneos-belen-heredia-en-belen-E51F2C491257096061373E686DCF3405,"Miscelaneos - Belen, Heredia",posted|wp_id=12492|https://costarica.mimusjobs.com/job/miscelaneos-belen-heredia/,2026-09-27T17:56:49.464666,https://cr.computrabajo.com/empleos-en-heredia,3
67c7bd47e62b37f4,https://cr.computrabajo.com/ofertas-de-trabajo/oferta-de-trabajo-de-mecanico-de-maquinaria-pesada-turno-de-dia-con-experiencia-en-belen-E822C2AE56EA3B0661373E686DCF3405,"Mecánico de maquinaria pesada - Turno de día, Con experiencia",posted|wp_id=18893|https://costarica.mimusjobs.com/job/mecanico-de-maquinaria-pesada-turno-de-dia-con-experiencia-6/,2026-09-27T17:56:53.361625,https://cr.computrabajo.com/empleos-en-heredia,3
e34872bfe9b37491,https://cr.computrabajo.com/ofertas-de-trabajo/oferta-de-trabajo-de-oficial-de-monitoreo-heredia-en-heredia-440D5B27E916A79061373E686DCF3405,Oficial de Monitoreo - Heredia,posted|wp_id=12496|https://costarica.mimusjobs.com/job/oficial-de-monitoreo-heredia/,2026-09-27T17:56:56.842107,https://cr.computrabajo.com/empleos-en-heredia,3
e0e33769709faba0,https://cr.computrabajo.com/ofertas-de-trabajo/oferta-de-trabajo-de-contadora-contador-jr-temporal-en-barva-128ED2402CB3504261373E686DCF3405,Contador/a - Contador JR Temporal,posted|wp_id=12498|https://costarica.mimusjobs.com/job/contador-a-contador-jr-temporal/,2026-09-27T17:57:00.088805,https://cr.computrabajo.com/empleos-en-heredia,3
9f3b4ae721c37ca0,https://cr.computrabajo.com/ofertas-de-trabajo/oferta-de-trabajo-de-asistente-administrativo-bilingue-en-belen-50E829B796E6534061373E686DCF3405,Asistente Administrativo - Bilingüe,posted|wp_id=18894|https://costarica.mimusjobs.com/job/asistente-administrativo-bilingue-6/,2026-09-27T17:57:04.444493,https://cr.computrabajo.com/empleos-en-heredia,3
c80c8bfdf1793754,https://cr.computrabajo.com/ofertas-de-trabajo/oferta-de-trabajo-de-chofer-b3-encargado-de-distribucion-en-flores-FA0B1B275E17EA6761373E686DCF3405,"Chofer B3, Encargado de Distribución",posted|wp_id=18895|https://costarica.mimusjobs.com/job/chofer-b3-encargado-de-distribucion-6/,2026-09-27T17:57:08.558731,https://cr.computrabajo.com/empleos-en-heredia,3
991e8c0713270660,https://cr.computrabajo.com/ofertas-de-trabajo/oferta-de-trabajo-de-tecnico-en-autotronica-en-flores-C6041F9CECC4DFC161373E686DCF3405,Técnico en Autotrónica,posted|wp_id=18896|https://costarica.mimusjobs.com/job/tecnico-en-autotronica-6/,2026-09-27T17:57:13.265024,https://cr.computrabajo.com/empleos-en-heredia,3
f2d9178952f83907,https://cr.computrabajo.com/ofertas-de-trabajo/oferta-de-trabajo-de-soldador-automotriz-en-flores-263FB8ED69975B8B61373E686DCF3405,Soldador Automotriz,posted|wp_id=12503|https://costarica.mimusjobs.com/job/soldador-automotriz/,2026-09-27T17:57:16.069692,https://cr.computrabajo.com/empleos-en-heredia,3
6c5cb5fbd1ba1c60,https://cr.computrabajo.com/ofertas-de-trabajo/oferta-de-trabajo-de-operario-de-produccion-industria-de-alimentos-en-flores-2677414B50C4F64961373E686DCF3405,Operario de producción - Industria de alimentos,posted|wp_id=18898|https://costarica.mimusjobs.com/job/operario-de-produccion-industria-de-alimentos-11/,2026-09-27T17:57:21.936198,https://cr.computrabajo.com/empleos-en-heredia,3
0a73acb66baf8c99,https://cr.computrabajo.com/ofertas-de-trabajo/oferta-de-trabajo-de-jardinero-heredia-san-joaquin-de-flores-en-flores-AA4C727819B8612761373E686DCF3405,"Jardinero - Heredia, San Joaquin de Flores",posted|wp_id=12506|https://costarica.mimusjobs.com/job/jardinero-heredia-san-joaquin-de-flores/,2026-09-27T17:57:25.084928,https://cr.computrabajo.com/empleos-en-heredia,3
b35f4c3c37d61410,https://cr.computrabajo.com/ofertas-de-trabajo/oferta-de-trabajo-de-bodeguero-operador-san-carlos-en-flores-E3D54ACE3452B1EF61373E686DCF3405,Bodeguero Operador San Carlos,posted|wp_id=12509|https://costarica.mimusjobs.com/job/bodeguero-operador-san-carlos/,2026-09-27T17:57:28.199674,https://cr.computrabajo.com/empleos-en-heredia,3
399f9637acf86036,https://cr.computrabajo.com/ofertas-de-trabajo/oferta-de-trabajo-de-oficial-de-seguridad-en-santo-domingo-1E688B16DF698FC661373E686DCF3405,Oficial de seguridad,posted|wp_id=12508|https://costarica.mimusjobs.com/job/oficial-de-seguridad/,2026-09-27T17:57:31.104628,https://cr.computrabajo.com/empleos-en-heredia,3
49ad0ce9bd5ad7a6,https://cr.computrabajo.com/ofertas-de-trabajo/oferta-de-trabajo-de-operario-de-produccion-y-dosificado-industria-alimenticia-en-flores-D89E9B0A9EDFC99861373E686DCF3405,Operario de Producción y Dosificado - Industria alimenticia,posted|wp_id=18900|https://costarica.mimusjobs.com/job/operario-de-produccion-y-dosificado-industria-alimenticia-6/,2026-09-27T17:57:35.890177,https://cr.computrabajo.com/empleos-en-heredia,3
e5a569f558ccd183,https://cr.computrabajo.com/ofertas-de-trabajo/oferta-de-trabajo-de-encargado-de-produccion-alimentos-perecederos-logistica-y-calidad-en-san-isidro-814FE46C3C299A3D61373E686DCF3405,Encargado de Producción Alimentos Perecederos - (Logística y Calidad),posted|wp_id=18901|https://costarica.mimusjobs.com/job/encargado-de-produccion-alimentos-perecederos-logistica-y-calidad-6/,2026-09-27T17:57:40.907531,https://cr.computrabajo.com/empleos-en-heredia,3
604a27ce573533e9,https://cr.computrabajo.com/ofertas-de-trabajo/oferta-de-trabajo-de-auxiliar-de-servicio-caf-centro-de-acopio-de-frescos-en-santo-domingo-FA509BB1ADBB29EF61373E686DCF3405,Auxiliar de servicio CAF - Centro de Acopio de Frescos,posted|wp_id=12513|https://costarica.mimusjobs.com/job/auxiliar-de-servicio-caf-centro-de-acopio-de-frescos/,2026-09-27T17:57:44.552489,https://cr.computrabajo.com/empleos-en-heredia,4
24655faf4369eef3,https://cr.computrabajo.com/ofertas-de-trabajo/oferta-de-trabajo-de-agente-de-ventas-en-heredia-381788A461C5A54A61373E686DCF3405,Agente de ventas,posted|wp_id=4102|https://costarica.mimusjobs.com/job/agente-de-ventas/,2026-09-27T17:57:47.711439,https://cr.computrabajo.com/empleos-en-heredia,4
08a4c2993408627e,https://cr.computrabajo.com/ofertas-de-trabajo/oferta-de-trabajo-de-chofer-camion-b3-heredia-en-belen-E9A0D7978AFA6B7D61373E686DCF3405,Chofer Camión B3 - Heredia,posted|wp_id=18902|https://costarica.mimusjobs.com/job/chofer-camion-b3-heredia-6/,2026-09-27T17:57:51.369098,https://cr.computrabajo.com/empleos-en-heredia,4
f16911b40278fb0d,https://cr.computrabajo.com/ofertas-de-trabajo/oferta-de-trabajo-de-auxiliar-de-bodegaapilador-industria-de-alimentos-en-flores-1A028B934E923F8661373E686DCF3405,Auxiliar de bodega/Apilador - Industria de alimentos,posted|wp_id=12520|https://costarica.mimusjobs.com/job/auxiliar-de-bodega-apilador-industria-de-alimentos/,2026-09-27T17:57:55.151463,https://cr.computrabajo.com/empleos-en-heredia,4
7df066aa642f9bd5,https://cr.computrabajo.com/ofertas-de-trabajo/oferta-de-trabajo-de-cocinero-para-comedores-industriales-heredia-y-alajuela-en-belen-4EBB4779650D4E7861373E686DCF3405,Cocinero para Comedores Industriales - Heredia y Alajuela,posted|wp_id=12518|https://costarica.mimusjobs.com/job/cocinero-para-comedores-industriales-heredia-y-alajuela/,2026-09-27T17:57:59.288256,https://cr.computrabajo.com/empleos-en-heredia,4
fb6ad69f145d2306,https://cr.computrabajo.com/ofertas-de-trabajo/oferta-de-trabajo-de-administrador-de-punto-de-venta-mercado-mayoreo-en-heredia-0B720D1770ACA8BE61373E686DCF3405,Administrador de Punto de venta - Mercado Mayoreo,posted|wp_id=12521|https://costarica.mimusjobs.com/job/administrador-de-punto-de-venta-mercado-mayoreo/,2026-09-27T17:58:01.756992,https://cr.computrabajo.com/empleos-en-heredia,4
d29893b4b0757e71,https://cr.computrabajo.com/ofertas-de-trabajo/oferta-de-trabajo-de-encargado-de-operaciones-de-comercio-exterior-y-transporte-internacional-en-san-isidro-8B7844C3973D38D461373E686DCF3405,Encargado de Operaciones de Comercio Exterior y Transporte Internacional,posted|wp_id=12522|https://costarica.mimusjobs.com/job/encargado-de-operaciones-de-comercio-exterior-y-transporte-internacional/,2026-09-27T17:58:04.364243,https://cr.computrabajo.com/empleos-en-heredia,4
e5c8ad401ad24d51,https://cr.computrabajo.com/ofertas-de-trabajo/oferta-de-trabajo-de-ayudante-de-taller-mecanico-heredia-en-flores-8378F7CAB02A0C4461373E686DCF3405,Ayudante de taller mecánico - Heredia,posted|wp_id=18903|https://costarica.mimusjobs.com/job/ayudante-de-taller-mecanico-heredia-6/,2026-09-27T17:58:08.879960,https://cr.computrabajo.com/empleos-en-heredia,4
3553d6a6f6c08053,https://cr.computrabajo.com/ofertas-de-trabajo/oferta-de-trabajo-de-recepcionista-concierge-barreal-de-heredia-en-heredia-BE220380C18ABCE861373E686DCF3405,Recepcionista concierge - Barreal de Heredia,posted|wp_id=12525|https://costarica.mimusjobs.com/job/recepcionista-concierge-barreal-de-heredia/,2026-09-27T17:58:12.150108,https://cr.computrabajo.com/empleos-en-heredia,4
4fec6b432a7f766a,https://cr.computrabajo.com/ofertas-de-trabajo/oferta-de-trabajo-de-bodeguero-heredia-en-belen-1E72F06565AAD0D661373E686DCF3405,Bodeguero - Heredia,posted|wp_id=12526|https://costarica.mimusjobs.com/job/bodeguero-heredia/,2026-09-27T17:58:15.044809,https://cr.computrabajo.com/empleos-en-heredia,4
c8cf7989323e69b4,https://cr.computrabajo.com/ofertas-de-trabajo/oferta-de-trabajo-de-chofer-de-camion-con-licencia-b2-sector-automotriz-en-san-isidro-30CBE40F3F35FA1F61373E686DCF3405,Chófer de Camión con licencia B2 - Sector Automotriz,posted|wp_id=18904|https://costarica.mimusjobs.com/job/chofer-de-camion-con-licencia-b2-sector-automotriz-6/,2026-09-27T17:58:21.793768,https://cr.computrabajo.com/empleos-en-heredia,4
6b8403ff17209eaa,https://cr.computrabajo.com/ofertas-de-trabajo/oferta-de-trabajo-de-despachador-logistico-en-belen-401949AD32BF1BC561373E686DCF3405,Despachador Logistico,posted|wp_id=12528|https://costarica.mimusjobs.com/job/despachador-logistico/,2026-09-27T17:58:26.331533,https://cr.computrabajo.com/empleos-en-heredia,4
487cf8de08566be3,https://cr.computrabajo.com/ofertas-de-trabajo/oferta-de-trabajo-de-especialista-en-reclutamiento-y-seleccion-de-personal-heredia-en-heredia-D49967F1770902E061373E686DCF3405,Especialista en reclutamiento y selección de personal - Heredia,posted|wp_id=18908|https://costarica.mimusjobs.com/job/especialista-en-reclutamiento-y-seleccion-de-personal-heredia-6/,2026-09-27T17:58:35.907606,https://cr.computrabajo.com/empleos-en-heredia,4
3a1ba7a36c2d93dd,https://cr.computrabajo.com/ofertas-de-trabajo/oferta-de-trabajo-de-pasante-administrativoa-distribucion-y-transporte-en-heredia-3F0F49EE0E28021F61373E686DCF3405,Pasante administrativo/a - (Distribución y Transporte),posted|wp_id=18909|https://costarica.mimusjobs.com/job/pasante-administrativo-a-distribucion-y-transporte-6/,2026-09-27T17:58:41.331331,https://cr.computrabajo.com/empleos-en-heredia,4
a607fad09f5ed7ca,https://cr.computrabajo.com/ofertas-de-trabajo/oferta-de-trabajo-de-programador-de-pedidos-heredia-en-heredia-1652E947382A7FA461373E686DCF3405,Programador de Pedidos - (Heredia),posted|wp_id=12534|https://costarica.mimusjobs.com/job/programador-de-pedidos-heredia/,2026-09-27T17:58:45.885874,https://cr.computrabajo.com/empleos-en-heredia,4
cbd1b059e4dfe61e,https://cr.computrabajo.com/ofertas-de-trabajo/oferta-de-trabajo-de-customer-technical-support-heredia-en-heredia-2B3BE7647FC6360761373E686DCF3405,Customer Technical Support - Heredia,posted|wp_id=12538|https://costarica.mimusjobs.com/job/customer-technical-support-heredia/,2026-09-27T17:58:53.685938,https://cr.computrabajo.com/empleos-en-heredia,4
1406a9fefb06872d,https://cr.computrabajo.com/ofertas-de-trabajo/oferta-de-trabajo-de-montacarguista-apilador-en-belen-B4D469169A45F64B61373E686DCF3405,Montacarguista Apilador,posted|wp_id=12539|https://costarica.mimusjobs.com/job/montacarguista-apilador/,2026-09-27T17:58:56.461567,https://cr.computrabajo.com/empleos-en-heredia,4
f51623ec850cdc09,https://cr.computrabajo.com/ofertas-de-trabajo/oferta-de-trabajo-de-tecnico-de-mantenimiento-con-vehiculo-carro-y-licencia-b1-zona-gam-trabajo-en-campo-en-heredia-E78C3039074F94EC61373E686DCF3405,Técnico de Mantenimiento Con Vehículo Carro y Licencia B1 Zona GAM Trabajo en Campo,posted|wp_id=18913|https://costarica.mimusjobs.com/job/tecnico-de-mantenimiento-con-vehiculo-carro-y-licencia-b1-zona-gam-trabajo-en-campo-6/,2026-09-27T17:59:02.238719,https://cr.computrabajo.com/empleos-en-heredia,4
50db1737008caa85,https://cr.computrabajo.com/ofertas-de-trabajo/oferta-de-trabajo-de-operario-de-produccion-en-panaderia-heredia-area-de-panaderia-en-heredia-BA944F611B99A71061373E686DCF3405,Operario de producción en panadería (Heredia) - Área de panadería,posted|wp_id=18915|https://costarica.mimusjobs.com/job/operario-de-produccion-en-panaderia-heredia-area-de-panaderia-6/,2026-09-27T17:59:07.467246,https://cr.computrabajo.com/empleos-en-heredia,4
c5ed44efa25b4bd7,https://cr.computrabajo.com/ofertas-de-trabajo/oferta-de-trabajo-de-administradora-retail-megasuper-zona-heredia-zona-heredia-en-heredia-35FF0185199BEF0561373E686DCF3405,Administrador(a) Retail Megasuper Zona Heredia - Zona Heredia,posted|wp_id=18917|https://costarica.mimusjobs.com/job/administradora-retail-megasuper-zona-heredia-zona-heredia-6/,2026-09-27T17:59:13.415251,https://cr.computrabajo.com/empleos-en-heredia,4
100d440d97e4f2bf,https://cr.computrabajo.com/ofertas-de-trabajo/oferta-de-trabajo-de-cargoingeniero-de-investigacion-y-desarrollo-alimentos-y-sabores-heredia-en-heredia-EB7DD730DF3356B261373E686DCF3405,CargoIngeniero de investigación y desarrollo alimentos y sabores - Heredia,posted|wp_id=18918|https://costarica.mimusjobs.com/job/cargoingeniero-de-investigacion-y-desarrollo-alimentos-y-sabores-heredia-6/,2026-09-27T17:59:19.253550,https://cr.computrabajo.com/empleos-en-heredia,5
b3c5916a390aed5f,https://cr.computrabajo.com/ofertas-de-trabajo/oferta-de-trabajo-de-analista-contable-heredia-en-heredia-1DB232B6894B852761373E686DCF3405,Analista contable - Heredia,posted|wp_id=12546|https://costarica.mimusjobs.com/job/analista-contable-heredia/,2026-09-27T17:59:22.163233,https://cr.computrabajo.com/empleos-en-heredia,5
80d9cc26cb133253,https://cr.computrabajo.com/ofertas-de-trabajo/oferta-de-trabajo-de-supervisor-de-produccion-y-bodega-heredia-en-heredia-E314F497A01E219061373E686DCF3405,Supervisor de producción y bodega - Heredia,posted|wp_id=18919|https://costarica.mimusjobs.com/job/supervisor-de-produccion-y-bodega-heredia-6/,2026-09-27T17:59:26.795430,https://cr.computrabajo.com/empleos-en-heredia,5
edf6756700d1cea9,https://cr.computrabajo.com/ofertas-de-trabajo/oferta-de-trabajo-de-operario-de-produccion-barreal-heredia-en-heredia-B68F8C2DA157AAEB61373E686DCF3405,Operario de Producción - Barreal Heredia,posted|wp_id=18920|https://costarica.mimusjobs.com/job/operario-de-produccion-barreal-heredia-6/,2026-09-27T17:59:31.410743,https://cr.computrabajo.com/empleos-en-heredia,5
fb46e74b4ea24a38,https://cr.computrabajo.com/ofertas-de-trabajo/oferta-de-trabajo-de-chequeador-de-mercaderia-con-licencia-b1-heredia-en-belen-930C1E5279EA21E161373E686DCF3405,Chequeador de mercadería con licencia B1 - Heredia,posted|wp_id=18921|https://costarica.mimusjobs.com/job/chequeador-de-mercaderia-con-licencia-b1-heredia-11/,2026-09-27T17:59:35.244678,https://cr.computrabajo.com/empleos-en-heredia,5
097441a977787895,https://cr.computrabajo.com/ofertas-de-trabajo/oferta-de-trabajo-de-operador-de-tienda-con-manipulacion-de-alimentos-medio-tiempo-maxi-lagunilla-heredia-en-heredia-4E0B3F998C93BA0861373E686DCF3405,Operador de tienda con manipulación de Alimentos Medio Tiempo - Maxi Lagunilla Heredia,posted|wp_id=18923|https://costarica.mimusjobs.com/job/operador-de-tienda-con-manipulacion-de-alimentos-medio-tiempo-maxi-lagunilla-heredia-6/,2026-09-27T17:59:39.854563,https://cr.computrabajo.com/empleos-en-heredia,5
bb97a81016f1fc5c,https://cr.computrabajo.com/ofertas-de-trabajo/oferta-de-trabajo-de-montacargas-con-licencia-b1-heredia-en-belen-DD232B933A57E1C761373E686DCF3405,"Montacargas, con licencia B1 - Heredia",posted|wp_id=12555|https://costarica.mimusjobs.com/job/montacargas-con-licencia-b1-heredia/,2026-09-27T17:59:43.001503,https://cr.computrabajo.com/empleos-en-heredia,5
d13630d7826246e2,https://cr.computrabajo.com/ofertas-de-trabajo/oferta-de-trabajo-de-supervisor-de-produccion-en-heredia-FB3E5FFB1899735061373E686DCF3405,Supervisor de Producción,posted|wp_id=18924|https://costarica.mimusjobs.com/job/supervisor-de-produccion-15/,2026-09-27T17:59:47.674449,https://cr.computrabajo.com/empleos-en-heredia,5
8554b767c1eb413d,https://cr.computrabajo.com/ofertas-de-trabajo/oferta-de-trabajo-de-electromecanicoa-automotriz-heredia-en-flores-9D690BD4D746BFB761373E686DCF3405,Electromecanico/a Automotriz - Heredia,posted|wp_id=12557|https://costarica.mimusjobs.com/job/electromecanico-a-automotriz-heredia/,2026-09-27T17:59:50.946587,https://cr.computrabajo.com/empleos-en-heredia,5
dd6e8fc69efad402,https://cr.computrabajo.com/ofertas-de-trabajo/oferta-de-trabajo-de-representante-de-ventas-en-belen-CDCBA02B3C08C89F61373E686DCF3405,Representante de ventas,posted|wp_id=5160|https://costarica.mimusjobs.com/job/representante-de-ventas/,2026-09-27T17:59:53.375536,https://cr.computrabajo.com/empleos-en-heredia,5
ab00548bca4ced20,https://cr.computrabajo.com/ofertas-de-trabajo/oferta-de-trabajo-de-colaborador-regular-apertura-kfc-san-rafael-heredia-en-san-rafael-624E5D0B58BE516F61373E686DCF3405,Colaborador Regular Apertura KFC San Rafael Heredia,posted|wp_id=12558|https://costarica.mimusjobs.com/job/colaborador-regular-apertura-kfc-san-rafael-heredia/,2026-09-27T17:59:56.761644,https://cr.computrabajo.com/empleos-en-heredia,5
5184b489c3c8da35,https://cr.computrabajo.com/ofertas-de-trabajo/oferta-de-trabajo-de-montacarguista-en-santo-domingo-75D7B6DBA2FFCBA461373E686DCF3405,Montacarguista,posted|wp_id=6580|https://costarica.mimusjobs.com/job/montacarguista/,2026-09-27T17:59:59.521639,https://cr.computrabajo.com/empleos-en-heredia,5
d01d6520357313aa,https://cr.computrabajo.com/ofertas-de-trabajo/oferta-de-trabajo-de-chofer-b3-heredia-en-heredia-AFBF58F97EB1152161373E686DCF3405,Chofer B3 - Heredia,posted|wp_id=12559|https://costarica.mimusjobs.com/job/chofer-b3-heredia/,2026-09-27T18:00:02.838783,https://cr.computrabajo.com/empleos-en-heredia,5
55fc6b1349f4e80d,https://cr.computrabajo.com/ofertas-de-trabajo/oferta-de-trabajo-de-jefe-de-centro-de-distribucion-con-experiencia-en-heredia-44DD957AD4E36DEC61373E686DCF3405,Jefe de Centro de Distribución - con experiencia,posted|wp_id=18925|https://costarica.mimusjobs.com/job/jefe-de-centro-de-distribucion-con-experiencia-6/,2026-09-27T18:00:09.403262,https://cr.computrabajo.com/empleos-en-heredia,5
7957a80e9cb166d8,https://cr.computrabajo.com/ofertas-de-trabajo/oferta-de-trabajo-de-ingenieroa-quimico-comercial-soluciones-industriales-en-santo-domingo-4E9E44573727F46061373E686DCF3405,Ingeniero(a) Químico Comercial - Soluciones Industriales,posted|wp_id=18926|https://costarica.mimusjobs.com/job/ingenieroa-quimico-comercial-soluciones-industriales-6/,2026-09-27T18:00:13.445277,https://cr.computrabajo.com/empleos-en-heredia,5
582d45addb89896e,https://cr.computrabajo.com/ofertas-de-trabajo/oferta-de-trabajo-de-vendedor-jr-con-experiencia-en-santo-domingo-31C2CF21BE949E7861373E686DCF3405,Vendedor Jr - Con Experiencia,posted|wp_id=12563|https://costarica.mimusjobs.com/job/vendedor-jr-con-experiencia/,2026-09-27T18:00:16.307225,https://cr.computrabajo.com/empleos-en-heredia,5
7e5affd6dd4e4807,https://cr.computrabajo.com/ofertas-de-trabajo/oferta-de-trabajo-de-tecnico-de-animacion-audiovisual-diseno-audiovisual-en-heredia-C5F600DCD98F163361373E686DCF3405,Técnico de animación audiovisual - diseño audiovisual,posted|wp_id=18928|https://costarica.mimusjobs.com/job/tecnico-de-animacion-audiovisual-diseno-audiovisual-6/,2026-09-27T18:00:22.333221,https://cr.computrabajo.com/empleos-en-heredia,5
6bdc7a13da8e9ee7,https://cr.computrabajo.com/ofertas-de-trabajo/oferta-de-trabajo-de-promotor-satelite-de-ventas-para-el-gam-en-san-isidro-451B96B3E755309B61373E686DCF3405,Promotor Satélite de Ventas para el GAM,posted|wp_id=18929|https://costarica.mimusjobs.com/job/promotor-satelite-de-ventas-para-el-gam-6/,2026-09-27T18:00:28.054231,https://cr.computrabajo.com/empleos-en-heredia,5
6310ab1ab7da4903,https://cr.computrabajo.com/ofertas-de-trabajo/oferta-de-trabajo-de-auxiliar-de-operaciones-ferreteria-picking-y-packing-en-heredia-4A3987D5C54F77A461373E686DCF3405,Auxiliar de Operaciones Ferretería Picking y Packing,posted|wp_id=18930|https://costarica.mimusjobs.com/job/auxiliar-de-operaciones-ferreteria-picking-y-packing-6/,2026-09-27T18:00:34.347657,https://cr.computrabajo.com/empleos-en-heredia,5
073e15f84f76a490,https://cr.computrabajo.com/ofertas-de-trabajo/oferta-de-trabajo-de-oficial-de-seguridad-heredia-en-heredia-FDE18650F61F75B961373E686DCF3405,Oficial de seguridad - Heredia,posted|wp_id=12570|https://costarica.mimusjobs.com/job/oficial-de-seguridad-heredia/,2026-09-27T18:00:37.955144,https://cr.computrabajo.com/empleos-en-heredia,5
1a320733a03d255b,https://cr.computrabajo.com/ofertas-de-trabajo/oferta-de-trabajo-de-chofer-repartidor-heredia-en-heredia-695C87D81354E11461373E686DCF3405,Chófer repartidor - Heredia,posted|wp_id=18932|https://costarica.mimusjobs.com/job/chofer-repartidor-heredia-6/,2026-09-27T18:00:44.859736,https://cr.computrabajo.com/empleos-en-heredia,6
21e6cfca227092bf,https://cr.computrabajo.com/ofertas-de-trabajo/oferta-de-trabajo-de-vendedor-de-tiendas-heladeria-la-estacion-mall-oxigeno-heredia-en-heredia-69DB478BCD16D30661373E686DCF3405,Vendedor de tiendas Heladería la estación - Mall Oxigeno Heredia,posted|wp_id=18933|https://costarica.mimusjobs.com/job/vendedor-de-tiendas-heladeria-la-estacion-mall-oxigeno-heredia-6/,2026-09-27T18:00:48.801172,https://cr.computrabajo.com/empleos-en-heredia,6
ba44d10370a25046,https://cr.computrabajo.com/ofertas-de-trabajo/oferta-de-trabajo-de-auxiliar-de-bodega-para-comedores-industriales-heredia-en-belen-945E0D0D7373CCDB61373E686DCF3405,Auxiliar de Bodega para Comedores Industriales - Heredia,posted|wp_id=12575|https://costarica.mimusjobs.com/job/auxiliar-de-bodega-para-comedores-industriales-heredia/,2026-09-27T18:00:52.153916,https://cr.computrabajo.com/empleos-en-heredia,6
ac4439d4d52a6fc0,https://cr.computrabajo.com/ofertas-de-trabajo/oferta-de-trabajo-de-human-resources-business-partner-bilingue-en-heredia-47D5E88B168479A861373E686DCF3405,Human Resources Business Partner - Bilingüe,posted|wp_id=18935|https://costarica.mimusjobs.com/job/human-resources-business-partner-bilingue-6/,2026-09-27T18:00:57.948908,https://cr.computrabajo.com/empleos-en-heredia,6
75588716a80bdc79,https://cr.computrabajo.com/ofertas-de-trabajo/oferta-de-trabajo-de-operador-de-tienda-pali-santa-rosa-heredia-en-heredia-BD08B577992EAC2661373E686DCF3405,Operador de tienda - Pali Santa Rosa Heredia,posted|wp_id=12579|https://costarica.mimusjobs.com/job/operador-de-tienda-pali-santa-rosa-heredia/,2026-09-27T18:01:02.804524,https://cr.computrabajo.com/empleos-en-heredia,6
529e7c7bc6e52d57,https://cr.computrabajo.com/ofertas-de-trabajo/oferta-de-trabajo-de-chequeador-de-mercaderia-con-licencia-b1-heredia-en-belen-27AF0FE696B9C39861373E686DCF3405,Chequeador de mercadería con licencia B1 - Heredia,posted|wp_id=18936|https://costarica.mimusjobs.com/job/chequeador-de-mercaderia-con-licencia-b1-heredia-12/,2026-09-27T18:01:06.924560,https://cr.computrabajo.com/empleos-en-heredia,6
8f04b123ba05772a,https://cr.computrabajo.com/ofertas-de-trabajo/oferta-de-trabajo-de-coordinadora-de-marketing-y-soporte-digital-heredia-en-heredia-3E697D5FB8841F9F61373E686DCF3405,Coordinador/a de Marketing y Soporte Digital - Heredia,posted|wp_id=12586|https://costarica.mimusjobs.com/job/coordinador-a-de-marketing-y-soporte-digital-heredia/,2026-09-27T18:01:09.370275,https://cr.computrabajo.com/empleos-en-heredia,6
b7a2aa9166c59efb,https://cr.computrabajo.com/ofertas-de-trabajo/oferta-de-trabajo-de-promotora-heredia-en-heredia-9AEC89A1D7D8216461373E686DCF3405,Promotor/a - Heredia,posted|wp_id=12587|https://costarica.mimusjobs.com/job/promotor-a-heredia/,2026-09-27T18:01:12.454723,https://cr.computrabajo.com/empleos-en-heredia,6
3ddce8c8afb6897c,https://cr.computrabajo.com/ofertas-de-trabajo/oferta-de-trabajo-de-auxiliar-de-frescos-masxmenos-belen-carniceria-en-belen-CCE2076D653E612C61373E686DCF3405,Auxiliar de Frescos MasxMenos Belen Carniceria,posted|wp_id=12589|https://costarica.mimusjobs.com/job/auxiliar-de-frescos-masxmenos-belen-carniceria/,2026-09-27T18:01:15.115436,https://cr.computrabajo.com/empleos-en-heredia,6
3b460a4ea6c6e9b7,https://cr.computrabajo.com/ofertas-de-trabajo/oferta-de-trabajo-de-montacarguista-heredia-en-heredia-5335CACDF440944D61373E686DCF3405,Montacarguista - Heredia,posted|wp_id=12590|https://costarica.mimusjobs.com/job/montacarguista-heredia/,2026-09-27T18:01:17.691037,https://cr.computrabajo.com/empleos-en-heredia,6
03e6aaf1699cf57c,https://cr.computrabajo.com/ofertas-de-trabajo/oferta-de-trabajo-de-agente-de-ventas-de-lubricantes-para-el-gam-sector-automotriz-en-san-isidro-E6D401E61A0E6BDA61373E686DCF3405,Agente de Ventas de Lubricantes para el GAM - Sector Automotriz,posted|wp_id=12591|https://costarica.mimusjobs.com/job/agente-de-ventas-de-lubricantes-para-el-gam-sector-automotriz/,2026-09-27T18:01:19.990317,https://cr.computrabajo.com/empleos-en-heredia,6
da6a966777df9059,https://cr.computrabajo.com/ofertas-de-trabajo/oferta-de-trabajo-de-tecnicoa-mecanico-automotriz-heredia-en-belen-708BFE4A6A85DC2461373E686DCF3405,Técnico/a mecánico automotriz - Heredia,posted|wp_id=18938|https://costarica.mimusjobs.com/job/tecnico-a-mecanico-automotriz-heredia-6/,2026-09-27T18:01:25.138862,https://cr.computrabajo.com/empleos-en-heredia,6
5f2090a75d052d95,https://cr.computrabajo.com/ofertas-de-trabajo/oferta-de-trabajo-de-cajero-a-i-masxmenos-san-joaquin-en-flores-F5DF5628FA7BB98261373E686DCF3405,Cajero A I - MasxMenos San Joaquin,posted|wp_id=12595|https://costarica.mimusjobs.com/job/cajero-a-i-masxmenos-san-joaquin/,2026-09-27T18:01:28.352266,https://cr.computrabajo.com/empleos-en-heredia,6
2eedf60c757b14bc,https://cr.computrabajo.com/ofertas-de-trabajo/oferta-de-trabajo-de-cajero-a-i-masxmenos-san-isidro-heredia-en-san-isidro-F76171F5298F2FB161373E686DCF3405,Cajero A I - MasxMenos San Isidro Heredia,posted|wp_id=12597|https://costarica.mimusjobs.com/job/cajero-a-i-masxmenos-san-isidro-heredia/,2026-09-27T18:01:31.330347,https://cr.computrabajo.com/empleos-en-heredia,6
f332afddd2660817,https://cr.computrabajo.com/ofertas-de-trabajo/oferta-de-trabajo-de-operador-de-tienda-pali-maxi-pali-lagunilla-lagunilla-heredia-en-heredia-651C2A4BFCE673DD61373E686DCF3405,Operador de tienda Pali Maxi Pali Lagunilla - Lagunilla Heredia,posted|wp_id=12599|https://costarica.mimusjobs.com/job/operador-de-tienda-pali-maxi-pali-lagunilla-lagunilla-heredia/,2026-09-27T18:01:35.588173,https://cr.computrabajo.com/empleos-en-heredia,6
f1b641d62eba9124,https://cr.computrabajo.com/ofertas-de-trabajo/oferta-de-trabajo-de-auxiliar-tienda-carnes-masxmenos-san-pablo-norte-en-san-pablo-53574CA04D5DC61B61373E686DCF3405,Auxiliar Tienda/ Carnes - MasxMenos San Pablo Norte,posted|wp_id=12601|https://costarica.mimusjobs.com/job/auxiliar-tienda-carnes-masxmenos-san-pablo-norte/,2026-09-27T18:01:38.244669,https://cr.computrabajo.com/empleos-en-heredia,6
703dc11e67e873d0,https://cr.computrabajo.com/ofertas-de-trabajo/oferta-de-trabajo-de-pilero-a-heredia-en-heredia-6EA82129E6EE938E61373E686DCF3405,Pilero (a) Heredia,posted|wp_id=12603|https://costarica.mimusjobs.com/job/pilero-a-heredia/,2026-09-27T18:01:40.707300,https://cr.computrabajo.com/empleos-en-heredia,6
d6248fb543ccc335,https://cr.computrabajo.com/ofertas-de-trabajo/oferta-de-trabajo-de-cocinero-a-mall-oxigeno-heredia-en-heredia-2F0626DD29D0FE2C61373E686DCF3405,Cocinero (a) Mall Oxigeno Heredia,posted|wp_id=12605|https://costarica.mimusjobs.com/job/cocinero-a-mall-oxigeno-heredia/,2026-09-27T18:01:43.038637,https://cr.computrabajo.com/empleos-en-heredia,6
d1a8022c1fa8bf02,https://cr.computrabajo.com/ofertas-de-trabajo/oferta-de-trabajo-de-auxiliar-de-limpieza-masxmenos-san-pablo-y-san-isidro-heredia-en-san-pablo-EB950BEA8D08EE1861373E686DCF3405,Auxiliar de Limpieza - MasxMenos San Pablo y San Isidro Heredia,posted|wp_id=12607|https://costarica.mimusjobs.com/job/auxiliar-de-limpieza-masxmenos-san-pablo-y-san-isidro-heredia/,2026-09-27T18:01:45.635046,https://cr.computrabajo.com/empleos-en-heredia,6
259a419322c73263,https://cr.computrabajo.com/ofertas-de-trabajo/oferta-de-trabajo-de-auxiliar-tienda-mxm-san-isidro-heredia-en-san-isidro-6495597FA1C74E5D61373E686DCF3405,Auxiliar Tienda - MxM San Isidro Heredia,posted|wp_id=12609|https://costarica.mimusjobs.com/job/auxiliar-tienda-mxm-san-isidro-heredia/,2026-09-27T18:01:49.734913,https://cr.computrabajo.com/empleos-en-heredia,6
f81130d4b421411e,https://cr.computrabajo.com/ofertas-de-trabajo/oferta-de-trabajo-de-asistente-de-inocuidad-y-calidad-en-heredia-249D054C2578A8EE61373E686DCF3405,Asistente de Inocuidad y Calidad,posted|wp_id=12611|https://costarica.mimusjobs.com/job/asistente-de-inocuidad-y-calidad/,2026-09-27T18:01:54.480558,https://cr.computrabajo.com/empleos-en-heredia,7
3c1aff89ab966a1e,https://cr.computrabajo.com/ofertas-de-trabajo/oferta-de-trabajo-de-ingeniero-jr-de-procesos-en-heredia-2397114E718CA56361373E686DCF3405,Ingeniero Jr de Procesos,posted|wp_id=12613|https://costarica.mimusjobs.com/job/ingeniero-jr-de-procesos/,2026-09-27T18:01:57.370415,https://cr.computrabajo.com/empleos-en-heredia,7
558cb2aaa2b0e936,https://cr.computrabajo.com/ofertas-de-trabajo/oferta-de-trabajo-de-vendedor-de-punto-de-venta-temporal-en-heredia-59E20BED269D148661373E686DCF3405,Vendedor de punto de venta - Temporal,posted|wp_id=12615|https://costarica.mimusjobs.com/job/vendedor-de-punto-de-venta-temporal/,2026-09-27T18:02:00.363732,https://cr.computrabajo.com/empleos-en-heredia,7
78bd48ab742ee4d1,https://cr.computrabajo.com/ofertas-de-trabajo/oferta-de-trabajo-de-cajero-punto-de-venta-temporal-en-heredia-59DB1A588493F19261373E686DCF3405,Cajero punto de venta - Temporal,posted|wp_id=12617|https://costarica.mimusjobs.com/job/cajero-punto-de-venta-temporal/,2026-09-27T18:02:03.090912,https://cr.computrabajo.com/empleos-en-heredia,7
204986db30db6c9e,https://cr.computrabajo.com/ofertas-de-trabajo/oferta-de-trabajo-de-personal-operativo-para-zona-de-heredia-centro-en-san-rafael-7BE76C8143B95FE961373E686DCF3405,Personal Operativo para Zona de Heredia Centro,posted|wp_id=5790|https://costarica.mimusjobs.com/job/personal-operativo-para-zona-de-heredia-centro/,2026-09-27T18:02:06.347077,https://cr.computrabajo.com/empleos-en-heredia,7
fe688f3a39ddb82c,https://cr.computrabajo.com/ofertas-de-trabajo/oferta-de-trabajo-de-analista-de-gestion-comercial-en-heredia-1966DF6D7F83A1C061373E686DCF3405,Analista de Gestión Comercial,posted|wp_id=18940|https://costarica.mimusjobs.com/job/analista-de-gestion-comercial-6/,2026-09-27T18:02:12.149015,https://cr.computrabajo.com/empleos-en-heredia,7
4e7b435269eb7baf,https://cr.computrabajo.com/ofertas-de-trabajo/oferta-de-trabajo-de-encargado-admisnistrativo-pali-el-roble-de-santa-barbara-en-santa-barbara-77EE75AC8DB62C8061373E686DCF3405,Encargado admisnistrativo - Pali el roble de Santa Barbara,posted|wp_id=12621|https://costarica.mimusjobs.com/job/encargado-admisnistrativo-pali-el-roble-de-santa-barbara/,2026-09-27T18:02:15.559670,https://cr.computrabajo.com/empleos-en-heredia,7
e4f80bd3f175ec00,https://cr.computrabajo.com/ofertas-de-trabajo/oferta-de-trabajo-de-representante-de-ventas-en-heredia-56E186F99597F3DE61373E686DCF3405,Representante de ventas,posted|wp_id=5160|https://costarica.mimusjobs.com/job/representante-de-ventas/,2026-09-27T18:02:19.662995,https://cr.computrabajo.com/empleos-en-heredia,7
04e5a0e3ad2bddfb,https://cr.computrabajo.com/ofertas-de-trabajo/oferta-de-trabajo-de-gerente-comercial-para-empresa-automotriz-en-heredia-0806890BA5FD9F3B61373E686DCF3405,Gerente Comercial - Para empresa automotriz,posted|wp_id=12623|https://costarica.mimusjobs.com/job/gerente-comercial-para-empresa-automotriz/,2026-09-27T18:02:22.841411,https://cr.computrabajo.com/empleos-en-heredia,7
1d6986488c326047,https://cr.computrabajo.com/ofertas-de-trabajo/oferta-de-trabajo-de-operador-de-maquinaria-industrial-plaza-temporal-3-meses-en-heredia-6CF3743D272CFF8B61373E686DCF3405,Operador de Maquinaria Industrial - Plaza temporal 3 meses,posted|wp_id=12625|https://costarica.mimusjobs.com/job/operador-de-maquinaria-industrial-plaza-temporal-3-meses/,2026-09-27T18:02:27.124705,https://cr.computrabajo.com/empleos-en-heredia,7
ad4c53a3085160cd,https://cr.computrabajo.com/ofertas-de-trabajo/oferta-de-trabajo-de-agentes-de-call-center-presencial-temporal-en-heredia-B039626A52D419F761373E686DCF3405,Agentes de Call Center Presencial - Temporal,posted|wp_id=12627|https://costarica.mimusjobs.com/job/agentes-de-call-center-presencial-temporal/,2026-09-27T18:02:30.376255,https://cr.computrabajo.com/empleos-en-heredia,7
578baba9bb8a2b66,https://cr.computrabajo.com/ofertas-de-trabajo/oferta-de-trabajo-de-chofer-repartidor-con-licencia-b2-o-superior-en-heredia-1C305F39D2E2548661373E686DCF3405,Chofer repartidor con licencia B2 o superior,posted|wp_id=12629|https://costarica.mimusjobs.com/job/chofer-repartidor-con-licencia-b2-o-superior/,2026-09-27T18:02:33.008257,https://cr.computrabajo.com/empleos-en-heredia,7
12d461648043d2de,https://cr.computrabajo.com/ofertas-de-trabajo/oferta-de-trabajo-de-ejecutivoa-de-venta-presencial-y-telemercadeo-ventas-presenciales-en-heredia-C6F748B6F2582F7C61373E686DCF3405,Ejecutivo/a de venta presencial y Telemercadeo - Ventas presenciales,posted|wp_id=12633|https://costarica.mimusjobs.com/job/ejecutivo-a-de-venta-presencial-y-telemercadeo-ventas-presenciales/,2026-09-27T18:02:36.833756,https://cr.computrabajo.com/empleos-en-heredia,7
f39b24b0a6126fb6,https://cr.computrabajo.com/ofertas-de-trabajo/oferta-de-trabajo-de-coordinador-financiero-coordinador-financiero-en-heredia-53328511E44906D261373E686DCF3405,Coordinador Financiero - Coordinador Financiero,posted|wp_id=12635|https://costarica.mimusjobs.com/job/coordinador-financiero-coordinador-financiero/,2026-09-27T18:02:39.487143,https://cr.computrabajo.com/empleos-en-heredia,7
cdb291821971d2b1,https://cr.computrabajo.com/ofertas-de-trabajo/oferta-de-trabajo-de-maxi-pali-mercedes-norte-operador-tienda-frescos-en-heredia-9D1262420EC13D8761373E686DCF3405,Maxi Pali Mercedes Norte - Operador Tienda Frescos,posted|wp_id=12637|https://costarica.mimusjobs.com/job/maxi-pali-mercedes-norte-operador-tienda-frescos/,2026-09-27T18:02:42.072736,https://cr.computrabajo.com/empleos-en-heredia,7
7fc305272b7a44af,https://cr.computrabajo.com/ofertas-de-trabajo/oferta-de-trabajo-de-operador-de-equipo-montacargas-y-apilador-licencia-d3-en-san-isidro-E1C2362F5B8FF20861373E686DCF3405,Operador de Equipo Montacargas y Apilador (Licencia D3),posted|wp_id=12638|https://costarica.mimusjobs.com/job/operador-de-equipo-montacargas-y-apilador-licencia-d3/,2026-09-27T18:02:44.969457,https://cr.computrabajo.com/empleos-en-heredia,7
0d04ce8e20110865,https://cr.computrabajo.com/ofertas-de-trabajo/oferta-de-trabajo-de-oficial-de-seguridad-rotativo-en-san-pablo-F5F44B946386A3F061373E686DCF3405,Oficial de seguridad - Rotativo,posted|wp_id=12639|https://costarica.mimusjobs.com/job/oficial-de-seguridad-rotativo/,2026-09-27T18:02:48.119928,https://cr.computrabajo.com/empleos-en-heredia,7
87c677dec8071608,https://cr.computrabajo.com/ofertas-de-trabajo/oferta-de-trabajo-de-oficinista-en-belen-823D5E27CBA0691F61373E686DCF3405,Oficinista,posted|wp_id=12640|https://costarica.mimusjobs.com/job/oficinista/,2026-09-27T18:02:50.864114,https://cr.computrabajo.com/empleos-en-heredia,7
f74ef2a34e3d392a,https://cr.computrabajo.com/ofertas-de-trabajo/oferta-de-trabajo-de-tecnico-albanil-fontaneria-pintura-operario-de-construccion-en-heredia-0417B0B1F1EDC17661373E686DCF3405,"Técnico Albañil - Fontanería, Pintura, Operario de Construcción",posted|wp_id=18942|https://costarica.mimusjobs.com/job/tecnico-albanil-fontaneria-pintura-operario-de-construccion-6/,2026-09-27T18:02:54.426739,https://cr.computrabajo.com/empleos-en-heredia,7
2315bc9079f0554e,https://cr.computrabajo.com/ofertas-de-trabajo/oferta-de-trabajo-de-cajero-dependiente-san-francisco-de-heredia-en-heredia-9519D475C46B5A1061373E686DCF3405,Cajero / Dependiente - San Francisco de Heredia,posted|wp_id=12643|https://costarica.mimusjobs.com/job/cajero-dependiente-san-francisco-de-heredia/,2026-09-27T18:02:57.803373,https://cr.computrabajo.com/empleos-en-heredia,7
1fa03a9efc22bdc0,https://cr.computrabajo.com/ofertas-de-trabajo/oferta-de-trabajo-de-agente-recolector-delivery-en-santo-domingo-6D453C6ADA88319461373E686DCF3405,Agente Recolector Delivery,posted|wp_id=12645|https://costarica.mimusjobs.com/job/agente-recolector-delivery/,2026-09-27T18:03:01.562911,https://cr.computrabajo.com/empleos-en-heredia,8
cfdaab5af95eade2,https://cr.computrabajo.com/ofertas-de-trabajo/oferta-de-trabajo-de-operador-tienda-b-pali-san-miguel-st-de-heredia-en-santo-domingo-24AD3725784EB50261373E686DCF3405,Operador tienda B - Pali San Miguel ST de Heredia,posted|wp_id=12647|https://costarica.mimusjobs.com/job/operador-tienda-b-pali-san-miguel-st-de-heredia/,2026-09-27T18:03:04.828553,https://cr.computrabajo.com/empleos-en-heredia,8
d4a2dcdab155b57b,https://cr.computrabajo.com/ofertas-de-trabajo/oferta-de-trabajo-de-operarios-produccion-con-o-sin-experiencia-heredia-temporal-hasta-diciembre-2026-heredia-en-belen-72482A7CC19DCAE561373E686DCF3405,Operarios Producción Con o Sin Experiencia Heredia Temporal Hasta Diciembre 2026 - Heredia,posted|wp_id=18944|https://costarica.mimusjobs.com/job/operarios-produccion-con-o-sin-experiencia-heredia-temporal-hasta-diciembre-2026-heredia-6/,2026-09-27T18:03:09.817848,https://cr.computrabajo.com/empleos-en-heredia,8
821c2eb5c5ce624f,https://cr.computrabajo.com/ofertas-de-trabajo/oferta-de-trabajo-de-community-manager-heredia-en-heredia-8E68F5CB33526CFA61373E686DCF3405,Community Manager - Heredia,posted|wp_id=12651|https://costarica.mimusjobs.com/job/community-manager-heredia/,2026-09-27T18:03:13.556616,https://cr.computrabajo.com/empleos-en-heredia,8
7cef66cf6afaf116,https://cr.computrabajo.com/ofertas-de-trabajo/oferta-de-trabajo-de-operador-de-tienda-santo-domingo-heredia-en-santo-domingo-E88EAA6210AB87A761373E686DCF3405,Operador de Tienda Santo Domingo Heredia,posted|wp_id=12653|https://costarica.mimusjobs.com/job/operador-de-tienda-santo-domingo-heredia/,2026-09-27T18:03:16.946595,https://cr.computrabajo.com/empleos-en-heredia,8
90522fe45a80c50f,https://cr.computrabajo.com/ofertas-de-trabajo/oferta-de-trabajo-de-payroll-analyst-i-bilingue-en-belen-3B5BCBFDD044025F61373E686DCF3405,Payroll Analyst I (Bilingüe),posted|wp_id=18946|https://costarica.mimusjobs.com/job/payroll-analyst-i-bilingue-6/,2026-09-27T18:03:22.700689,https://cr.computrabajo.com/empleos-en-heredia,8
0abafd6e17795b4c,https://cr.computrabajo.com/ofertas-de-trabajo/oferta-de-trabajo-de-project-manager-junior-en-belen-59E72AF5C138B06F61373E686DCF3405,Project manager junior,posted|wp_id=12656|https://costarica.mimusjobs.com/job/project-manager-junior/,2026-09-27T18:03:26.855646,https://cr.computrabajo.com/empleos-en-heredia,8
d7f2756f6d7fc79f,https://cr.computrabajo.com/ofertas-de-trabajo/oferta-de-trabajo-de-ejecutivo-de-facturacion-heredia-en-belen-350E4F3E59845FE161373E686DCF3405,Ejecutivo de Facturación - Heredia,posted|wp_id=18947|https://costarica.mimusjobs.com/job/ejecutivo-de-facturacion-heredia-6/,2026-09-27T18:03:30.970589,https://cr.computrabajo.com/empleos-en-heredia,8
8d5649376431c72d,https://cr.computrabajo.com/ofertas-de-trabajo/oferta-de-trabajo-de-payroll-accounting-analyst-en-belen-21B7108D07ED54EC61373E686DCF3405,Payroll Accounting Analyst,posted|wp_id=12659|https://costarica.mimusjobs.com/job/payroll-accounting-analyst/,2026-09-27T18:03:33.778591,https://cr.computrabajo.com/empleos-en-heredia,8
dea9be3d2102922d,https://cr.computrabajo.com/ofertas-de-trabajo/oferta-de-trabajo-de-docentes-conversacionales-de-ingles-intensa-heredia-en-heredia-D805C99D9347BE7261373E686DCF3405,Docentes Conversacionales de Inglés Intensa Heredia,posted|wp_id=18948|https://costarica.mimusjobs.com/job/docentes-conversacionales-de-ingles-intensa-heredia-6/,2026-09-27T18:03:37.672151,https://cr.computrabajo.com/empleos-en-heredia,8
1216e86656a6e015,https://cr.computrabajo.com/ofertas-de-trabajo/oferta-de-trabajo-de-supervisor-de-distribucion-en-flores-7F270DAFD8C21CAF61373E686DCF3405,Supervisor de Distribución,posted|wp_id=18949|https://costarica.mimusjobs.com/job/supervisor-de-distribucion-6/,2026-09-27T18:03:41.287381,https://cr.computrabajo.com/empleos-en-heredia,8
7baa437a7a15b4d9,https://cr.computrabajo.com/ofertas-de-trabajo/oferta-de-trabajo-de-supervisor-de-venta-directa-en-heredia-supervision-de-vendedores-en-campo-en-heredia-6C49D9687B8B371561373E686DCF3405,Supervisor de Venta Directa en Heredia - Supervisión de vendedores en campo,posted|wp_id=18950|https://costarica.mimusjobs.com/job/supervisor-de-venta-directa-en-heredia-supervision-de-vendedores-en-campo-6/,2026-09-27T18:03:44.731457,https://cr.computrabajo.com/empleos-en-heredia,8
ecf030e064c7fdff,https://cr.computrabajo.com/ofertas-de-trabajo/oferta-de-trabajo-de-tecnico-de-mantenimiento-mecanico-de-precision-en-flores-344840FDAA0A3E4B61373E686DCF3405,Técnico de Mantenimiento - Mecánico de Precisión,posted|wp_id=18951|https://costarica.mimusjobs.com/job/tecnico-de-mantenimiento-mecanico-de-precision-6/,2026-09-27T18:03:49.022252,https://cr.computrabajo.com/empleos-en-heredia,8
58326d5ec8379dbd,https://cr.computrabajo.com/ofertas-de-trabajo/oferta-de-trabajo-de-mecanico-de-precision-en-heredia-159853779CCCF2FD61373E686DCF3405,mecanico de precisión,posted|wp_id=18953|https://costarica.mimusjobs.com/job/mecanico-de-precision-7/,2026-09-27T18:03:56.031066,https://cr.computrabajo.com/empleos-en-heredia,8
bd25001dab4fbcd5,https://cr.computrabajo.com/ofertas-de-trabajo/oferta-de-trabajo-de-coordinador-recursos-humanos-coordinador-recursos-humanos-en-heredia-581CFE66BC16645B61373E686DCF3405,Coordinador Recursos Humanos - Coordinador Recursos Humanos,posted|wp_id=12672|https://costarica.mimusjobs.com/job/coordinador-recursos-humanos-coordinador-recursos-humanos/,2026-09-27T18:03:58.789935,https://cr.computrabajo.com/empleos-en-heredia,8
50f19665f7417e72,https://cr.computrabajo.com/ofertas-de-trabajo/oferta-de-trabajo-de-key-account-manager-kam-sector-food-service-en-flores-E0EA468033292D1C61373E686DCF3405,Key account manager (KAM) Sector Food Service),posted|wp_id=12665|https://costarica.mimusjobs.com/job/key-account-manager-kam-sector-food-service/,2026-09-27T18:04:01.759627,https://cr.computrabajo.com/empleos-en-heredia,8
6e9afe85e2af335e,https://cr.computrabajo.com/ofertas-de-trabajo/oferta-de-trabajo-de-chofer-licencia-b3-en-heredia-0D93A8574549D5D561373E686DCF3405,Chofer - Licencia B3,posted|wp_id=12667|https://costarica.mimusjobs.com/job/chofer-licencia-b3/,2026-09-27T18:04:05.408255,https://cr.computrabajo.com/empleos-en-heredia,8
2b186601e8f74637,https://cr.computrabajo.com/ofertas-de-trabajo/oferta-de-trabajo-de-gerente-de-apoyo-ventas-heredia-en-heredia-DBF3107FD00B788D61373E686DCF3405,Gerente de Apoyo Ventas - Heredia,posted|wp_id=12673|https://costarica.mimusjobs.com/job/gerente-de-apoyo-ventas-heredia/,2026-09-27T18:04:10.137492,https://cr.computrabajo.com/empleos-en-heredia,8
6c3841e58d0a02f7,https://cr.computrabajo.com/ofertas-de-trabajo/oferta-de-trabajo-de-contador-o-auxiliar-contable-en-santo-domingo-3B3C7A101840EEC161373E686DCF3405,Contador o Auxiliar Contable,posted|wp_id=12676|https://costarica.mimusjobs.com/job/contador-o-auxiliar-contable/,2026-09-27T18:04:13.913798,https://cr.computrabajo.com/empleos-en-heredia,8
cf28653b1e25d616,https://cr.computrabajo.com/ofertas-de-trabajo/oferta-de-trabajo-de-auxiliar-de-bodega-sector-automotriz-en-san-isidro-4F7D2BEDC268FFAF61373E686DCF3405,Auxiliar de bodega - Sector Automotriz,posted|wp_id=12674|https://costarica.mimusjobs.com/job/auxiliar-de-bodega-sector-automotriz/,2026-09-27T18:04:16.779334,https://cr.computrabajo.com/empleos-en-heredia,8
b68d94a6f0afdef8,https://cr.computrabajo.com/ofertas-de-trabajo/oferta-de-trabajo-de-bodeguero-comedor-institucional--heredia-en-belen-5A95834F609C9A5461373E686DCF3405,Bodeguero Comedor Institucional / Heredia,posted|wp_id=12675|https://costarica.mimusjobs.com/job/bodeguero-comedor-institucional-heredia/,2026-09-27T18:04:21.018632,https://cr.computrabajo.com/empleos-en-heredia,9
4f77bca5c1e267fb,https://cr.computrabajo.com/ofertas-de-trabajo/oferta-de-trabajo-de-operador-tienda-b-pali-san-miguel-de-santo-domingo-en-santo-domingo-F21DD6B88C4AB4E761373E686DCF3405,Operador Tienda B - Pali San Miguel de Santo Domingo,posted|wp_id=12678|https://costarica.mimusjobs.com/job/operador-tienda-b-pali-san-miguel-de-santo-domingo/,2026-09-27T18:04:24.764544,https://cr.computrabajo.com/empleos-en-heredia,9
ebf0d58ad9a01279,https://cr.computrabajo.com/ofertas-de-trabajo/oferta-de-trabajo-de-encargado-administrativo-pali-sarapiqui-en-sarapiqui-FA78E32F9976C76161373E686DCF3405,Encargado Administrativo - Pali Sarapiqui,posted|wp_id=12680|https://costarica.mimusjobs.com/job/encargado-administrativo-pali-sarapiqui/,2026-09-27T18:04:28.099159,https://cr.computrabajo.com/empleos-en-heredia,9
df6a97db6c2338cb,https://cr.computrabajo.com/ofertas-de-trabajo/oferta-de-trabajo-de-cash-applications-representative-en-heredia-582814304CD5F5FF61373E686DCF3405,Cash Applications Representative,posted|wp_id=12682|https://costarica.mimusjobs.com/job/cash-applications-representative/,2026-09-27T18:04:31.435557,https://cr.computrabajo.com/empleos-en-heredia,9
d37cefd51ac4acd5,https://cr.computrabajo.com/ofertas-de-trabajo/oferta-de-trabajo-de-asesor-de-ventas-puerta-a-puerta-zona-heredia-en-heredia-9437283EDBC411FF61373E686DCF3405,Asesor de ventas Puerta a Puerta Zona Heredia,posted|wp_id=12683|https://costarica.mimusjobs.com/job/asesor-de-ventas-puerta-a-puerta-zona-heredia/,2026-09-27T18:04:35.715229,https://cr.computrabajo.com/empleos-en-heredia,9
9fae928cbbc2e81a,https://cr.computrabajo.com/ofertas-de-trabajo/oferta-de-trabajo-de-collections-representative-en-heredia-4FCCA6D7D69075C561373E686DCF3405,Collections Representative,posted|wp_id=12686|https://costarica.mimusjobs.com/job/collections-representative/,2026-09-27T18:04:39.215999,https://cr.computrabajo.com/empleos-en-heredia,9
670d640c68488916,https://cr.computrabajo.com/ofertas-de-trabajo/oferta-de-trabajo-de-miscelaneo-para-heredia-en-belen-7D86E20733A174F661373E686DCF3405,Misceláneo para Heredia,posted|wp_id=18954|https://costarica.mimusjobs.com/job/miscelaneo-para-heredia-6/,2026-09-27T18:04:43.935668,https://cr.computrabajo.com/empleos-en-heredia,9
28fc801a52812ef4,https://cr.computrabajo.com/ofertas-de-trabajo/oferta-de-trabajo-de-operador-de-tienda-con-manipulacion-de-alimentos-pali-santa-rosa-heredia-en-heredia-6D47B66FDED7991B61373E686DCF3405,Operador de tienda con manipulación de Alimentos - Pali Santa Rosa Heredia,posted|wp_id=18956|https://costarica.mimusjobs.com/job/operador-de-tienda-con-manipulacion-de-alimentos-pali-santa-rosa-heredia-6/,2026-09-27T18:04:49.596627,https://cr.computrabajo.com/empleos-en-heredia,9
063527d056ead5d0,https://cr.computrabajo.com/ofertas-de-trabajo/oferta-de-trabajo-de-asistente-de-auditoria-con-experiencia-en-santo-domingo-3EA10F222BC7CE8F61373E686DCF3405,Asistente de Auditoría - Con Experiencia,posted|wp_id=18957|https://costarica.mimusjobs.com/job/asistente-de-auditoria-con-experiencia-6/,2026-09-27T18:04:54.352775,https://cr.computrabajo.com/empleos-en-heredia,9
2a949cfdb6a02e1f,https://cr.computrabajo.com/ofertas-de-trabajo/oferta-de-trabajo-de-mecanico-vehiculo-pesado-en-santo-domingo-A7D6E4C41A09FF2F61373E686DCF3405,Mécanico Vehiculo Pesado,posted|wp_id=18959|https://costarica.mimusjobs.com/job/mecanico-vehiculo-pesado-6/,2026-09-27T18:04:59.473283,https://cr.computrabajo.com/empleos-en-heredia,9
562c9512be9e7456,https://cr.computrabajo.com/ofertas-de-trabajo/oferta-de-trabajo-de-auxiliar-de-produccion-en-heredia-D887D15E9C133ABF61373E686DCF3405,Auxiliar de producción,posted|wp_id=18960|https://costarica.mimusjobs.com/job/auxiliar-de-produccion-6/,2026-09-27T18:05:04.725962,https://cr.computrabajo.com/empleos-en-heredia,9
698d191140660544,https://cr.computrabajo.com/ofertas-de-trabajo/oferta-de-trabajo-de-mecanico-automotriz-para-san-isidro-de-heredia-en-san-isidro-A6BEF20B603B5D5661373E686DCF3405,Mecánico Automotriz - Para San Isidro de Heredia,posted|wp_id=18961|https://costarica.mimusjobs.com/job/mecanico-automotriz-para-san-isidro-de-heredia-6/,2026-09-27T18:05:08.521546,https://cr.computrabajo.com/empleos-en-heredia,9
82599a8af990a0c2,https://cr.computrabajo.com/ofertas-de-trabajo/oferta-de-trabajo-de-ejecutivo-de-ventas-con-experiencia-en-heredia-E92532F171DA48AC61373E686DCF3405,Ejecutivo de ventas - Con Experiencia,posted|wp_id=12694|https://costarica.mimusjobs.com/job/ejecutivo-de-ventas-con-experiencia/,2026-09-27T18:05:13.485977,https://cr.computrabajo.com/empleos-en-heredia,9
84333b29d11ed6d3,https://cr.computrabajo.com/ofertas-de-trabajo/oferta-de-trabajo-de-auxiliar-comercial-en-heredia-0E6685FCFD07BB0761373E686DCF3405,Auxiliar Comercial,posted|wp_id=12696|https://costarica.mimusjobs.com/job/auxiliar-comercial/,2026-09-27T18:05:15.829208,https://cr.computrabajo.com/empleos-en-heredia,9
26949872fdf7c1cb,https://cr.computrabajo.com/ofertas-de-trabajo/oferta-de-trabajo-de-miscelanea-heredia-jornada-mixta-en-san-pablo-084824DBA6FF907761373E686DCF3405,Miscelanea Heredia - Jornada Mixta,posted|wp_id=12695|https://costarica.mimusjobs.com/job/miscelanea-heredia-jornada-mixta/,2026-09-27T18:05:18.231355,https://cr.computrabajo.com/empleos-en-heredia,9
a0c973bb25cf3915,https://cr.computrabajo.com/ofertas-de-trabajo/oferta-de-trabajo-de-contador-encargado-en-belen-FA5E4166FF07563F61373E686DCF3405,Contador encargado - Contador General,posted|wp_id=12731|https://costarica.mimusjobs.com/job/contador-encargado-contador-general/,2026-09-27T18:05:21.049090,https://cr.computrabajo.com/empleos-en-heredia,9
5828680138b73251,https://cr.computrabajo.com/ofertas-de-trabajo/oferta-de-trabajo-de-tecnico-en-refrigeracion-y-ac-tecnico-en-belen-0AF12EB2231C435361373E686DCF3405,Técnico en Refrigeración y AC - Tecnico,posted|wp_id=18963|https://costarica.mimusjobs.com/job/tecnico-en-refrigeracion-y-ac-tecnico-6/,2026-09-27T18:05:25.935439,https://cr.computrabajo.com/empleos-en-heredia,9
bf96c436abde6989,https://cr.computrabajo.com/ofertas-de-trabajo/oferta-de-trabajo-de-tecnico-de-aire-acondicionado-tecnico-en-belen-9349DEBF44CC597461373E686DCF3405,Técnico de Aire Acondicionado - Técnico,posted|wp_id=18965|https://costarica.mimusjobs.com/job/tecnico-de-aire-acondicionado-tecnico-6/,2026-09-27T18:05:31.452585,https://cr.computrabajo.com/empleos-en-heredia,9
30d01b12ef0d536c,https://cr.computrabajo.com/ofertas-de-trabajo/oferta-de-trabajo-de-coordinador-de-taller-de-motores-y-generadores-electricos-en-barva-9CCC8FF7AD45F70F61373E686DCF3405,Coordinador de Taller de Motores y Generadores Electricos,posted|wp_id=12743|https://costarica.mimusjobs.com/job/coordinador-de-taller-de-motores-y-generadores-electricos/,2026-09-27T18:05:34.805629,https://cr.computrabajo.com/empleos-en-heredia,9
ce8eced74ff18384,https://cr.computrabajo.com/ofertas-de-trabajo/oferta-de-trabajo-de-chofer-b2-en-barva-2140ACAC89BC223761373E686DCF3405,Chofer B2,posted|wp_id=12741|https://costarica.mimusjobs.com/job/chofer-b2/,2026-09-27T18:05:37.527735,https://cr.computrabajo.com/empleos-en-heredia,9
76a322464d6d9abe,https://cr.computrabajo.com/ofertas-de-trabajo/oferta-de-trabajo-de-inspector-de-alistado-automotriz-en-belen-A9A9A7D74667FD4661373E686DCF3405,Inspector de Alistado Automotriz,posted|wp_id=12745|https://costarica.mimusjobs.com/job/inspector-de-alistado-automotriz/,2026-09-27T18:05:41.764259,https://cr.computrabajo.com/empleos-en-heredia,10
4a4e1b74c46cd19a,https://cr.computrabajo.com/ofertas-de-trabajo/oferta-de-trabajo-de-mecanico-automotriz-en-belen-1C45DB16EAA5581561373E686DCF3405,Mecánico automotriz,posted|wp_id=18966|https://costarica.mimusjobs.com/job/mecanico-automotriz-19/,2026-09-27T18:05:46.099010,https://cr.computrabajo.com/empleos-en-heredia,10
cc18cc3aadead012,https://cr.computrabajo.com/ofertas-de-trabajo/oferta-de-trabajo-de-ejecutivoa-de-ventas-corporativas-en-heredia-AD3ECC47C9A52E1061373E686DCF3405,Ejecutivo(a) de Ventas Corporativas,posted|wp_id=18967|https://costarica.mimusjobs.com/job/ejecutivoa-de-ventas-corporativas-6/,2026-09-27T18:05:49.680380,https://cr.computrabajo.com/empleos-en-heredia,10
b744a918aa62f0d8,https://cr.computrabajo.com/ofertas-de-trabajo/oferta-de-trabajo-de-auxiliar-administrativo-contable-en-heredia-81A2E0F2E4D413CE61373E686DCF3405,Auxiliar administrativo contable,posted|wp_id=12750|https://costarica.mimusjobs.com/job/auxiliar-administrativo-contable/,2026-09-27T18:05:52.683730,https://cr.computrabajo.com/empleos-en-heredia,10
92ba4475a42eeb01,https://cr.computrabajo.com/ofertas-de-trabajo/oferta-de-trabajo-de-cajeros-as-frutas-y-verduras-pequeno-en-santa-barbara-FE2CC54F6FA3714761373E686DCF3405,Cajeros (as),posted|wp_id=12752|https://costarica.mimusjobs.com/job/cajeros-as/,2026-09-27T18:05:56.629845,https://cr.computrabajo.com/empleos-en-heredia,10
c26d2e9fafb50ba0,https://cr.computrabajo.com/ofertas-de-trabajo/oferta-de-trabajo-de-dependiente-bodeguero-frutas-y-verduras-pequeno-en-santa-barbara-EF83B0306FD468D561373E686DCF3405,Dependiente/a,posted|wp_id=12753|https://costarica.mimusjobs.com/job/dependiente-a/,2026-09-27T18:06:00.365436,https://cr.computrabajo.com/empleos-en-heredia,10
1e65bc33023a4ab2,https://cr.computrabajo.com/ofertas-de-trabajo/oferta-de-trabajo-de-asesora-comercial-promotor-de-ventas-en-barva-1D8EFF147BFB9D6961373E686DCF3405,Asesor/a comercial - Promotor de ventas,posted|wp_id=12755|https://costarica.mimusjobs.com/job/asesor-a-comercial-promotor-de-ventas/,2026-09-27T18:06:03.174040,https://cr.computrabajo.com/empleos-en-heredia,10
36efed0e5158dfa3,https://cr.computrabajo.com/ofertas-de-trabajo/oferta-de-trabajo-de-supervisor-distribucion-2-anos-de-experiencia--en-flores-154E0DB4735D674C61373E686DCF3405,"Supervisor distribución - 2 años de experiencia, .",posted|wp_id=18968|https://costarica.mimusjobs.com/job/supervisor-distribucion-2-anos-de-experiencia-6/,2026-09-27T18:06:07.562283,https://cr.computrabajo.com/empleos-en-heredia,10
0ccf6e1353c7a491,https://cr.computrabajo.com/ofertas-de-trabajo/oferta-de-trabajo-de-vendedores-de-articulos-automoviles-ferreteria-construccion-en-heredia-F4CFFE57A2E8B20261373E686DCF3405,Vendedores - De Articulos automoviles ferreteria construcción,posted|wp_id=18969|https://costarica.mimusjobs.com/job/vendedores-de-articulos-automoviles-ferreteria-construccion-6/,2026-09-27T18:06:12.017143,https://cr.computrabajo.com/empleos-en-heredia,10
a4406ce824840816,https://cr.computrabajo.com/ofertas-de-trabajo/oferta-de-trabajo-de-cajero-multifuncional-con-experiencia-en-belen-069E730B1B319E3161373E686DCF3405,Cajero multifuncional - Con experiencia,posted|wp_id=12760|https://costarica.mimusjobs.com/job/cajero-multifuncional-con-experiencia/,2026-09-27T18:06:15.614635,https://cr.computrabajo.com/empleos-en-heredia,10
53202040bc1d2f28,https://cr.computrabajo.com/ofertas-de-trabajo/oferta-de-trabajo-de-recepcion-lobby-ambasssador-en-heredia-6AA66D791D2034F661373E686DCF3405,Recepción/ Lobby Ambasssador,posted|wp_id=18971|https://costarica.mimusjobs.com/job/recepcion-lobby-ambasssador-6/,2026-09-27T18:06:19.664417,https://cr.computrabajo.com/empleos-en-heredia,10
0eb04e339bc56bf7,https://cr.computrabajo.com/ofertas-de-trabajo/oferta-de-trabajo-de-vendedora-de-calle-tiempo-completo-en-san-isidro-AC7BE8C879CAD16861373E686DCF3405,Vendedor(a) de Calle - Tiempo completo,posted|wp_id=18972|https://costarica.mimusjobs.com/job/vendedora-de-calle-tiempo-completo-6/,2026-09-27T18:06:23.867003,https://cr.computrabajo.com/empleos-en-heredia,10
97e0875bd6e3205b,https://cr.computrabajo.com/ofertas-de-trabajo/oferta-de-trabajo-de-auxiliar-contable-barreal-heredia-en-heredia-BCF892F17BA4B9FA61373E686DCF3405,"Auxiliar Contable - Barreal, Heredia",posted|wp_id=12764|https://costarica.mimusjobs.com/job/auxiliar-contable-barreal-heredia/,2026-09-27T18:06:26.913284,https://cr.computrabajo.com/empleos-en-heredia,10
c67b53cc967eb0c0,https://cr.computrabajo.com/ofertas-de-trabajo/oferta-de-trabajo-de-chofer-jornada-completa-en-belen-511C8DFE3C56A18C61373E686DCF3405,Chófer - Jornada completa,posted|wp_id=18973|https://costarica.mimusjobs.com/job/chofer-jornada-completa-6/,2026-09-27T18:06:32.437955,https://cr.computrabajo.com/empleos-en-heredia,10
4bff4395d379f6d5,https://cr.computrabajo.com/ofertas-de-trabajo/oferta-de-trabajo-de-encargadoa-de-compras-y-facturacion-heredia-en-heredia-ACC7D0583FEF4D7261373E686DCF3405,Encargado(a) de Compras y Facturación - Heredia,posted|wp_id=18977|https://costarica.mimusjobs.com/job/encargadoa-de-compras-y-facturacion-heredia-6/,2026-09-27T18:06:40.749794,https://cr.computrabajo.com/empleos-en-heredia,10
709caa4b89bf54e3,https://cr.computrabajo.com/ofertas-de-trabajo/oferta-de-trabajo-de-jefe-de-control-de-calidad-licenciatura-control-de-calidad-en-sarapiqui-1C8D8E9E0DB5F77061373E686DCF3405,Jefe de control de calidad - Licenciatura control de calidad,posted|wp_id=12772|https://costarica.mimusjobs.com/job/jefe-de-control-de-calidad-licenciatura-control-de-calidad/,2026-09-27T18:06:44.279583,https://cr.computrabajo.com/empleos-en-heredia,10
795212d2e55ebb8f,https://cr.computrabajo.com/ofertas-de-trabajo/oferta-de-trabajo-de-chofer-en-flores-81DB2CC5ADEC72A361373E686DCF3405,Chófer,posted|wp_id=18978|https://costarica.mimusjobs.com/job/chofer-12/,2026-09-27T18:06:48.912331,https://cr.computrabajo.com/empleos-en-heredia,10
9415f387eefad8c1,https://cr.computrabajo.com/ofertas-de-trabajo/oferta-de-trabajo-de-ayudante-de-reparto-turno-diurno-en-heredia-B9E2D5F2E71F408C61373E686DCF3405,Ayudante de reparto - Turno diurno,posted|wp_id=12775|https://costarica.mimusjobs.com/job/ayudante-de-reparto-turno-diurno/,2026-09-27T18:06:52.001529,https://cr.computrabajo.com/empleos-en-heredia,10
1d7ee65278051221,https://cr.computrabajo.com/ofertas-de-trabajo/oferta-de-trabajo-de-saloneroa-con-experiencia-minima-en-santo-domingo-70E49C5329E6390961373E686DCF3405,Salonero/a - Con experiencia Mínima,posted|wp_id=18979|https://costarica.mimusjobs.com/job/salonero-a-con-experiencia-minima-6/,2026-09-27T18:06:55.888137,https://cr.computrabajo.com/empleos-en-heredia,10
2b3df4d71371e9d6,https://cr.computrabajo.com/ofertas-de-trabajo/oferta-de-trabajo-de-asistentea-de-logistica-en-belen-317DFD276F73D8F661373E686DCF3405,Asistente/a de logística,posted|wp_id=18980|https://costarica.mimusjobs.com/job/asistente-a-de-logistica-6/,2026-09-27T18:06:59.908157,https://cr.computrabajo.com/empleos-en-heredia,10
c48d8ee773960218,https://cr.computrabajo.com/ofertas-de-trabajo/oferta-de-trabajo-de-tecnico-tiempo-completo-en-santa-barbara-C182EEE8C76C9A3D61373E686DCF3405,Técnico - Tiempo completo,posted|wp_id=18982|https://costarica.mimusjobs.com/job/tecnico-tiempo-completo-6/,2026-09-27T18:07:07.014312,https://cr.computrabajo.com/empleos-en-heredia,11
421dfd9bfe6978f5,https://cr.computrabajo.com/ofertas-de-trabajo/oferta-de-trabajo-de-mecanico-automotriz-en-san-isidro-A6A3E7CACFDACAED61373E686DCF3405,Mecánico automotriz - Licencia A2 y B1,posted|wp_id=18984|https://costarica.mimusjobs.com/job/mecanico-automotriz-licencia-a2-y-b1-6/,2026-09-27T18:07:17.259888,https://cr.computrabajo.com/empleos-en-heredia,11
48751d5405e2bfb4,https://cr.computrabajo.com/ofertas-de-trabajo/oferta-de-trabajo-de-supervisor-calidad-tecnico-o-estudiante-de-carrera-a-fin-en-santo-domingo-3CAF905D34EA704761373E686DCF3405,Supervisor calidad - Tecnico o estudiante de carrera a fin,posted|wp_id=12791|https://costarica.mimusjobs.com/job/supervisor-calidad-tecnico-o-estudiante-de-carrera-a-fin/,2026-09-27T18:07:19.634003,https://cr.computrabajo.com/empleos-en-heredia,11
4f641dc58bb088d6,https://cr.computrabajo.com/ofertas-de-trabajo/oferta-de-trabajo-de-bodegueroa-en-san-isidro-064CC92E3A16E7A161373E686DCF3405,Bodeguero/a,posted|wp_id=12793|https://costarica.mimusjobs.com/job/bodeguero-a/,2026-09-27T18:07:22.526468,https://cr.computrabajo.com/empleos-en-heredia,11
1da41329bbed0be4,https://cr.computrabajo.com/ofertas-de-trabajo/oferta-de-trabajo-de-pintor-automotriz-en-san-isidro-79B9086F296D370A61373E686DCF3405,Pintor Automotriz,posted|wp_id=12795|https://costarica.mimusjobs.com/job/pintor-automotriz/,2026-09-27T18:07:26.279536,https://cr.computrabajo.com/empleos-en-heredia,11
da4247fc855770dd,https://cr.computrabajo.com/ofertas-de-trabajo/oferta-de-trabajo-de-detailing-automotriz-y-administrador-de-lavacar-con-experiencia-en-heredia-B1134F176843C5CE61373E686DCF3405,Detailing Automotriz y Administrador de Lavacar - Con Experiencia,posted|wp_id=12797|https://costarica.mimusjobs.com/job/detailing-automotriz-y-administrador-de-lavacar-con-experiencia/,2026-09-27T18:07:29.891765,https://cr.computrabajo.com/empleos-en-heredia,11
269bc293c2becde2,https://cr.computrabajo.com/ofertas-de-trabajo/oferta-de-trabajo-de-encargado-de-lavacar-en-heredia-3F8CA2078AD7131D61373E686DCF3405,Encargado de Lavacar,posted|wp_id=12798|https://costarica.mimusjobs.com/job/encargado-de-lavacar/,2026-09-27T18:07:33.970180,https://cr.computrabajo.com/empleos-en-heredia,11
730329bb965acaab,https://cr.computrabajo.com/ofertas-de-trabajo/oferta-de-trabajo-de-medicoa-medico-de-empresa-en-heredia-E3FFB8AF4CCBD63C61373E686DCF3405,Médico/a - Médico de empresa,posted|wp_id=18985|https://costarica.mimusjobs.com/job/medico-a-medico-de-empresa-6/,2026-09-27T18:07:39.446238,https://cr.computrabajo.com/empleos-en-heredia,11
13f59d53069be58d,https://cr.computrabajo.com/ofertas-de-trabajo/oferta-de-trabajo-de-docente-de-ingles-i-y-ii-ciclo-en-san-isidro-2BA2CC74D281315A61373E686DCF3405,Docente de inglés - I y II Ciclo,posted|wp_id=18986|https://costarica.mimusjobs.com/job/docente-de-ingles-i-y-ii-ciclo-6/,2026-09-27T18:07:46.099946,https://cr.computrabajo.com/empleos-en-heredia,11
46f126adb1c38f48,https://cr.computrabajo.com/ofertas-de-trabajo/oferta-de-trabajo-de-agente-de-ventas-en-heredia-E71B723065BF871A61373E686DCF3405,Agente de ventas,posted|wp_id=4102|https://costarica.mimusjobs.com/job/agente-de-ventas/,2026-09-27T18:07:49.303351,https://cr.computrabajo.com/empleos-en-heredia,11
d43ca2c3aa239171,https://cr.computrabajo.com/ofertas-de-trabajo/oferta-de-trabajo-de-it-systems-engineer-ii-en-heredia-AE94A50D908064CA61373E686DCF3405,IT Systems Engineer II,posted|wp_id=12804|https://costarica.mimusjobs.com/job/it-systems-engineer-ii/,2026-09-27T18:07:53.593516,https://cr.computrabajo.com/empleos-en-heredia,11
7bd188e80b87e92b,https://cr.computrabajo.com/ofertas-de-trabajo/oferta-de-trabajo-de-director-de-operaciones-en-santo-domingo-DE108F9047E5C4CE61373E686DCF3405,Director de Operaciones,posted|wp_id=8498|https://costarica.mimusjobs.com/job/director-de-operaciones/,2026-09-27T18:07:57.532219,https://cr.computrabajo.com/empleos-en-heredia,11
22596df731a793c7,https://cr.computrabajo.com/ofertas-de-trabajo/oferta-de-trabajo-de-tecnico-en-diseno-grafico-y-dibujante-en-heredia-819C416B1B8C678E61373E686DCF3405,Técnico en Diseño Gráfico y dibujante,posted|wp_id=18987|https://costarica.mimusjobs.com/job/tecnico-en-diseno-grafico-y-dibujante-6/,2026-09-27T18:08:03.865692,https://cr.computrabajo.com/empleos-en-heredia,11
a68cb79092f5f8e6,https://cr.computrabajo.com/ofertas-de-trabajo/oferta-de-trabajo-de-operador-tienda-a-cajas-pali-villabonita-en-alajuela-A9FD5283DBD34E3961373E686DCF3405,Operador Tienda A Cajas - Pali Villabonita,posted|wp_id=13250|https://costarica.mimusjobs.com/job/operador-tienda-a-cajas-pali-villabonita/,2026-09-27T18:08:08.903107,https://cr.computrabajo.com/empleos-en-alajuela,1
2084c33fb726d657,https://cr.computrabajo.com/ofertas-de-trabajo/oferta-de-trabajo-de-oficial-de-instalaciones-san-carlos-en-san-carlos-72AD695EE5938CBF61373E686DCF3405,Oficial de Instalaciones - San Carlos,posted|wp_id=13251|https://costarica.mimusjobs.com/job/oficial-de-instalaciones-san-carlos/,2026-09-27T18:08:13.647727,https://cr.computrabajo.com/empleos-en-alajuela,1
7ff5469efe30971e,https://cr.computrabajo.com/ofertas-de-trabajo/oferta-de-trabajo-de-operador-tienda-a-cajas-pali-barrio-san-jose-de-alajuela-en-alajuela-A953C6E54D77965561373E686DCF3405,Operador Tienda A Cajas - Pali Barrio San José de Alajuela,posted|wp_id=18989|https://costarica.mimusjobs.com/job/operador-tienda-a-cajas-pali-barrio-san-jose-de-alajuela-6/,2026-09-27T18:08:23.951015,https://cr.computrabajo.com/empleos-en-alajuela,1
77b591ae9153539b,https://cr.computrabajo.com/ofertas-de-trabajo/oferta-de-trabajo-de-operario-de-manufactura-turno-b-industria-medica-en-alajuela-088C54E95A016B4761373E686DCF3405,Operario de Manufactura Turno B - Industria Médica,posted|wp_id=18991|https://costarica.mimusjobs.com/job/operario-de-manufactura-turno-b-industria-medica-6/,2026-09-27T18:08:34.175560,https://cr.computrabajo.com/empleos-en-alajuela,1
0330aef31f0eaa80,https://cr.computrabajo.com/ofertas-de-trabajo/oferta-de-trabajo-de-telemercaderista-con-manejo-de-redes-sociales-san-rafael-de-alajuela-en-alajuela-59104C66213DA8A161373E686DCF3405,Telemercaderista con manejo de redes sociales - San Rafael de Alajuela,posted|wp_id=13255|https://costarica.mimusjobs.com/job/telemercaderista-con-manejo-de-redes-sociales-san-rafael-de-alajuela/,2026-09-27T18:08:39.267278,https://cr.computrabajo.com/empleos-en-alajuela,1
e5d6f91d83a5be69,https://cr.computrabajo.com/ofertas-de-trabajo/oferta-de-trabajo-de-auxiliar-de-bodega-en-alajuela-8170FC2E438211F761373E686DCF3405,Auxiliar de Bodega,posted|wp_id=751|https://costarica.mimusjobs.com/job/auxiliar-de-bodega/,2026-09-27T18:08:43.942426,https://cr.computrabajo.com/empleos-en-alajuela,1
aaf09f717f58810c,https://cr.computrabajo.com/ofertas-de-trabajo/oferta-de-trabajo-de-vendedora-telefonica-que-pueda-visitar-clientes-coyol-de-alajuela-en-alajuela-C9F643CDEC06E7BD61373E686DCF3405,Vendedora telefónica que pueda visitar clientes - Coyol de Alajuela,posted|wp_id=18993|https://costarica.mimusjobs.com/job/vendedora-telefonica-que-pueda-visitar-clientes-coyol-de-alajuela-6/,2026-09-27T18:08:50.834184,https://cr.computrabajo.com/empleos-en-alajuela,1
88dfa3888be37e82,https://cr.computrabajo.com/ofertas-de-trabajo/oferta-de-trabajo-de-chequeador-de-mercancia-coyol-alajuela-en-alajuela-50C5B3824804ED2161373E686DCF3405,Chequeador de Mercancía - Coyol Alajuela,posted|wp_id=18995|https://costarica.mimusjobs.com/job/chequeador-de-mercancia-coyol-alajuela-6/,2026-09-27T18:09:01.005064,https://cr.computrabajo.com/empleos-en-alajuela,1
3974c86488dccab9,https://cr.computrabajo.com/ofertas-de-trabajo/oferta-de-trabajo-de-tecnico-en-seleccion-coyol-de-alajuela-en-alajuela-9D1B4CDEAAAF06D261373E686DCF3405,Técnico en Selección - Coyol de Alajuela,posted|wp_id=18996|https://costarica.mimusjobs.com/job/tecnico-en-seleccion-coyol-de-alajuela-6/,2026-09-27T18:09:09.433945,https://cr.computrabajo.com/empleos-en-alajuela,1
dc023c908428c040,https://cr.computrabajo.com/ofertas-de-trabajo/oferta-de-trabajo-de-operador-de-bodega-apilador-en-alajuela-89EDAF46D44B90FF61373E686DCF3405,Operador de Bodega - Apilador,posted|wp_id=13263|https://costarica.mimusjobs.com/job/operador-de-bodega-apilador/,2026-09-27T18:09:13.375037,https://cr.computrabajo.com/empleos-en-alajuela,1
85a5a45e97879855,https://cr.computrabajo.com/ofertas-de-trabajo/oferta-de-trabajo-de-mecanico-basico-en-alajuela-4A1D25FB1138D42161373E686DCF3405,Mecánico Básico,posted|wp_id=18997|https://costarica.mimusjobs.com/job/mecanico-basico-6/,2026-09-27T18:09:17.662448,https://cr.computrabajo.com/empleos-en-alajuela,1
79f0fac6b1282543,https://cr.computrabajo.com/ofertas-de-trabajo/oferta-de-trabajo-de-reclutador-junior-en-alajuela-6D5B7BFF6A6F2FFB61373E686DCF3405,Reclutador - Junior,posted|wp_id=13266|https://costarica.mimusjobs.com/job/reclutador-junior/,2026-09-27T18:09:22.416136,https://cr.computrabajo.com/empleos-en-alajuela,1
b85484a3fa709f0b,https://cr.computrabajo.com/ofertas-de-trabajo/oferta-de-trabajo-de-administrador-de-condominio-con-experiencia-en-alajuela-3DAF33806F198F0A61373E686DCF3405,Administrador de Condominio - Con Experiencia,posted|wp_id=13268|https://costarica.mimusjobs.com/job/administrador-de-condominio-con-experiencia/,2026-09-27T18:09:28.009570,https://cr.computrabajo.com/empleos-en-alajuela,1
5692b509cf7da325,https://cr.computrabajo.com/ofertas-de-trabajo/oferta-de-trabajo-de-ayudante-de-planta-horario-rotativo-en-alajuela-9D47D922166BD7AE61373E686DCF3405,Ayudante de Planta - Horario Rotativo,posted|wp_id=13192|https://costarica.mimusjobs.com/job/ayudante-de-planta-horario-rotativo/,2026-09-27T18:09:33.606235,https://cr.computrabajo.com/empleos-en-alajuela,1
69f195bbd2d5d3fc,https://cr.computrabajo.com/ofertas-de-trabajo/oferta-de-trabajo-de-cajero-a-san-ramon-en-san-ramon-206001C24D0FA05261373E686DCF3405,Cajero (a) - San Ramón,posted|wp_id=18999|https://costarica.mimusjobs.com/job/cajero-a-san-ramon-11/,2026-09-27T18:09:45.830716,https://cr.computrabajo.com/empleos-en-alajuela,1
2cddc0085a1e887b,https://cr.computrabajo.com/ofertas-de-trabajo/oferta-de-trabajo-de-auxiliar-contable-cuentas-por-pagar-san-rafael-de-alajuela-en-alajuela-BF09F3C8171622C461373E686DCF3405,Auxiliar Contable Cuentas por Pagar - San Rafael de Alajuela,posted|wp_id=13270|https://costarica.mimusjobs.com/job/auxiliar-contable-cuentas-por-pagar-san-rafael-de-alajuela/,2026-09-27T18:09:52.773740,https://cr.computrabajo.com/empleos-en-alajuela,1
a08d19559d9cc3a5,https://cr.computrabajo.com/ofertas-de-trabajo/oferta-de-trabajo-de-comprador-para-proyectos-de-construccion-civil-labora-en-coyol-de-alajuela-en-alajuela-E1F6BD911C36112D61373E686DCF3405,Comprador para Proyectos de Construcción Civil - Labora en Coyol de Alajuela,posted|wp_id=19001|https://costarica.mimusjobs.com/job/comprador-para-proyectos-de-construccion-civil-labora-en-coyol-de-alajuela-6/,2026-09-27T18:10:03.680654,https://cr.computrabajo.com/empleos-en-alajuela,1
d4fc641ad74347a8,https://cr.computrabajo.com/ofertas-de-trabajo/oferta-de-trabajo-de-miscelanea-medio-tiempo-en-coyol-de-alajuela-en-alajuela-8705D3D64B3115A361373E686DCF3405,Miscelánea - Medio tiempo en Coyol de Alajuela,posted|wp_id=19002|https://costarica.mimusjobs.com/job/miscelanea-medio-tiempo-en-coyol-de-alajuela-6/,2026-09-27T18:10:13.948110,https://cr.computrabajo.com/empleos-en-alajuela,1
0c2b2c545eeddfe6,https://cr.computrabajo.com/ofertas-de-trabajo/oferta-de-trabajo-de-operador-tienda-a-pali-naranjo-en-naranjo-CDBB7881FEEDE3C061373E686DCF3405,Operador Tienda A - Pali Naranjo,posted|wp_id=12811|https://costarica.mimusjobs.com/job/operador-tienda-a-pali-naranjo/,2026-09-27T18:10:18.758335,https://cr.computrabajo.com/empleos-en-alajuela,1
fb4527762180e4a5,https://cr.computrabajo.com/ofertas-de-trabajo/oferta-de-trabajo-de-sub-administrador-tienda-temporal-pali-venecia-de-san-carlos-en-san-carlos-AAD1EAEA1398966C61373E686DCF3405,Sub Administrador Tienda (temporal) - Pali Venecia de San Carlos,posted|wp_id=12809|https://costarica.mimusjobs.com/job/sub-administrador-tienda-temporal-pali-venecia-de-san-carlos/,2026-09-27T18:10:22.110162,https://cr.computrabajo.com/empleos-en-alajuela,1
41e6f4df8598c8a3,https://cr.computrabajo.com/ofertas-de-trabajo/oferta-de-trabajo-de-encargado-administrativo-pali-los-angeles-de-la-fortuna-en-san-carlos-27B66CC1E5C378D161373E686DCF3405,Encargado administrativo - Pali Los Angeles de La Fortuna,posted|wp_id=12813|https://costarica.mimusjobs.com/job/encargado-administrativo-pali-los-angeles-de-la-fortuna/,2026-09-27T18:10:27.079627,https://cr.computrabajo.com/empleos-en-alajuela,2
514200243f6fe8d1,https://cr.computrabajo.com/ofertas-de-trabajo/oferta-de-trabajo-de-administrador-contrato-comedor-institucional-coyol-alajuela-en-alajuela-E53D76B41130BFEC61373E686DCF3405,Administrador Contrato Comedor Institucional Coyol / Alajuela,posted|wp_id=12814|https://costarica.mimusjobs.com/job/administrador-contrato-comedor-institucional-coyol-alajuela/,2026-09-27T18:10:31.650393,https://cr.computrabajo.com/empleos-en-alajuela,2
5de4f413f2a3de3d,https://cr.computrabajo.com/ofertas-de-trabajo/oferta-de-trabajo-de-operador-tienda-maxi-pali-alajuela-en-alajuela-EB7123BADF6C90D661373E686DCF3405,Operador Tienda - Maxi Pali Alajuela,posted|wp_id=12816|https://costarica.mimusjobs.com/job/operador-tienda-maxi-pali-alajuela/,2026-09-27T18:10:35.660038,https://cr.computrabajo.com/empleos-en-alajuela,2
616710f7712b6aa2,https://cr.computrabajo.com/ofertas-de-trabajo/oferta-de-trabajo-de-encargado-de-mantenimiento-alajuela-en-alajuela-E5B6CB9DC15D150D61373E686DCF3405,Encargado de mantenimiento - Alajuela,posted|wp_id=12818|https://costarica.mimusjobs.com/job/encargado-de-mantenimiento-alajuela/,2026-09-27T18:10:39.487681,https://cr.computrabajo.com/empleos-en-alajuela,2
43d160ccd022afea,https://cr.computrabajo.com/ofertas-de-trabajo/oferta-de-trabajo-de-auxiliar-de-tecnico-alajuela-en-alajuela-DB1A91B1E16BEF6E61373E686DCF3405,Auxiliar de Tecnico - Alajuela,posted|wp_id=12820|https://costarica.mimusjobs.com/job/auxiliar-de-tecnico-alajuela/,2026-09-27T18:10:43.622319,https://cr.computrabajo.com/empleos-en-alajuela,2
fd034d7bb9391c2c,https://cr.computrabajo.com/ofertas-de-trabajo/oferta-de-trabajo-de-operador-tienda-maxi-pali-tibas-en-atenas-4523F62FB72B421061373E686DCF3405,Operador Tienda - Maxi Pali Tibas,posted|wp_id=12822|https://costarica.mimusjobs.com/job/operador-tienda-maxi-pali-tibas/,2026-09-27T18:10:49.234515,https://cr.computrabajo.com/empleos-en-alajuela,2
ab7d86e658b6d3cf,https://cr.computrabajo.com/ofertas-de-trabajo/oferta-de-trabajo-de-coordinador-de-operaciones-alajuela-en-alajuela-1166BD186A63452D61373E686DCF3405,Coordinador de Operaciones - Alajuela,posted|wp_id=12823|https://costarica.mimusjobs.com/job/coordinador-de-operaciones-alajuela/,2026-09-27T18:10:55.595648,https://cr.computrabajo.com/empleos-en-alajuela,2
dd662ed5e1c44ddf,https://cr.computrabajo.com/ofertas-de-trabajo/oferta-de-trabajo-de-operador-tienda-maxi-pali-atenas-en-atenas-43971DDD7477571D61373E686DCF3405,Operador Tienda - Maxi Pali Atenas,posted|wp_id=12825|https://costarica.mimusjobs.com/job/operador-tienda-maxi-pali-atenas/,2026-09-27T18:11:02.193121,https://cr.computrabajo.com/empleos-en-alajuela,2
a99514535edd327a,https://cr.computrabajo.com/ofertas-de-trabajo/oferta-de-trabajo-de-auxiliar-administrativoa-en-alajuela-8F1764BF3760887861373E686DCF3405,Auxiliar administrativo/a,posted|wp_id=12827|https://costarica.mimusjobs.com/job/auxiliar-administrativo-a/,2026-09-27T18:11:09.222678,https://cr.computrabajo.com/empleos-en-alajuela,2
8bb0869a2ced809e,https://cr.computrabajo.com/ofertas-de-trabajo/oferta-de-trabajo-de-auxiliar-de-tecnico-en-alajuela-4C613F8F9B8508D761373E686DCF3405,Auxiliar de Tecnico,posted|wp_id=12829|https://costarica.mimusjobs.com/job/auxiliar-de-tecnico/,2026-09-27T18:11:13.125955,https://cr.computrabajo.com/empleos-en-alajuela,2
82742f074a7df084,https://cr.computrabajo.com/ofertas-de-trabajo/oferta-de-trabajo-de-chofer-lavador-de-vehiculos-alajuela-en-alajuela-BA82BDD6820FD52861373E686DCF3405,Chofer Lavador de Vehículos - Alajuela,posted|wp_id=19003|https://costarica.mimusjobs.com/job/chofer-lavador-de-vehiculos-alajuela-6/,2026-09-27T18:11:18.901567,https://cr.computrabajo.com/empleos-en-alajuela,2
ae3a42bb43a47424,https://cr.computrabajo.com/ofertas-de-trabajo/oferta-de-trabajo-de-tecnico-de-manufactura-iii-industria-medica-turno-b-en-alajuela-8169C528900C29E161373E686DCF3405,Técnico de Manufactura III Industria Médica / Turno B,posted|wp_id=19005|https://costarica.mimusjobs.com/job/tecnico-de-manufactura-iii-industria-medica-turno-b-6/,2026-09-27T18:11:27.913388,https://cr.computrabajo.com/empleos-en-alajuela,2
55045e9bf298b8bb,https://cr.computrabajo.com/ofertas-de-trabajo/oferta-de-trabajo-de-operador-tienda-maxi-pali-alajuela-en-alajuela-94C64137CCD1651061373E686DCF3405,Operador Tienda - Maxi Pali Alajuela,posted|wp_id=12816|https://costarica.mimusjobs.com/job/operador-tienda-maxi-pali-alajuela/,2026-09-27T18:11:31.917736,https://cr.computrabajo.com/empleos-en-alajuela,2
2adf98e98d10e66d,https://cr.computrabajo.com/ofertas-de-trabajo/oferta-de-trabajo-de-asesores-de-ventas-alajuela-puerta-a-puerta-en-alajuela-2AEE4D055F451EEA61373E686DCF3405,Asesores de Ventas Alajuela - Puerta a Puerta,posted|wp_id=12836|https://costarica.mimusjobs.com/job/asesores-de-ventas-alajuela-puerta-a-puerta/,2026-09-27T18:11:37.043480,https://cr.computrabajo.com/empleos-en-alajuela,2
8a7ab6f295357a3d,https://cr.computrabajo.com/ofertas-de-trabajo/oferta-de-trabajo-de-back-office-instalaciones-en-alajuela-550A31A26580E1B461373E686DCF3405,Back Office Instalaciones,posted|wp_id=12834|https://costarica.mimusjobs.com/job/back-office-instalaciones/,2026-09-27T18:11:41.661485,https://cr.computrabajo.com/empleos-en-alajuela,2
4bdb2ddc649f20af,https://cr.computrabajo.com/ofertas-de-trabajo/oferta-de-trabajo-de-promotor-de-ventas-protecto-zona-de-alajuela-centro-con-experiencia-en-ferreteria-en-alajuela-10B1BD7F640ABE8161373E686DCF3405,"Promotor de Ventas Protecto, zona de Alajuela Centro - con experiencia en ferretería",posted|wp_id=19006|https://costarica.mimusjobs.com/job/promotor-de-ventas-protecto-zona-de-alajuela-centro-con-experiencia-en-ferreteria-6/,2026-09-27T18:11:46.373101,https://cr.computrabajo.com/empleos-en-alajuela,2
3a4f132929e71fa8,https://cr.computrabajo.com/ofertas-de-trabajo/oferta-de-trabajo-de-coordinador-de-proyecto-instalaciones-fibra-optica-en-alajuela-1F1DE09359D8ACCD61373E686DCF3405,Coordinador de proyecto instalaciones - Fibra optica,posted|wp_id=12838|https://costarica.mimusjobs.com/job/coordinador-de-proyecto-instalaciones-fibra-optica/,2026-09-27T18:11:51.432793,https://cr.computrabajo.com/empleos-en-alajuela,2
430f3f8a5ccf7f42,https://cr.computrabajo.com/ofertas-de-trabajo/oferta-de-trabajo-de-auxiliar-de-tienda-walmart-alajuela-en-alajuela-8E667A6DA572CE5961373E686DCF3405,Auxiliar de Tienda Walmart Alajuela,posted|wp_id=12841|https://costarica.mimusjobs.com/job/auxiliar-de-tienda-walmart-alajuela/,2026-09-27T18:11:55.486051,https://cr.computrabajo.com/empleos-en-alajuela,2
c9ee3dae5c079865,https://cr.computrabajo.com/ofertas-de-trabajo/oferta-de-trabajo-de-cajero-a-san-ramon-en-san-ramon-83C9A330CBE0666F61373E686DCF3405,Cajero (a) - San Ramón,posted|wp_id=19008|https://costarica.mimusjobs.com/job/cajero-a-san-ramon-12/,2026-09-27T18:12:04.456912,https://cr.computrabajo.com/empleos-en-alajuela,2
544d3804d7776379,https://cr.computrabajo.com/ofertas-de-trabajo/oferta-de-trabajo-de-ayudante-de-camaras-turnos-rotativos-alajuela-en-alajuela-3F8940F52347374061373E686DCF3405,"Ayudante de cámaras - Turnos rotativos, Alajuela",posted|wp_id=19012|https://costarica.mimusjobs.com/job/ayudante-de-camaras-turnos-rotativos-alajuela-6/,2026-09-27T18:12:26.956348,https://cr.computrabajo.com/empleos-en-alajuela,2
86aacc79ebb863e7,https://cr.computrabajo.com/ofertas-de-trabajo/oferta-de-trabajo-de-cajero-de-restaurante-en-alajuela-91AA05AB124501B861373E686DCF3405,Cajero de restaurante,posted|wp_id=12849|https://costarica.mimusjobs.com/job/cajero-de-restaurante/,2026-09-27T18:12:30.814979,https://cr.computrabajo.com/empleos-en-alajuela,3
630bfe60f9c344f0,https://cr.computrabajo.com/ofertas-de-trabajo/oferta-de-trabajo-de-asesor-de-ventas-puerta-a-puerta-en-alajuela-2C6CF7F5EAC332E961373E686DCF3405,Asesor de ventas - Puerta a puerta,posted|wp_id=12850|https://costarica.mimusjobs.com/job/asesor-de-ventas-puerta-a-puerta/,2026-09-27T18:12:34.206437,https://cr.computrabajo.com/empleos-en-alajuela,3
81423e9683ae78b8,https://cr.computrabajo.com/ofertas-de-trabajo/oferta-de-trabajo-de-chofer-b3b4-san-carlos-en-san-carlos-6BDE8CB5D907A4C761373E686DCF3405,Chofer B3/B4 - San Carlos,posted|wp_id=12851|https://costarica.mimusjobs.com/job/chofer-b3-b4-san-carlos/,2026-09-27T18:12:38.546112,https://cr.computrabajo.com/empleos-en-alajuela,3
bfcca511ae7bdc25,https://cr.computrabajo.com/ofertas-de-trabajo/oferta-de-trabajo-de-electromecanico-industrial-en-naranjo-66298629EA04A67361373E686DCF3405,Electromecanico Industrial,posted|wp_id=12852|https://costarica.mimusjobs.com/job/electromecanico-industrial/,2026-09-27T18:12:42.422723,https://cr.computrabajo.com/empleos-en-alajuela,3
0d31f61032a98a9e,https://cr.computrabajo.com/ofertas-de-trabajo/oferta-de-trabajo-de-barista-alajuela-en-alajuela-74AFA75611042F3B61373E686DCF3405,Barista (Alajuela),posted|wp_id=12854|https://costarica.mimusjobs.com/job/barista-alajuela/,2026-09-27T18:12:45.803740,https://cr.computrabajo.com/empleos-en-alajuela,3
f1d2f5a4d1af1fb1,https://cr.computrabajo.com/ofertas-de-trabajo/oferta-de-trabajo-de-auxiliar-de-bodega-el-coyol-alajuela-en-alajuela-9E2E1CBD0004142161373E686DCF3405,Auxiliar de Bodega - El Coyol Alajuela,posted|wp_id=12856|https://costarica.mimusjobs.com/job/auxiliar-de-bodega-el-coyol-alajuela/,2026-09-27T18:12:48.042577,https://cr.computrabajo.com/empleos-en-alajuela,3
aca6daebf18e4ceb,https://cr.computrabajo.com/ofertas-de-trabajo/oferta-de-trabajo-de-pintor-zona-cascajal-orotina-en-orotina-F5E617CA556C7BCB61373E686DCF3405,"Pintor - Zona Cascajal, Orotina",posted|wp_id=12858|https://costarica.mimusjobs.com/job/pintor-zona-cascajal-orotina/,2026-09-27T18:12:51.669791,https://cr.computrabajo.com/empleos-en-alajuela,3
c9f0a5303429b655,https://cr.computrabajo.com/ofertas-de-trabajo/oferta-de-trabajo-de-vendedores-puerta-a-puerta-occidente-san-ramon-de-alajuela-en-san-ramon-F29FE924C4F837EA61373E686DCF3405,Vendedores puerta a puerta Occidente - San Ramon de Alajuela,posted|wp_id=12860|https://costarica.mimusjobs.com/job/vendedores-puerta-a-puerta-occidente-san-ramon-de-alajuela/,2026-09-27T18:12:55.837862,https://cr.computrabajo.com/empleos-en-alajuela,3
c1b1f93790fced6a,https://cr.computrabajo.com/ofertas-de-trabajo/oferta-de-trabajo-de-electromecanicoa-automotriz-taller-automotriz-coyol-planta-san-carlos-en-alajuela-E013F505EBEAE26E61373E686DCF3405,Electromecánico/a Automotriz Taller Automotriz Coyol Planta San Carlos,posted|wp_id=19013|https://costarica.mimusjobs.com/job/electromecanico-a-automotriz-taller-automotriz-coyol-planta-san-carlos-6/,2026-09-27T18:12:59.962124,https://cr.computrabajo.com/empleos-en-alajuela,3
6465d801bc426af8,https://cr.computrabajo.com/ofertas-de-trabajo/oferta-de-trabajo-de-analista-cpfr-en-alajuela-8CD31732DF8C4B3361373E686DCF3405,Analista CPFR,posted|wp_id=12863|https://costarica.mimusjobs.com/job/analista-cpfr/,2026-09-27T18:13:02.940675,https://cr.computrabajo.com/empleos-en-alajuela,3
011edfe23651f211,https://cr.computrabajo.com/ofertas-de-trabajo/oferta-de-trabajo-de-operadora-de-montacarga-en-alajuela-2FCC26E3ADE0F93B61373E686DCF3405,Operador/a de montacarga,posted|wp_id=12868|https://costarica.mimusjobs.com/job/operador-a-de-montacarga/,2026-09-27T18:13:06.764666,https://cr.computrabajo.com/empleos-en-alajuela,3
937ea964ad03b213,https://cr.computrabajo.com/ofertas-de-trabajo/oferta-de-trabajo-de-barista-certificado-starbucks-costa-rica-en-alajuela-0DF9545523E6C9F961373E686DCF3405,Barista Certificado - Starbucks Costa Rica,posted|wp_id=12867|https://costarica.mimusjobs.com/job/barista-certificado-starbucks-costa-rica/,2026-09-27T18:13:12.584844,https://cr.computrabajo.com/empleos-en-alajuela,3
85cff555f53776c0,https://cr.computrabajo.com/ofertas-de-trabajo/oferta-de-trabajo-de-operario-de-incubadora-san-mateo-en-san-mateo-B751B33B3085752D61373E686DCF3405,Operario de Incubadora - San Mateo,posted|wp_id=12872|https://costarica.mimusjobs.com/job/operario-de-incubadora-san-mateo/,2026-09-27T18:13:17.414004,https://cr.computrabajo.com/empleos-en-alajuela,3
4f968cf8cda284f4,https://cr.computrabajo.com/ofertas-de-trabajo/oferta-de-trabajo-de-cajero-peaje-atenas-rio-grande-en-atenas-7F8D7C72EB8C60C561373E686DCF3405,Cajero Peaje - Atenas Rio Grande,posted|wp_id=12874|https://costarica.mimusjobs.com/job/cajero-peaje-atenas-rio-grande/,2026-09-27T18:13:21.006596,https://cr.computrabajo.com/empleos-en-alajuela,3
0455e259750a2d35,https://cr.computrabajo.com/ofertas-de-trabajo/oferta-de-trabajo-de-coordinador-de-proyecto-instalaciones-fibra-optica-en-alajuela-18998F843E9BF23661373E686DCF3405,Coordinador de proyecto instalaciones - Fibra optica,posted|wp_id=12838|https://costarica.mimusjobs.com/job/coordinador-de-proyecto-instalaciones-fibra-optica/,2026-09-27T18:13:24.275038,https://cr.computrabajo.com/empleos-en-alajuela,3
5d9799462f400cf5,https://cr.computrabajo.com/ofertas-de-trabajo/oferta-de-trabajo-de-auxiliar-de-calidad-coyol-de-alajuela-en-alajuela-08CECBB874D0DC4C61373E686DCF3405,Auxiliar de calidad - Coyol de Alajuela,posted|wp_id=12875|https://costarica.mimusjobs.com/job/auxiliar-de-calidad-coyol-de-alajuela/,2026-09-27T18:13:27.764848,https://cr.computrabajo.com/empleos-en-alajuela,3
b4ac17e91ba69754,https://cr.computrabajo.com/ofertas-de-trabajo/oferta-de-trabajo-de-ingeniero-o-tecnico-en-produccion-con-3-anos-de-experiencia-en-alajuela-8AA4CAC6A27076E261373E686DCF3405,Ingeniero o Técnico en producción - con 3 años de experiencia,posted|wp_id=19019|https://costarica.mimusjobs.com/job/ingeniero-o-tecnico-en-produccion-con-3-anos-de-experiencia-6/,2026-09-27T18:13:35.914387,https://cr.computrabajo.com/empleos-en-alajuela,3
cb1bc506f5d3e920,https://cr.computrabajo.com/ofertas-de-trabajo/oferta-de-trabajo-de-manufacturing-engineer-i-el-coyol-alajuela-en-alajuela-B4147F41A6C1A3B761373E686DCF3405,"Manufacturing Engineer I - El Coyol, Alajuela",posted|wp_id=12879|https://costarica.mimusjobs.com/job/manufacturing-engineer-i-el-coyol-alajuela/,2026-09-27T18:13:38.864769,https://cr.computrabajo.com/empleos-en-alajuela,3
728bcc0d25d740d2,https://cr.computrabajo.com/ofertas-de-trabajo/oferta-de-trabajo-de-supervisor-de-ventas-zona-atlantico-indispensable-conocimiento-en-pintura-en-san-carlos-0B02A5E2AD27365061373E686DCF3405,Supervisor de ventas zona Atlántico - Indispensable conocimiento en Pintura,posted|wp_id=19020|https://costarica.mimusjobs.com/job/supervisor-de-ventas-zona-atlantico-indispensable-conocimiento-en-pintura-10/,2026-09-27T18:13:46.032903,https://cr.computrabajo.com/empleos-en-alajuela,3
eb53a175e6b178b4,https://cr.computrabajo.com/ofertas-de-trabajo/oferta-de-trabajo-de-impulsadora-diurno-en-alajuela-448610F5BDE9D2AA61373E686DCF3405,Impulsador/a - Diurno,posted|wp_id=12882|https://costarica.mimusjobs.com/job/impulsador-a-diurno/,2026-09-27T18:13:48.817840,https://cr.computrabajo.com/empleos-en-alajuela,3
64fabe9f02beb580,https://cr.computrabajo.com/ofertas-de-trabajo/oferta-de-trabajo-de-auxiliar-proteccion-de-activos-medio-tiempo-viernes-a-domingo-cd-pdc-coyol-en-alajuela-BFA8E34FD7D3FC1161373E686DCF3405,Auxiliar Protección de Activos - Medio Tiempo (Viernes a Domingo) CD PDC Coyol,posted|wp_id=19022|https://costarica.mimusjobs.com/job/auxiliar-proteccion-de-activos-medio-tiempo-viernes-a-domingo-cd-pdc-coyol-6/,2026-09-27T18:13:57.168939,https://cr.computrabajo.com/empleos-en-alajuela,4
8f351a9e9dd11a1a,https://cr.computrabajo.com/ofertas-de-trabajo/oferta-de-trabajo-de-operador-de-alisto-y-despacho-medio-tiempo-viernes-a-domingo-cd-pdc-coyol-en-alajuela-74BD16EE0B5F239061373E686DCF3405,Operador de Alisto y Despacho - Medio Tiempo (Viernes a Domingo) CD PDC Coyol,posted|wp_id=12886|https://costarica.mimusjobs.com/job/operador-de-alisto-y-despacho-medio-tiempo-viernes-a-domingo-cd-pdc-coyol/,2026-09-27T18:14:00.766253,https://cr.computrabajo.com/empleos-en-alajuela,4
1d79f5dd4b4b9362,https://cr.computrabajo.com/ofertas-de-trabajo/oferta-de-trabajo-de-promotor-de-ventas-electrodomesticos-linea-blanca-en-san-ramon-C8C02CBCC175B3C961373E686DCF3405,Promotor de Ventas Electrodomésticos Linea Blanca,posted|wp_id=19023|https://costarica.mimusjobs.com/job/promotor-de-ventas-electrodomesticos-linea-blanca-6/,2026-09-27T18:14:05.429444,https://cr.computrabajo.com/empleos-en-alajuela,4
db1fe7cff2cfb2d9,https://cr.computrabajo.com/ofertas-de-trabajo/oferta-de-trabajo-de-operador-de-recibo-medio-tiempo-viernes-a-domingo-cd-pdc-coyol-en-alajuela-4DD6C6354F4418C361373E686DCF3405,Operador de Recibo - Medio Tiempo (Viernes a Domingo) CD PDC Coyol,posted|wp_id=12889|https://costarica.mimusjobs.com/job/operador-de-recibo-medio-tiempo-viernes-a-domingo-cd-pdc-coyol/,2026-09-27T18:14:09.298926,https://cr.computrabajo.com/empleos-en-alajuela,4
10e23c53247334d0,https://cr.computrabajo.com/ofertas-de-trabajo/oferta-de-trabajo-de-operador-de-sistemas-medio-tiempo-viernes-a-domingo-cd-pdc-coyol-en-alajuela-B484E34D4E66340C61373E686DCF3405,Operador de Sistemas - Medio Tiempo (Viernes a Domingo) CD PDC Coyol,posted|wp_id=12891|https://costarica.mimusjobs.com/job/operador-de-sistemas-medio-tiempo-viernes-a-domingo-cd-pdc-coyol/,2026-09-27T18:14:12.265563,https://cr.computrabajo.com/empleos-en-alajuela,4
bf0a5ff7f4cb7563,https://cr.computrabajo.com/ofertas-de-trabajo/oferta-de-trabajo-de-coordinador-de-area-medio-tiempo-viernes-a-domingo-cd-pdc-coyol-en-alajuela-B3C3E7701676D1AF61373E686DCF3405,Coordinador de Área - Medio Tiempo (Viernes a Domingo) CD PDC Coyol,posted|wp_id=19025|https://costarica.mimusjobs.com/job/coordinador-de-area-medio-tiempo-viernes-a-domingo-cd-pdc-coyol-6/,2026-09-27T18:14:19.110664,https://cr.computrabajo.com/empleos-en-alajuela,4
5d8f7a10be236ec5,https://cr.computrabajo.com/ofertas-de-trabajo/oferta-de-trabajo-de-auxiliar-programador-de-pedidos-medio-tiempo-viernes-a-domingo-cd-pdc-coyol-en-alajuela-C34376E5A2F3AC3161373E686DCF3405,Auxiliar Programador De Pedidos - Medio Tiempo (Viernes a Domingo) CD PDC Coyol,posted|wp_id=12895|https://costarica.mimusjobs.com/job/auxiliar-programador-de-pedidos-medio-tiempo-viernes-a-domingo-cd-pdc-coyol/,2026-09-27T18:14:21.486683,https://cr.computrabajo.com/empleos-en-alajuela,4
3c54b1fc144e1dd1,https://cr.computrabajo.com/ofertas-de-trabajo/oferta-de-trabajo-de-especliasta-compras-internacionales-presencial-en-alajuela-E618AE7DA8512BCF61373E686DCF3405,Especliasta Compras Internacionales - Presencial,posted|wp_id=12897|https://costarica.mimusjobs.com/job/especliasta-compras-internacionales-presencial/,2026-09-27T18:14:23.698611,https://cr.computrabajo.com/empleos-en-alajuela,4
afeb7bb4a25d69b3,https://cr.computrabajo.com/ofertas-de-trabajo/oferta-de-trabajo-de-tecnico-automatizacion-medio-tiempo-viernes-a-domingo-cd-pdc-coyol-en-alajuela-6282F0EE7AAF21E061373E686DCF3405,Técnico Automatización - Medio Tiempo (Viernes a Domingo) CD PDC Coyol,posted|wp_id=19027|https://costarica.mimusjobs.com/job/tecnico-automatizacion-medio-tiempo-viernes-a-domingo-cd-pdc-coyol-6/,2026-09-27T18:14:29.878246,https://cr.computrabajo.com/empleos-en-alajuela,4
6d92962b8a8cd88c,https://cr.computrabajo.com/ofertas-de-trabajo/oferta-de-trabajo-de-promotor-de-ventas-temporal-marca-protecto-experiencia-en-ferreteria-zona-chachagua-en-san-carlos-4CDB1824010EFA2D61373E686DCF3405,"Promotor de Ventas temporal, Marca Protecto - Experiencia en Ferretería, Zona Chachagua",posted|wp_id=19028|https://costarica.mimusjobs.com/job/promotor-de-ventas-temporal-marca-protecto-experiencia-en-ferreteria-zona-chachagua-6/,2026-09-27T18:14:34.399703,https://cr.computrabajo.com/empleos-en-alajuela,4
4d07bbab1bc2bff2,https://cr.computrabajo.com/ofertas-de-trabajo/oferta-de-trabajo-de-promotor-de-ventas-protecto-zona-de-san-ramon-con-experiencia-en-ferreteria-en-san-ramon-E67B929A7E7F975D61373E686DCF3405,"Promotor de Ventas Protecto, Zona De San Ramon - con experiencia en ferretería",posted|wp_id=19029|https://costarica.mimusjobs.com/job/promotor-de-ventas-protecto-zona-de-san-ramon-con-experiencia-en-ferreteria-6/,2026-09-27T18:14:40.394225,https://cr.computrabajo.com/empleos-en-alajuela,4
ff3abeaedabf2827,https://cr.computrabajo.com/ofertas-de-trabajo/oferta-de-trabajo-de-auxiliar-de-contabilidad-alajuela-en-alajuela-4E0AE1D94D25267A61373E686DCF3405,Auxiliar de Contabilidad - Alajuela,posted|wp_id=12902|https://costarica.mimusjobs.com/job/auxiliar-de-contabilidad-alajuela/,2026-09-27T18:14:43.780874,https://cr.computrabajo.com/empleos-en-alajuela,4
c53f135645867d2e,https://cr.computrabajo.com/ofertas-de-trabajo/oferta-de-trabajo-de-operadores-tienda-maxi-pali-alajuela-jornada-rotativa-en-alajuela-4AAF63E6BEFBA2D661373E686DCF3405,Operadores tienda (Maxi Pali Alajuela) - Jornada Rotativa,posted|wp_id=12904|https://costarica.mimusjobs.com/job/operadores-tienda-maxi-pali-alajuela-jornada-rotativa/,2026-09-27T18:14:48.136971,https://cr.computrabajo.com/empleos-en-alajuela,4
070266f24d406642,https://cr.computrabajo.com/ofertas-de-trabajo/oferta-de-trabajo-de-asistente-de-gerencia-para-restaurantes-con-experiencia-en-alajuela-FBEAF420860E985061373E686DCF3405,Asistente de gerencia para restaurantes - Con experiencia,posted|wp_id=11359|https://costarica.mimusjobs.com/job/asistente-de-gerencia-para-restaurantes-con-experiencia/,2026-09-27T18:14:52.872867,https://cr.computrabajo.com/empleos-en-alajuela,4
0ffd3fb4460d87ba,https://cr.computrabajo.com/ofertas-de-trabajo/oferta-de-trabajo-de-vendedor-de-repuestos-naranjo-en-naranjo-12FBD6BDD1ED2BFA61373E686DCF3405,Vendedor de Repuestos - Naranjo,posted|wp_id=12907|https://costarica.mimusjobs.com/job/vendedor-de-repuestos-naranjo/,2026-09-27T18:14:56.099863,https://cr.computrabajo.com/empleos-en-alajuela,4
f7cae30ddcb13342,https://cr.computrabajo.com/ofertas-de-trabajo/oferta-de-trabajo-de-operador-de-tienda-pali-y-maxi-pali-alajuela-alajuela-en-alajuela-8395E0C4B44DE66C61373E686DCF3405,Operador de Tienda Pali y Maxi Palí Alajuela - Alajuela,posted|wp_id=19033|https://costarica.mimusjobs.com/job/operador-de-tienda-pali-y-maxi-pali-alajuela-alajuela-6/,2026-09-27T18:15:01.685086,https://cr.computrabajo.com/empleos-en-alajuela,4
0b9ff0fe85eead34,https://cr.computrabajo.com/ofertas-de-trabajo/oferta-de-trabajo-de-auxiliar-de-servicio-alajuela-en-alajuela-132D3FA546FAA8CD61373E686DCF3405,Auxiliar de Servicio - Alajuela,posted|wp_id=12911|https://costarica.mimusjobs.com/job/auxiliar-de-servicio-alajuela/,2026-09-27T18:15:05.327438,https://cr.computrabajo.com/empleos-en-alajuela,4
c764cdeb86d98cf2,https://cr.computrabajo.com/ofertas-de-trabajo/oferta-de-trabajo-de-oportunidades-de-empleo-alajuela-en-alajuela-B76641F42900371061373E686DCF3405,Oportunidades de empleo Alajuela,posted|wp_id=12913|https://costarica.mimusjobs.com/job/oportunidades-de-empleo-alajuela/,2026-09-27T18:15:09.843290,https://cr.computrabajo.com/empleos-en-alajuela,4
fb7362d6943a5a01,https://cr.computrabajo.com/ofertas-de-trabajo/oferta-de-trabajo-de-operarios-turrucares-alajuela-en-alajuela-BF4E3446CA29E19F61373E686DCF3405,Operarios - Turrucares Alajuela,posted|wp_id=12917|https://costarica.mimusjobs.com/job/operarios-turrucares-alajuela/,2026-09-27T18:15:17.501194,https://cr.computrabajo.com/empleos-en-alajuela,4
bdcb758c285d47c7,https://cr.computrabajo.com/ofertas-de-trabajo/oferta-de-trabajo-de-ejecutivo-de-ventas-por-temporada-navidena-en-alajuela-AC5F8460E8CCB02261373E686DCF3405,Ejecutivo de Ventas por temporada navideña,posted|wp_id=19036|https://costarica.mimusjobs.com/job/ejecutivo-de-ventas-por-temporada-navidena-6/,2026-09-27T18:15:22.332327,https://cr.computrabajo.com/empleos-en-alajuela,4
9c9ae304fd5e334c,https://cr.computrabajo.com/ofertas-de-trabajo/oferta-de-trabajo-de-auxiliar-de-bodega-en-alajuela-5F28B51A9B286FAE61373E686DCF3405,Auxiliar de bodega,posted|wp_id=751|https://costarica.mimusjobs.com/job/auxiliar-de-bodega/,2026-09-27T18:15:26.622314,https://cr.computrabajo.com/empleos-en-alajuela,5
1019fb9f549d48a1,https://cr.computrabajo.com/ofertas-de-trabajo/oferta-de-trabajo-de-medico-general-ciudad-quesada-en-san-carlos-B278A03BF2FE513D61373E686DCF3405,Médico General - Ciudad Quesada,posted|wp_id=19038|https://costarica.mimusjobs.com/job/medico-general-ciudad-quesada-6/,2026-09-27T18:15:33.278538,https://cr.computrabajo.com/empleos-en-alajuela,5
e1e8de7628c8a1a2,https://cr.computrabajo.com/ofertas-de-trabajo/oferta-de-trabajo-de-ayudante-de-cocina-con-experiencia-en-alajuela-31182FB36987940061373E686DCF3405,Ayudante de cocina - Con experiencia,posted|wp_id=12926|https://costarica.mimusjobs.com/job/ayudante-de-cocina-con-experiencia/,2026-09-27T18:15:46.391167,https://cr.computrabajo.com/empleos-en-alajuela,5
84f3247a62470ed8,https://cr.computrabajo.com/ofertas-de-trabajo/oferta-de-trabajo-de-asistente-contable-y-recepcion-en-alajuela-7DA64FF939A747F661373E686DCF3405,Asistente Contable y Recepción,posted|wp_id=19041|https://costarica.mimusjobs.com/job/asistente-contable-y-recepcion-6/,2026-09-27T18:15:52.306612,https://cr.computrabajo.com/empleos-en-alajuela,5
fa38a8c8326253e7,https://cr.computrabajo.com/ofertas-de-trabajo/oferta-de-trabajo-de-supervisor-de-ventas-san-carlos-en-san-carlos-29D7FF61BBCBF96461373E686DCF3405,Supervisor de ventas San Carlos,posted|wp_id=12922|https://costarica.mimusjobs.com/job/supervisor-de-ventas-san-carlos/,2026-09-27T18:15:56.199866,https://cr.computrabajo.com/empleos-en-alajuela,5
4653c59547d70c2a,https://cr.computrabajo.com/ofertas-de-trabajo/oferta-de-trabajo-de-operario-de-produccion-industria-de-alimentos-en-alajuela-F4B55304F66B209361373E686DCF3405,Operario de Producción - Industria de Alimentos,posted|wp_id=19043|https://costarica.mimusjobs.com/job/operario-de-produccion-industria-de-alimentos-12/,2026-09-27T18:16:03.175923,https://cr.computrabajo.com/empleos-en-alajuela,5
ffee3dfb80997cfd,https://cr.computrabajo.com/ofertas-de-trabajo/oferta-de-trabajo-de-jefe-de-almacen-alajuela-barrio-san-jose-en-alajuela-3F9B9F3A9127AFAE61373E686DCF3405,Jefe de Almacen - Alajuela Barrio San Jose,posted|wp_id=12931|https://costarica.mimusjobs.com/job/jefe-de-almacen-alajuela-barrio-san-jose/,2026-09-27T18:16:06.976254,https://cr.computrabajo.com/empleos-en-alajuela,5
ea8afe5666fc92f0,https://cr.computrabajo.com/ofertas-de-trabajo/oferta-de-trabajo-de-auxiliar-general-de-alimentacion-para-comedor-institucional-alajuela-coyol-alimentacion-en-alajuela-E3513227691F0ABB61373E686DCF3405,Auxiliar General de Alimentación para comedor Institucional /Alajuela Coyol - Alimentación,posted|wp_id=19044|https://costarica.mimusjobs.com/job/auxiliar-general-de-alimentacion-para-comedor-institucional-alajuela-coyol-alimentacion-6/,2026-09-27T18:16:11.872510,https://cr.computrabajo.com/empleos-en-alajuela,5
25ba42e4a4804819,https://cr.computrabajo.com/ofertas-de-trabajo/oferta-de-trabajo-de-auxiliar-recursos-humanos-junior-industria-medica-coyol-alajuela-temporal-4-meses-en-alajuela-D9FFEF9DA48673B061373E686DCF3405,Auxiliar Recursos Humanos Junior Industria Médica Coyol Alajuela Temporal 4 meses,posted|wp_id=19046|https://costarica.mimusjobs.com/job/auxiliar-recursos-humanos-junior-industria-medica-coyol-alajuela-temporal-4-meses-6/,2026-09-27T18:16:17.595814,https://cr.computrabajo.com/empleos-en-alajuela,5
3a29d42ee34ed48d,https://cr.computrabajo.com/ofertas-de-trabajo/oferta-de-trabajo-de-representante-de-ventas-en-alajuela-608536A104D6DCB661373E686DCF3405,Representante de ventas,posted|wp_id=5160|https://costarica.mimusjobs.com/job/representante-de-ventas/,2026-09-27T18:16:21.817400,https://cr.computrabajo.com/empleos-en-alajuela,5
27589cea1f566089,https://cr.computrabajo.com/ofertas-de-trabajo/oferta-de-trabajo-de-operador-de-tienda-maxi-pali-montecillos-en-alajuela-FE0D861DABDF2FCD61373E686DCF3405,Operador de Tienda - Maxi Pali Montecillos,posted|wp_id=12936|https://costarica.mimusjobs.com/job/operador-de-tienda-maxi-pali-montecillos/,2026-09-27T18:16:25.726368,https://cr.computrabajo.com/empleos-en-alajuela,5
f8b4e0e21c75c59a,https://cr.computrabajo.com/ofertas-de-trabajo/oferta-de-trabajo-de-mecanico-automotriz-equipo-pesado-san-rafael-alajuela-en-alajuela-485044CA0B37ED0461373E686DCF3405,Mecánico automotriz Equipo Pesado - San Rafael Alajuela,posted|wp_id=19047|https://costarica.mimusjobs.com/job/mecanico-automotriz-equipo-pesado-san-rafael-alajuela-6/,2026-09-27T18:16:30.847522,https://cr.computrabajo.com/empleos-en-alajuela,5
dda6d905a6552d44,https://cr.computrabajo.com/ofertas-de-trabajo/oferta-de-trabajo-de-operador-de-ecommerce-pedidos-en-linea-maxi-pali-alajuela-en-alajuela-8CF5AB227298F7A561373E686DCF3405,Operador de Ecommerce Pedidos en Linea - Maxi Pali Alajuela,posted|wp_id=12939|https://costarica.mimusjobs.com/job/operador-de-ecommerce-pedidos-en-linea-maxi-pali-alajuela/,2026-09-27T18:16:35.522761,https://cr.computrabajo.com/empleos-en-alajuela,5
5ae9fa9641986ca1,https://cr.computrabajo.com/ofertas-de-trabajo/oferta-de-trabajo-de-vendedora-san-ramon-en-san-ramon-42CB81ADA37E66AC61373E686DCF3405,Vendedor(a) - san ramon,posted|wp_id=19048|https://costarica.mimusjobs.com/job/vendedora-san-ramon-6/,2026-09-27T18:16:39.965463,https://cr.computrabajo.com/empleos-en-alajuela,5
35ed1628a7db5125,https://cr.computrabajo.com/ofertas-de-trabajo/oferta-de-trabajo-de-tecnico-especializado-en-refrigeracion-cedi-walmart-coyol-en-alajuela-7152464FA38A7B8261373E686DCF3405,Técnico Especializado en Refrigeración - Cedi Walmart Coyol,posted|wp_id=19050|https://costarica.mimusjobs.com/job/tecnico-especializado-en-refrigeracion-cedi-walmart-coyol-6/,2026-09-27T18:16:45.273268,https://cr.computrabajo.com/empleos-en-alajuela,5
54e687cba4721299,https://cr.computrabajo.com/ofertas-de-trabajo/oferta-de-trabajo-de-operario-de-tienda-maxi-pali-alajuela-en-alajuela-313C67DD37014B4F61373E686DCF3405,Operario de tienda Maxi Pali Alajuela,posted|wp_id=12944|https://costarica.mimusjobs.com/job/operario-de-tienda-maxi-pali-alajuela/,2026-09-27T18:16:48.548243,https://cr.computrabajo.com/empleos-en-alajuela,5
962d7fad4a7da661,https://cr.computrabajo.com/ofertas-de-trabajo/oferta-de-trabajo-de-alistador-en-alajuela-1B4147F3F3032A9E61373E686DCF3405,Alistador,posted|wp_id=3978|https://costarica.mimusjobs.com/job/alistador/,2026-09-27T18:16:51.571239,https://cr.computrabajo.com/empleos-en-alajuela,5
502ed58d681ffc4b,https://cr.computrabajo.com/ofertas-de-trabajo/oferta-de-trabajo-de-apilador-temporal-cedi-coyol-en-alajuela-8DEA56D51E87D3DA61373E686DCF3405,Apilador Temporal - Cedi Coyol,posted|wp_id=12946|https://costarica.mimusjobs.com/job/apilador-temporal-cedi-coyol/,2026-09-27T18:16:55.059848,https://cr.computrabajo.com/empleos-en-alajuela,5
d9861339bc94a7b2,https://cr.computrabajo.com/ofertas-de-trabajo/oferta-de-trabajo-de-operarioa-planta-carnica-en-alajuela-CD18B44CE44E3CBE61373E686DCF3405,Operario/a - Planta carnica,posted|wp_id=12948|https://costarica.mimusjobs.com/job/operario-a-planta-carnica/,2026-09-27T18:16:58.238808,https://cr.computrabajo.com/empleos-en-alajuela,5
aa27b947d69e1be3,https://cr.computrabajo.com/ofertas-de-trabajo/oferta-de-trabajo-de-promotor-de-punto-de-venta-katiraupala-temporal-experiencia-en-ferreteria-en-upala-AE427E4BBAC9DA7461373E686DCF3405,"Promotor de Punto de Venta, Katira/Upala. Temporal. - Experiencia en Ferretería",posted|wp_id=19051|https://costarica.mimusjobs.com/job/promotor-de-punto-de-venta-katira-upala-temporal-experiencia-en-ferreteria-5/,2026-09-27T18:17:13.692807,https://cr.computrabajo.com/empleos-en-alajuela,5
35b62c47d964e78d,https://cr.computrabajo.com/ofertas-de-trabajo/oferta-de-trabajo-de-asistente-de-procesos-planta-carnica-en-alajuela-CD3DF5DA6F4FBEC661373E686DCF3405,asistente de procesos - planta carnica,posted|wp_id=12951|https://costarica.mimusjobs.com/job/asistente-de-procesos-planta-carnica/,2026-09-27T18:17:19.333638,https://cr.computrabajo.com/empleos-en-alajuela,6
f3ceb57ca32689e1,https://cr.computrabajo.com/ofertas-de-trabajo/oferta-de-trabajo-de-operadores-tienda-pali-el-llano-jornada-rotativa-en-alajuela-02F114A218170F0C61373E686DCF3405,Operadores tienda (Pali el Llano) - Jornada Rotativa,posted|wp_id=12953|https://costarica.mimusjobs.com/job/operadores-tienda-pali-el-llano-jornada-rotativa/,2026-09-27T18:17:24.681860,https://cr.computrabajo.com/empleos-en-alajuela,6
937aa1c5390bfc7f,https://cr.computrabajo.com/ofertas-de-trabajo/oferta-de-trabajo-de-ayudante-de-proceso-operario-de-produccion-para-laborar-en-el-coyol-alajuela-en-alajuela-26E0BB417AC4CA7F61373E686DCF3405,Ayudante de Proceso (Operario de Producción) - Para laborar en El Coyol Alajuela,posted|wp_id=19053|https://costarica.mimusjobs.com/job/ayudante-de-proceso-operario-de-produccion-para-laborar-en-el-coyol-alajuela-11/,2026-09-27T18:17:30.446396,https://cr.computrabajo.com/empleos-en-alajuela,6
4d291d63d41f9a11,https://cr.computrabajo.com/ofertas-de-trabajo/oferta-de-trabajo-de-quality-engineer-i-industria-medica-en-alajuela-C68CD32E4647503F61373E686DCF3405,Quality Engineer I - Industria Médica,posted|wp_id=19055|https://costarica.mimusjobs.com/job/quality-engineer-i-industria-medica-5/,2026-09-27T18:17:37.578631,https://cr.computrabajo.com/empleos-en-alajuela,6
58ca8f8bca4dca5f,https://cr.computrabajo.com/ofertas-de-trabajo/oferta-de-trabajo-de-mercaderista-auditor-en-punto-de-venta-alajuela-en-alajuela-6A34DEF91C6FD7C661373E686DCF3405,Mercaderista/ Auditor en Punto de venta - Alajuela,posted|wp_id=12954|https://costarica.mimusjobs.com/job/mercaderista-auditor-en-punto-de-venta-alajuela/,2026-09-27T18:17:41.413014,https://cr.computrabajo.com/empleos-en-alajuela,6
8fd34650a2e3ace4,https://cr.computrabajo.com/ofertas-de-trabajo/oferta-de-trabajo-de-barista-servicio-al-cliente-en-alajuela-8E93E589878E2A9A61373E686DCF3405,Barista - Servicio al cliente,posted|wp_id=11555|https://costarica.mimusjobs.com/job/barista-servicio-al-cliente/,2026-09-27T18:17:48.109457,https://cr.computrabajo.com/empleos-en-alajuela,6
d30e53c471d711dd,https://cr.computrabajo.com/ofertas-de-trabajo/oferta-de-trabajo-de-contador-alajuela-coyol-en-alajuela-B27E60F6FB33C6FC61373E686DCF3405,"Contador - Alajuela, Coyol",posted|wp_id=12961|https://costarica.mimusjobs.com/job/contador-alajuela-coyol/,2026-09-27T18:17:52.645238,https://cr.computrabajo.com/empleos-en-alajuela,6
4cd9999465762f55,https://cr.computrabajo.com/ofertas-de-trabajo/oferta-de-trabajo-de-encargado-a-de-tesoreria-y-planillas-en-alajuela-EC2476D12A10AABE61373E686DCF3405,Encargado (a) de Tesorería y Planillas,posted|wp_id=19058|https://costarica.mimusjobs.com/job/encargado-a-de-tesoreria-y-planillas-6/,2026-09-27T18:17:58.757531,https://cr.computrabajo.com/empleos-en-alajuela,6
b415d175592d663d,https://cr.computrabajo.com/ofertas-de-trabajo/oferta-de-trabajo-de-operarios-de-produccion-turrucares-alajuela-en-alajuela-E650F06365A1EB2661373E686DCF3405,"Operarios de producción - Turrucares, Alajuela",posted|wp_id=19062|https://costarica.mimusjobs.com/job/operarios-de-produccion-turrucares-alajuela-5/,2026-09-27T18:18:07.263967,https://cr.computrabajo.com/empleos-en-alajuela,6
6fa6bbf411c3ff90,https://cr.computrabajo.com/ofertas-de-trabajo/oferta-de-trabajo-de-jefe-de-mercadeo-en-alajuela-73FF4FB16CD31FD161373E686DCF3405,Jefe de Mercadeo,posted|wp_id=4322|https://costarica.mimusjobs.com/job/jefe-de-mercadeo/,2026-09-27T18:18:09.666685,https://cr.computrabajo.com/empleos-en-alajuela,6
241e5274740e7f2a,https://cr.computrabajo.com/ofertas-de-trabajo/oferta-de-trabajo-de-rutero-y-promotor-de-ventas-temporal-marca-protecto-experiencia-en-ferreteria-zona-la-fortuna-en-san-carlos-8F300A4A8CAD29F261373E686DCF3405,"Rutero y promotor de Ventas temporal, Marca Protecto - Experiencia en Ferretería, Zona La Fortuna",posted|wp_id=19063|https://costarica.mimusjobs.com/job/rutero-y-promotor-de-ventas-temporal-marca-protecto-experiencia-en-ferreteria-zona-la-fortuna-6/,2026-09-27T18:18:16.216605,https://cr.computrabajo.com/empleos-en-alajuela,6
5bfb69859562b70c,https://cr.computrabajo.com/ofertas-de-trabajo/oferta-de-trabajo-de-ayudante-mantenimiento-coyol-alajuela-en-alajuela-AEC69477BC821DA761373E686DCF3405,Ayudante mantenimiento - Coyol Alajuela,posted|wp_id=12971|https://costarica.mimusjobs.com/job/ayudante-mantenimiento-coyol-alajuela/,2026-09-27T18:18:20.876198,https://cr.computrabajo.com/empleos-en-alajuela,6
d1b948524b8415ae,https://cr.computrabajo.com/ofertas-de-trabajo/oferta-de-trabajo-de-category-manager-alajuela-en-alajuela-B8F59E78F5802DAC61373E686DCF3405,Category Manager - Alajuela,posted|wp_id=12974|https://costarica.mimusjobs.com/job/category-manager-alajuela/,2026-09-27T18:18:26.366012,https://cr.computrabajo.com/empleos-en-alajuela,6
e2eeed0f7466a189,https://cr.computrabajo.com/ofertas-de-trabajo/oferta-de-trabajo-de-dependiente-cajeroa-san-carlos-en-san-carlos-12523434F9A9597061373E686DCF3405,Dependiente / Cajero(a) - San Carlos,posted|wp_id=19065|https://costarica.mimusjobs.com/job/dependiente-cajeroa-san-carlos-5/,2026-09-27T18:18:32.638193,https://cr.computrabajo.com/empleos-en-alajuela,6
faae7544af4b284c,https://cr.computrabajo.com/ofertas-de-trabajo/oferta-de-trabajo-de-jefatura-de-ventas-jefatura-ventas-en-alajuela-DBB27A42F0A4528C61373E686DCF3405,Jefatura de Ventas - Jefatura Ventas,posted|wp_id=12978|https://costarica.mimusjobs.com/job/jefatura-de-ventas-jefatura-ventas/,2026-09-27T18:18:37.130894,https://cr.computrabajo.com/empleos-en-alajuela,6
25444b9aba1fb80e,https://cr.computrabajo.com/ofertas-de-trabajo/oferta-de-trabajo-de-key-account-manager-en-alajuela-D8443CAB194D106C61373E686DCF3405,Key Account Manager,posted|wp_id=6646|https://costarica.mimusjobs.com/job/key-account-manager/,2026-09-27T18:18:39.289030,https://cr.computrabajo.com/empleos-en-alajuela,6
a88dde76b1fb3d5d,https://cr.computrabajo.com/ofertas-de-trabajo/oferta-de-trabajo-de-lavador-de-carros-alajuela-en-alajuela-8448767657CA218161373E686DCF3405,Lavador de carros - Alajuela,posted|wp_id=12980|https://costarica.mimusjobs.com/job/lavador-de-carros-alajuela/,2026-09-27T18:18:41.553381,https://cr.computrabajo.com/empleos-en-alajuela,6
2e80a9898c492124,https://cr.computrabajo.com/ofertas-de-trabajo/oferta-de-trabajo-de-jefe-de-marketing-electrodomesticos-y-linea-blanca-en-alajuela-AF700B9BABAD8D4B61373E686DCF3405,Jefe de Marketing - Electrodomesticos y Linea Blanca,posted|wp_id=12982|https://costarica.mimusjobs.com/job/jefe-de-marketing-electrodomesticos-y-linea-blanca/,2026-09-27T18:18:44.868904,https://cr.computrabajo.com/empleos-en-alajuela,6
4b3266850284a8eb,https://cr.computrabajo.com/ofertas-de-trabajo/oferta-de-trabajo-de-ayudante-de-reparto-coyol-de-alajuela-en-alajuela-6FDA29F832ACD23E61373E686DCF3405,Ayudante de reparto Coyol de Alajuela,posted|wp_id=12984|https://costarica.mimusjobs.com/job/ayudante-de-reparto-coyol-de-alajuela/,2026-09-27T18:18:48.758300,https://cr.computrabajo.com/empleos-en-alajuela,6
7019f8ec1744c9c3,https://cr.computrabajo.com/ofertas-de-trabajo/oferta-de-trabajo-de-pasante-dosificadora-hms-alajuela-en-alajuela-21E9BA3B614ED99B61373E686DCF3405,Pasante Dosificador/a - HMS Alajuela,posted|wp_id=12983|https://costarica.mimusjobs.com/job/pasante-dosificador-a-hms-alajuela/,2026-09-27T18:18:53.289127,https://cr.computrabajo.com/empleos-en-alajuela,6
906c131e0cfddc07,https://cr.computrabajo.com/ofertas-de-trabajo/oferta-de-trabajo-de-asistente-de-consultas-san-ramon-en-san-ramon-95A507DD05F24D3261373E686DCF3405,Asistente de Consultas - San Ramón,posted|wp_id=19069|https://costarica.mimusjobs.com/job/asistente-de-consultas-san-ramon-5/,2026-09-27T18:19:00.622179,https://cr.computrabajo.com/empleos-en-alajuela,7
910c96315380c8f1,https://cr.computrabajo.com/ofertas-de-trabajo/oferta-de-trabajo-de-gerente-comercial-consumo-masivo-alimentos-italianos-en-alajuela-F780063D4123F93261373E686DCF3405,Gerente Comercial - Consumo Masivo alimentos italianos,posted|wp_id=12988|https://costarica.mimusjobs.com/job/gerente-comercial-consumo-masivo-alimentos-italianos/,2026-09-27T18:19:03.245199,https://cr.computrabajo.com/empleos-en-alajuela,7
313a7bd39ae161c2,https://cr.computrabajo.com/ofertas-de-trabajo/oferta-de-trabajo-de-fiscalizador-de-bodega-licencia-d3-zona-san-carlos-en-san-carlos-68C2F549E4196EEF61373E686DCF3405,Fiscalizador de bodega (licencia D3) - Zona San Carlos,posted|wp_id=12990|https://costarica.mimusjobs.com/job/fiscalizador-de-bodega-licencia-d3-zona-san-carlos/,2026-09-27T18:19:07.070060,https://cr.computrabajo.com/empleos-en-alajuela,7
7d056153368d1e5c,https://cr.computrabajo.com/ofertas-de-trabajo/oferta-de-trabajo-de-prevendedor-zona-san-carlos-en-san-carlos-C8D8A4A4F10433D861373E686DCF3405,Prevendedor - Zona San Carlos,posted|wp_id=12992|https://costarica.mimusjobs.com/job/prevendedor-zona-san-carlos/,2026-09-27T18:19:11.632610,https://cr.computrabajo.com/empleos-en-alajuela,7
2736db69edbb15a8,https://cr.computrabajo.com/ofertas-de-trabajo/oferta-de-trabajo-de-oficial-de-seguridad-alajuela-en-alajuela-4497F10044655C6E61373E686DCF3405,Oficial de seguridad - Alajuela,posted|wp_id=12994|https://costarica.mimusjobs.com/job/oficial-de-seguridad-alajuela/,2026-09-27T18:19:14.998109,https://cr.computrabajo.com/empleos-en-alajuela,7
421b66968a70ddc8,https://cr.computrabajo.com/ofertas-de-trabajo/oferta-de-trabajo-de-empacadora-en-alajuela-E6682C3D580B4F9A61373E686DCF3405,Empacadora,posted|wp_id=12996|https://costarica.mimusjobs.com/job/empacadora/,2026-09-27T18:19:19.101597,https://cr.computrabajo.com/empleos-en-alajuela,7
49ee68e4a714fb92,https://cr.computrabajo.com/ofertas-de-trabajo/oferta-de-trabajo-de-cajero-dependiente-alajuela-cristo-rey-en-alajuela-7B3F4CB51CF0038A61373E686DCF3405,Cajero / Dependiente - Alajuela Cristo Rey,posted|wp_id=12998|https://costarica.mimusjobs.com/job/cajero-dependiente-alajuela-cristo-rey/,2026-09-27T18:19:22.647416,https://cr.computrabajo.com/empleos-en-alajuela,7
fe98f764e71512fd,https://cr.computrabajo.com/ofertas-de-trabajo/oferta-de-trabajo-de-chofer-repartidor-alajuela-en-alajuela-BBFB82BF103FF2E861373E686DCF3405,Chófer repartidor - Alajuela,posted|wp_id=19071|https://costarica.mimusjobs.com/job/chofer-repartidor-alajuela-6/,2026-09-27T18:19:28.763561,https://cr.computrabajo.com/empleos-en-alajuela,7
3da30c787d89182c,https://cr.computrabajo.com/ofertas-de-trabajo/oferta-de-trabajo-de-operador-de-equipo-especial-apilador-y-montacargas-en-alajuela-79A860306BECBB4561373E686DCF3405,Operador de equipo especial - (Apilador y Montacargas),posted|wp_id=13004|https://costarica.mimusjobs.com/job/operador-de-equipo-especial-apilador-y-montacargas/,2026-09-27T18:19:32.389038,https://cr.computrabajo.com/empleos-en-alajuela,7
00aa2f3c4f622b40,https://cr.computrabajo.com/ofertas-de-trabajo/oferta-de-trabajo-de-auxiliar-de-bodega-coyol-de-alajuela-en-alajuela-3CEA39726A52BF6161373E686DCF3405,Auxiliar de Bodega - Coyol de Alajuela,posted|wp_id=13002|https://costarica.mimusjobs.com/job/auxiliar-de-bodega-coyol-de-alajuela/,2026-09-27T18:19:35.118171,https://cr.computrabajo.com/empleos-en-alajuela,7
804be29a92449785,https://cr.computrabajo.com/ofertas-de-trabajo/oferta-de-trabajo-de-fiscalizador-de-bodega-licencia-d3-poas-de-alajuela-en-poas-BB87DD7A2A84ECFB61373E686DCF3405,Fiscalizador de bodega (licencia D3) - Poás de Alajuela,posted|wp_id=19073|https://costarica.mimusjobs.com/job/fiscalizador-de-bodega-licencia-d3-poas-de-alajuela-5/,2026-09-27T18:19:41.709786,https://cr.computrabajo.com/empleos-en-alajuela,7
c17f6212ea8d7b12,https://cr.computrabajo.com/ofertas-de-trabajo/oferta-de-trabajo-de-promotor-de-ventas-marca-protecto-experiencia-en-ferreteria-zona-katira-en-guatuso-F699DABCA62B97AB61373E686DCF3405,"Promotor de Ventas, Marca Protecto - Experiencia en Ferretería, Zona Katira",posted|wp_id=19074|https://costarica.mimusjobs.com/job/promotor-de-ventas-marca-protecto-experiencia-en-ferreteria-zona-katira-5/,2026-09-27T18:19:48.900054,https://cr.computrabajo.com/empleos-en-alajuela,7
3ad07f806b3906e8,https://cr.computrabajo.com/ofertas-de-trabajo/oferta-de-trabajo-de-facturador-y-liquidador-alajuela-poas-en-poas-B96AA6A6BDCE895B61373E686DCF3405,"Facturador y Liquidador - Alajuela, Poás",posted|wp_id=19076|https://costarica.mimusjobs.com/job/facturador-y-liquidador-alajuela-poas-6/,2026-09-27T18:19:55.124694,https://cr.computrabajo.com/empleos-en-alajuela,7
b971af4cfe0f4430,https://cr.computrabajo.com/ofertas-de-trabajo/oferta-de-trabajo-de-asistente-comercial-y-administrativo-en-alajuela-4206C96C3F234DE961373E686DCF3405,Asistente Comercial y Administrativo,posted|wp_id=13010|https://costarica.mimusjobs.com/job/asistente-comercial-y-administrativo/,2026-09-27T18:19:58.521101,https://cr.computrabajo.com/empleos-en-alajuela,7
3f5492fab837b8c4,https://cr.computrabajo.com/ofertas-de-trabajo/oferta-de-trabajo-de-asistente-de-inventario-en-alajuela-4FA96BF30D98EA0361373E686DCF3405,Asistente de Inventario,posted|wp_id=13014|https://costarica.mimusjobs.com/job/asistente-de-inventario/,2026-09-27T18:20:01.727019,https://cr.computrabajo.com/empleos-en-alajuela,7
777412113f06ce72,https://cr.computrabajo.com/ofertas-de-trabajo/oferta-de-trabajo-de-auxiliar-de-almacen-l-en-alajuela-DE2329FA6D9E47F161373E686DCF3405,Auxiliar de Almacén l,posted|wp_id=19078|https://costarica.mimusjobs.com/job/auxiliar-de-almacen-l-5/,2026-09-27T18:20:12.830049,https://cr.computrabajo.com/empleos-en-alajuela,7
4299386d5935dfdc,https://cr.computrabajo.com/ofertas-de-trabajo/oferta-de-trabajo-de-narraciones-de-partidos-de-futbol-desde-el-estadio-de-san-carlos-en-san-carlos-E4423A217CB0265D61373E686DCF3405,Narraciones de partidos de Futbol desde el estadio de San Carlos,posted|wp_id=13018|https://costarica.mimusjobs.com/job/narraciones-de-partidos-de-futbol-desde-el-estadio-de-san-carlos/,2026-09-27T18:20:16.353045,https://cr.computrabajo.com/empleos-en-alajuela,7
b276dfdf9074dd73,https://cr.computrabajo.com/ofertas-de-trabajo/oferta-de-trabajo-de-asesor-visual-con-experiencia-en-san-ramon-E32618A31882861261373E686DCF3405,Asesor Visual - con experiencia,posted|wp_id=13019|https://costarica.mimusjobs.com/job/asesor-visual-con-experiencia/,2026-09-27T18:20:19.786523,https://cr.computrabajo.com/empleos-en-alajuela,7
c6273ba790c3947e,https://cr.computrabajo.com/ofertas-de-trabajo/oferta-de-trabajo-de-jefe-de-taller-alajuela-en-alajuela-BF0BE906769D568061373E686DCF3405,Jefe de Taller - Alajuela,posted|wp_id=13021|https://costarica.mimusjobs.com/job/jefe-de-taller-alajuela/,2026-09-27T18:20:23.342996,https://cr.computrabajo.com/empleos-en-alajuela,7
1ee153d95ae806b4,https://cr.computrabajo.com/ofertas-de-trabajo/oferta-de-trabajo-de-operador-de-tienda-zona-de-alajuela-pali-maxi-pali-en-alajuela-E05F28DCA028522361373E686DCF3405,Operador de tienda zona de Alajuela - Pali Maxi Pali,posted|wp_id=13023|https://costarica.mimusjobs.com/job/operador-de-tienda-zona-de-alajuela-pali-maxi-pali/,2026-09-27T18:20:25.988796,https://cr.computrabajo.com/empleos-en-alajuela,7
1d9486c11f374467,https://cr.computrabajo.com/ofertas-de-trabajo/oferta-de-trabajo-de-operador-de-tienda-zona-de-alajuela-pali-desamparados-de-alajuela-en-alajuela-A5CD7F140FC3014F61373E686DCF3405,Operador de tienda zona de Alajuela - Pali Desamparados de Alajuela,posted|wp_id=13025|https://costarica.mimusjobs.com/job/operador-de-tienda-zona-de-alajuela-pali-desamparados-de-alajuela/,2026-09-27T18:20:30.638716,https://cr.computrabajo.com/empleos-en-alajuela,8
222a7142177de1cf,https://cr.computrabajo.com/ofertas-de-trabajo/oferta-de-trabajo-de-promotor-alajuela-en-alajuela-03C2FA51089ACAF761373E686DCF3405,Promotor - Alajuela,posted|wp_id=13026|https://costarica.mimusjobs.com/job/promotor-alajuela/,2026-09-27T18:20:34.143988,https://cr.computrabajo.com/empleos-en-alajuela,8
2d4829f71ffb3e06,https://cr.computrabajo.com/ofertas-de-trabajo/oferta-de-trabajo-de-medico-general-con-experiencia-en-palmares-1690FEB3CE84AA9B61373E686DCF3405,Médico General - con experiencia,posted|wp_id=19079|https://costarica.mimusjobs.com/job/medico-general-con-experiencia-6/,2026-09-27T18:20:40.541671,https://cr.computrabajo.com/empleos-en-alajuela,8
c084246a4e8e4a94,https://cr.computrabajo.com/ofertas-de-trabajo/oferta-de-trabajo-de-mecanico-maquinaria-pesada-zona-cascajal-orotina-en-orotina-1F46DB824578970C61373E686DCF3405,"Mecánico Maquinaria Pesada - Zona Cascajal, Orotina",posted|wp_id=19081|https://costarica.mimusjobs.com/job/mecanico-maquinaria-pesada-zona-cascajal-orotina-5/,2026-09-27T18:20:54.601178,https://cr.computrabajo.com/empleos-en-alajuela,8
30753a1552bb022d,https://cr.computrabajo.com/ofertas-de-trabajo/oferta-de-trabajo-de-chofer-1-san-carlos-en-san-carlos-F0AF19613A22E03D61373E686DCF3405,Chofer 1 - San Carlos,posted|wp_id=13030|https://costarica.mimusjobs.com/job/chofer-1-san-carlos/,2026-09-27T18:20:58.573788,https://cr.computrabajo.com/empleos-en-alajuela,8
4852a2b31178fd68,https://cr.computrabajo.com/ofertas-de-trabajo/oferta-de-trabajo-de-coordinador-de-instalaciones-de-refrigeracion-en-alajuela-3CBCC3709EEBE9AC61373E686DCF3405,Coordinador de Instalaciones de Refrigeración,posted|wp_id=19083|https://costarica.mimusjobs.com/job/coordinador-de-instalaciones-de-refrigeracion-6/,2026-09-27T18:21:06.905934,https://cr.computrabajo.com/empleos-en-alajuela,8
fe44f194d2c78b12,https://cr.computrabajo.com/ofertas-de-trabajo/oferta-de-trabajo-de-ejecutivo-de-ventas-punto-de-venta-alajuela-heredia-en-alajuela-BEBD2616E07634A161373E686DCF3405,Ejecutivo de ventas punto de venta - Alajuela / Heredia,posted|wp_id=13035|https://costarica.mimusjobs.com/job/ejecutivo-de-ventas-punto-de-venta-alajuela-heredia/,2026-09-27T18:21:10.300612,https://cr.computrabajo.com/empleos-en-alajuela,8
25673a6f93aed7b2,https://cr.computrabajo.com/ofertas-de-trabajo/oferta-de-trabajo-de-cajero-de-peaje-pozon-de-orotina-en-orotina-5E781E3188FB7A3561373E686DCF3405,Cajero de Peaje - Pozón de Orotina,posted|wp_id=19085|https://costarica.mimusjobs.com/job/cajero-de-peaje-pozon-de-orotina-5/,2026-09-27T18:21:19.976396,https://cr.computrabajo.com/empleos-en-alajuela,8
c39a0b9484d0c23e,https://cr.computrabajo.com/ofertas-de-trabajo/oferta-de-trabajo-de-auxiliar-auditoria-labora-en-coyol-de-alajuela-en-alajuela-806D2201F9B3D77E61373E686DCF3405,Auxiliar Auditoría - Labora en Coyol de Alajuela,posted|wp_id=19087|https://costarica.mimusjobs.com/job/auxiliar-auditoria-labora-en-coyol-de-alajuela-6/,2026-09-27T18:21:26.783197,https://cr.computrabajo.com/empleos-en-alajuela,8
286e421974e37e2a,https://cr.computrabajo.com/ofertas-de-trabajo/oferta-de-trabajo-de-auxiliar-de-bodega-licencia-a2-b1-en-alajuela-06FFD95A28DFBF9A61373E686DCF3405,Auxiliar de Bodega Licencia A2 B1,posted|wp_id=13041|https://costarica.mimusjobs.com/job/auxiliar-de-bodega-licencia-a2-b1/,2026-09-27T18:21:30.082997,https://cr.computrabajo.com/empleos-en-alajuela,8
6ecf256c810322c9,https://cr.computrabajo.com/ofertas-de-trabajo/oferta-de-trabajo-de-chofer-licencia-b3-coyol-de-alajuela-en-alajuela-128359E5D95F38FA61373E686DCF3405,Chofer licencia B3 - Coyol de Alajuela,posted|wp_id=13042|https://costarica.mimusjobs.com/job/chofer-licencia-b3-coyol-de-alajuela/,2026-09-27T18:21:32.704100,https://cr.computrabajo.com/empleos-en-alajuela,8
6a0d66ac664c14e9,https://cr.computrabajo.com/ofertas-de-trabajo/oferta-de-trabajo-de-soldadora-mig-electrodo-en-alajuela-9E8BCAAD8CDD53F061373E686DCF3405,Soldador/a - mig electrodo,posted|wp_id=13043|https://costarica.mimusjobs.com/job/soldador-a-mig-electrodo/,2026-09-27T18:21:35.267884,https://cr.computrabajo.com/empleos-en-alajuela,8
8871de267380f6bd,https://cr.computrabajo.com/ofertas-de-trabajo/oferta-de-trabajo-de-analista-pricing-internacional-maritimo-y-aereo-en-alajuela-C4B7DED51EFE269861373E686DCF3405,Analista Pricing Internacional - Marítimo y Aéreo,posted|wp_id=19089|https://costarica.mimusjobs.com/job/analista-pricing-internacional-maritimo-y-aereo-5/,2026-09-27T18:21:42.181292,https://cr.computrabajo.com/empleos-en-alajuela,8
7081223d18ddcae4,https://cr.computrabajo.com/ofertas-de-trabajo/oferta-de-trabajo-de-mecanico-automotriz-zona-cascajal-orotina-en-orotina-9E8D9D6C904956BF61373E686DCF3405,"Mecánico Automotriz - Zona Cascajal, Orotina",posted|wp_id=19091|https://costarica.mimusjobs.com/job/mecanico-automotriz-zona-cascajal-orotina-6/,2026-09-27T18:21:51.434250,https://cr.computrabajo.com/empleos-en-alajuela,8
2b6e965603d0517a,https://cr.computrabajo.com/ofertas-de-trabajo/oferta-de-trabajo-de-auxiliar-contable-en-alajuela-E4698058A38FB83461373E686DCF3405,Auxiliar contable,posted|wp_id=3333|https://costarica.mimusjobs.com/job/auxiliar-contable/,2026-09-27T18:21:54.560624,https://cr.computrabajo.com/empleos-en-alajuela,8
306b59a4e6365298,https://cr.computrabajo.com/ofertas-de-trabajo/oferta-de-trabajo-de-auxiliar-de-inventarios-cedi-coyol-de-alajuela-en-alajuela-1688CEE2A984B7CB61373E686DCF3405,Auxiliar de Inventarios/ CEDI - Coyol de Alajuela,posted|wp_id=13049|https://costarica.mimusjobs.com/job/auxiliar-de-inventarios-cedi-coyol-de-alajuela/,2026-09-27T18:21:57.464221,https://cr.computrabajo.com/empleos-en-alajuela,8
37e1e67537e15f74,https://cr.computrabajo.com/ofertas-de-trabajo/oferta-de-trabajo-de-hostess-hacienda-alsacia-en-alajuela-7FEF478402550EA661373E686DCF3405,Hostess - Hacienda Alsacia,posted|wp_id=13053|https://costarica.mimusjobs.com/job/hostess-hacienda-alsacia/,2026-09-27T18:22:03.642171,https://cr.computrabajo.com/empleos-en-alajuela,8
20b4d3ec2f3f0cfc,https://cr.computrabajo.com/ofertas-de-trabajo/oferta-de-trabajo-de-promotor-de-ventas-marca-protecto-experiencia-en-ferreteria-zona-bijagua-en-upala-8018AB5041B9F07361373E686DCF3405,"Promotor de Ventas, Marca Protecto - Experiencia en Ferretería, Zona Bijagua",posted|wp_id=19094|https://costarica.mimusjobs.com/job/promotor-de-ventas-marca-protecto-experiencia-en-ferreteria-zona-bijagua-6/,2026-09-27T18:22:07.826962,https://cr.computrabajo.com/empleos-en-alajuela,8
78fdeccd5be3612f,https://cr.computrabajo.com/ofertas-de-trabajo/oferta-de-trabajo-de-auxiliar-de-tienda-grecia-en-grecia-1B669AA65B9EB20361373E686DCF3405,Auxiliar de Tienda Grecia,posted|wp_id=13056|https://costarica.mimusjobs.com/job/auxiliar-de-tienda-grecia/,2026-09-27T18:22:12.676511,https://cr.computrabajo.com/empleos-en-alajuela,8
5362d8a0f9d15f3f,https://cr.computrabajo.com/ofertas-de-trabajo/oferta-de-trabajo-de-cajero-auxiliar-masxmenos-alajuela-en-alajuela-AA48746A7AF43A8F61373E686DCF3405,Cajero auxiliar - Masxmenos Alajuela,posted|wp_id=13058|https://costarica.mimusjobs.com/job/cajero-auxiliar-masxmenos-alajuela/,2026-09-27T18:22:17.291563,https://cr.computrabajo.com/empleos-en-alajuela,8
90c13c164ac40b83,https://cr.computrabajo.com/ofertas-de-trabajo/oferta-de-trabajo-de-cajero-auxiliar-masxmenos-san-ramon-en-san-ramon-3D95615085A6E63661373E686DCF3405,Cajero auxiliar - Masxmenos San Ramon,posted|wp_id=13060|https://costarica.mimusjobs.com/job/cajero-auxiliar-masxmenos-san-ramon/,2026-09-27T18:22:22.042623,https://cr.computrabajo.com/empleos-en-alajuela,9
0866ef8332dab2b3,https://cr.computrabajo.com/ofertas-de-trabajo/oferta-de-trabajo-de-auxiliar-frescos-masxmenos-san-ramon-en-san-ramon-75B2F9082110CA5C61373E686DCF3405,Auxiliar Frescos - MasxMenos San Ramon,posted|wp_id=13062|https://costarica.mimusjobs.com/job/auxiliar-frescos-masxmenos-san-ramon/,2026-09-27T18:22:24.664577,https://cr.computrabajo.com/empleos-en-alajuela,9
210c78722d652c84,https://cr.computrabajo.com/ofertas-de-trabajo/oferta-de-trabajo-de-agente-de-renta-bilingue-alajuela-alajuela-en-alajuela-C08B713F3D72F66A61373E686DCF3405,Agente de Renta Bilingüe (Alajuela) - Alajuela,posted|wp_id=19096|https://costarica.mimusjobs.com/job/agente-de-renta-bilingue-alajuela-alajuela-6/,2026-09-27T18:22:29.842746,https://cr.computrabajo.com/empleos-en-alajuela,9
1bba724611e40c8a,https://cr.computrabajo.com/ofertas-de-trabajo/oferta-de-trabajo-de-auxiliar-de-bodega-en-orotina-59D9B66065A51B5D61373E686DCF3405,Auxiliar de bodega,posted|wp_id=751|https://costarica.mimusjobs.com/job/auxiliar-de-bodega/,2026-09-27T18:22:33.552615,https://cr.computrabajo.com/empleos-en-alajuela,9
85e661a37e946f41,https://cr.computrabajo.com/ofertas-de-trabajo/oferta-de-trabajo-de-apilador-logistico-medio-tiempo-viernes-a-domingo-cd-pdc-coyol-en-alajuela-0BAEAB12C1D8A63A61373E686DCF3405,Apilador Logistico - Medio Tiempo (Viernes a Domingo) CD PDC Coyol,posted|wp_id=13066|https://costarica.mimusjobs.com/job/apilador-logistico-medio-tiempo-viernes-a-domingo-cd-pdc-coyol/,2026-09-27T18:22:37.907511,https://cr.computrabajo.com/empleos-en-alajuela,9
5581b6ad795b0f1d,https://cr.computrabajo.com/ofertas-de-trabajo/oferta-de-trabajo-de-coordinador-area-tienda-abarrotes-y-consumo-maxi-pali-atenas-horario-rotativos--en-atenas-580BA7C9BFE015ED61373E686DCF3405,Coordinador Area Tienda Abarrotes y consumo - Maxi Pali Atenas ( Horario Rotativos ),posted|wp_id=19098|https://costarica.mimusjobs.com/job/coordinador-area-tienda-abarrotes-y-consumo-maxi-pali-atenas-horario-rotativos-6/,2026-09-27T18:22:44.582923,https://cr.computrabajo.com/empleos-en-alajuela,9
a232bbcf59d720e4,https://cr.computrabajo.com/ofertas-de-trabajo/oferta-de-trabajo-de-medico-general-con-experiencia-en-san-ramon-AF5A68866D108B6561373E686DCF3405,Medico General - Con Experiencia,posted|wp_id=13027|https://costarica.mimusjobs.com/job/medico-general-con-experiencia/,2026-09-27T18:22:49.183979,https://cr.computrabajo.com/empleos-en-alajuela,9
34d21356edf7c215,https://cr.computrabajo.com/ofertas-de-trabajo/oferta-de-trabajo-de-encargado-administrativo-pali-candelaria-en-naranjo-80122193E675197861373E686DCF3405,Encargado Administrativo - Pali Candelaria,posted|wp_id=13070|https://costarica.mimusjobs.com/job/encargado-administrativo-pali-candelaria/,2026-09-27T18:22:52.908039,https://cr.computrabajo.com/empleos-en-alajuela,9
a698d3b7a2ed4ad4,https://cr.computrabajo.com/ofertas-de-trabajo/oferta-de-trabajo-de-auxiliar-de-famacia-maxi-pali-la-fortuna-tiempo-parcial-en-san-carlos-FDECE4B89CA423FF61373E686DCF3405,Auxiliar de Famacia - Maxi Pali La Fortuna Tiempo Parcial,posted|wp_id=13072|https://costarica.mimusjobs.com/job/auxiliar-de-famacia-maxi-pali-la-fortuna-tiempo-parcial/,2026-09-27T18:22:56.516530,https://cr.computrabajo.com/empleos-en-alajuela,9
dbe01d042f00edc8,https://cr.computrabajo.com/ofertas-de-trabajo/oferta-de-trabajo-de-operador-tienda-pali-barrio-san-jose-alajuela-en-alajuela-57C6C8611BC6D2E661373E686DCF3405,Operador Tienda - Pali Barrio San Jose Alajuela,posted|wp_id=13074|https://costarica.mimusjobs.com/job/operador-tienda-pali-barrio-san-jose-alajuela/,2026-09-27T18:22:59.957036,https://cr.computrabajo.com/empleos-en-alajuela,9
8a0bb2600962cd41,https://cr.computrabajo.com/ofertas-de-trabajo/oferta-de-trabajo-de-bodeguero-licencia-d3-san-carlos-en-san-carlos-208882943FC7BAD261373E686DCF3405,Bodeguero (Licencia D3) - San Carlos,posted|wp_id=13076|https://costarica.mimusjobs.com/job/bodeguero-licencia-d3-san-carlos/,2026-09-27T18:23:04.051786,https://cr.computrabajo.com/empleos-en-alajuela,9
be6f968a831f2256,https://cr.computrabajo.com/ofertas-de-trabajo/oferta-de-trabajo-de-vendedor-alajuela-en-san-ramon-9D12C16F3251DE3761373E686DCF3405,Vendedor - Alajuela,posted|wp_id=13077|https://costarica.mimusjobs.com/job/vendedor-alajuela/,2026-09-27T18:23:08.625794,https://cr.computrabajo.com/empleos-en-alajuela,9
ef5219056cfa51e2,https://cr.computrabajo.com/ofertas-de-trabajo/oferta-de-trabajo-de-operador-tienda-pali-villa-bonita-en-alajuela-E22CBCA4BEBD102961373E686DCF3405,Operador Tienda - Pali Villa Bonita,posted|wp_id=13079|https://costarica.mimusjobs.com/job/operador-tienda-pali-villa-bonita/,2026-09-27T18:23:11.730535,https://cr.computrabajo.com/empleos-en-alajuela,9
912c9a129c0421e0,https://cr.computrabajo.com/ofertas-de-trabajo/oferta-de-trabajo-de-employee-relations-specialist-en-alajuela-9C8F95FCD762CEEA61373E686DCF3405,Employee Relations Specialist,posted|wp_id=4478|https://costarica.mimusjobs.com/job/employee-relations-specialist/,2026-09-27T18:23:14.375945,https://cr.computrabajo.com/empleos-en-alajuela,9
f79fabd099b48d37,https://cr.computrabajo.com/ofertas-de-trabajo/oferta-de-trabajo-de-supervisor-para-comedor-institucional-coyol-alajuela-turno-c-alajuela-en-alajuela-A50C86B6D5E93DE661373E686DCF3405,Supervisor para comedor institucional Coyol Alajuela Turno C - Alajuela,posted|wp_id=13080|https://costarica.mimusjobs.com/job/supervisor-para-comedor-institucional-coyol-alajuela-turno-c-alajuela/,2026-09-27T18:23:16.950782,https://cr.computrabajo.com/empleos-en-alajuela,9
a61cba92f93112cf,https://cr.computrabajo.com/ofertas-de-trabajo/oferta-de-trabajo-de-chofer-para-comedor-institucional-alajuela-coyol-en-alajuela-870EB2A44C8EBD7261373E686DCF3405,Chofer para comedor institucional /Alajuela Coyol,posted|wp_id=13088|https://costarica.mimusjobs.com/job/chofer-para-comedor-institucional-alajuela-coyol/,2026-09-27T18:23:19.494987,https://cr.computrabajo.com/empleos-en-alajuela,9
2bf6d681d7573313,https://cr.computrabajo.com/ofertas-de-trabajo/oferta-de-trabajo-de-electromecanicoa-alajuela-en-alajuela-92A6E66E30F33FCD61373E686DCF3405,Electromecánico/a - Alajuela,posted|wp_id=19099|https://costarica.mimusjobs.com/job/electromecanico-a-alajuela-6/,2026-09-27T18:23:24.919635,https://cr.computrabajo.com/empleos-en-alajuela,9
aab6f8ad9953588b,https://cr.computrabajo.com/ofertas-de-trabajo/oferta-de-trabajo-de-administradora-en-alajuela-D6511D3E49F9705961373E686DCF3405,Administrador/a,posted|wp_id=4702|https://costarica.mimusjobs.com/job/administrador-a/,2026-09-27T18:23:27.566624,https://cr.computrabajo.com/empleos-en-alajuela,9
a28a1b0f279cdbfd,https://cr.computrabajo.com/ofertas-de-trabajo/oferta-de-trabajo-de-encargado-de-mercadeo-mercadeo-y-publicidad-en-alajuela-903699B068C5108B61373E686DCF3405,Encargado de Mercadeo - Mercadeo y Publicidad,posted|wp_id=13082|https://costarica.mimusjobs.com/job/encargado-de-mercadeo-mercadeo-y-publicidad/,2026-09-27T18:23:30.264384,https://cr.computrabajo.com/empleos-en-alajuela,10
fbdafb29b073f5d2,https://cr.computrabajo.com/ofertas-de-trabajo/oferta-de-trabajo-de-coordinador-de-mantenimiento-san-miguel-turrucares-en-alajuela-DE6A53A15A60E87B61373E686DCF3405,Coordinador de Mantenimiento - San Miguel Turrúcares,posted|wp_id=19103|https://costarica.mimusjobs.com/job/coordinador-de-mantenimiento-san-miguel-turrucares-6/,2026-09-27T18:23:37.146063,https://cr.computrabajo.com/empleos-en-alajuela,10
3a2c60058bcabda0,https://cr.computrabajo.com/ofertas-de-trabajo/oferta-de-trabajo-de-ejecutivo-de-ventas-autos-nuevos-naranjo-en-naranjo-78CBE3B1C7FAC55561373E686DCF3405,"Ejecutivo de Ventas, Autos Nuevos - Naranjo",posted|wp_id=13087|https://costarica.mimusjobs.com/job/ejecutivo-de-ventas-autos-nuevos-naranjo/,2026-09-27T18:23:42.578330,https://cr.computrabajo.com/empleos-en-alajuela,10
128c981ed09ea9d8,https://cr.computrabajo.com/ofertas-de-trabajo/oferta-de-trabajo-de-mercaderista-vehiculo-propio-motocicleta-en-san-ramon-C14C6BAF5399590061373E686DCF3405,Mercaderista – Vehículo propio (motocicleta),posted|wp_id=19105|https://costarica.mimusjobs.com/job/mercaderista-vehiculo-propio-motocicleta-6/,2026-09-27T18:23:47.508618,https://cr.computrabajo.com/empleos-en-alajuela,10
932ca40b1c641174,https://cr.computrabajo.com/ofertas-de-trabajo/oferta-de-trabajo-de-encargado-dealmacen-en-alajuela-4F79A27DDF20023661373E686DCF3405,Encargado de Almacén,posted|wp_id=19107|https://costarica.mimusjobs.com/job/encargado-de-almacen-6/,2026-09-27T18:23:51.933485,https://cr.computrabajo.com/empleos-en-alajuela,10
59508f05ead79eef,https://cr.computrabajo.com/ofertas-de-trabajo/oferta-de-trabajo-de-tecnico-electricista-de-infraestructura-en-alajuela-B937133E33BEF30161373E686DCF3405,Técnico Electricista de Infraestructura,posted|wp_id=19109|https://costarica.mimusjobs.com/job/tecnico-electricista-de-infraestructura-6/,2026-09-27T18:23:57.130999,https://cr.computrabajo.com/empleos-en-alajuela,10
3d1a5763e94672d6,https://cr.computrabajo.com/ofertas-de-trabajo/oferta-de-trabajo-de-jefe-de-gestion-comercial-lider-de-negocios-estrategicos-en-alajuela-3340FFDC4F13216F61373E686DCF3405,Jefe de Gestión Comercial - Líder de Negocios Estratégicos,posted|wp_id=19110|https://costarica.mimusjobs.com/job/jefe-de-gestion-comercial-lider-de-negocios-estrategicos-6/,2026-09-27T18:24:01.662739,https://cr.computrabajo.com/empleos-en-alajuela,10
a9964cff5e41d4ee,https://cr.computrabajo.com/ofertas-de-trabajo/oferta-de-trabajo-de-jefe-de-tiendas-retail-en-alajuela-0B4032808433739361373E686DCF3405,Jefe de Tiendas - Retail,posted|wp_id=13097|https://costarica.mimusjobs.com/job/jefe-de-tiendas-retail/,2026-09-27T18:24:05.387180,https://cr.computrabajo.com/empleos-en-alajuela,10
f47250e3eca1eafb,https://cr.computrabajo.com/ofertas-de-trabajo/oferta-de-trabajo-de-tecnico-eletricista-sector-energia-y-construccion-en-alajuela-7B183DE4AC89026B61373E686DCF3405,Técnico electricista - sector energía y construcción,posted|wp_id=19111|https://costarica.mimusjobs.com/job/tecnico-electricista-sector-energia-y-construccion-6/,2026-09-27T18:24:10.574654,https://cr.computrabajo.com/empleos-en-alajuela,10
037954fe527c292d,https://cr.computrabajo.com/ofertas-de-trabajo/oferta-de-trabajo-de-supervisor-jr-zona-norte-en-san-carlos-DB3C382E48E2614261373E686DCF3405,Supervisor Jr. (Zona Norte),posted|wp_id=13100|https://costarica.mimusjobs.com/job/supervisor-jr-zona-norte/,2026-09-27T18:24:13.816025,https://cr.computrabajo.com/empleos-en-alajuela,10
c81d6260db9f1b85,https://cr.computrabajo.com/ofertas-de-trabajo/oferta-de-trabajo-de-asistente-coordinador-de-area-maxi-pali-alajuela-en-alajuela-BA5BC0387D88D84B61373E686DCF3405,Asistente Coordinador de Área - Maxi Pali Alajuela,posted|wp_id=19113|https://costarica.mimusjobs.com/job/asistente-coordinador-de-area-maxi-pali-alajuela-6/,2026-09-27T18:24:22.072810,https://cr.computrabajo.com/empleos-en-alajuela,10
281e1168aabcedb1,https://cr.computrabajo.com/ofertas-de-trabajo/oferta-de-trabajo-de-auxiliar-proteccion-activos-maxi-pali-alajuela-en-alajuela-E22CF9E2EF87133461373E686DCF3405,Auxiliar Proteccion activos - Maxi Pali Alajuela,posted|wp_id=13104|https://costarica.mimusjobs.com/job/auxiliar-proteccion-activos-maxi-pali-alajuela/,2026-09-27T18:24:25.095612,https://cr.computrabajo.com/empleos-en-alajuela,10
a8cc2fa301e67c58,https://cr.computrabajo.com/ofertas-de-trabajo/oferta-de-trabajo-de-visual-merchandiser-alajuela-en-alajuela-B7CF70AF9BBAEA7F61373E686DCF3405,Visual Merchandiser - Alajuela,posted|wp_id=13106|https://costarica.mimusjobs.com/job/visual-merchandiser-alajuela/,2026-09-27T18:24:28.245039,https://cr.computrabajo.com/empleos-en-alajuela,10
36ee3e334ce70171,https://cr.computrabajo.com/ofertas-de-trabajo/oferta-de-trabajo-de-operario-despacho-dia-industria-avicola-en-atenas-CB3642948E0AA45F61373E686DCF3405,Operario Despacho Dia - Industria Avicola,posted|wp_id=13108|https://costarica.mimusjobs.com/job/operario-despacho-dia-industria-avicola/,2026-09-27T18:24:33.567615,https://cr.computrabajo.com/empleos-en-alajuela,10
98aa2c20190007e1,https://cr.computrabajo.com/ofertas-de-trabajo/oferta-de-trabajo-de-asset-manager-hoteleria-en-alajuela-258F1293CAF727B261373E686DCF3405,Asset Manager - Hotelería,posted|wp_id=19115|https://costarica.mimusjobs.com/job/asset-manager-hoteleria-6/,2026-09-27T18:24:41.979926,https://cr.computrabajo.com/empleos-en-alajuela,10
2ff34520b68ec028,https://cr.computrabajo.com/ofertas-de-trabajo/oferta-de-trabajo-de-dependiente-cajeroa-san-ramon-centro-en-san-ramon-3C238220C0E86CEE61373E686DCF3405,Dependiente / Cajero(a) - San Ramón Centro,posted|wp_id=19117|https://costarica.mimusjobs.com/job/dependiente-cajeroa-san-ramon-centro-6/,2026-09-27T18:24:47.850858,https://cr.computrabajo.com/empleos-en-alajuela,10
205fb4203211aa0f,https://cr.computrabajo.com/ofertas-de-trabajo/oferta-de-trabajo-de-cajero-dependiente-alajuela-monserrat-en-alajuela-E546D2A756A3C6F161373E686DCF3405,Cajero / Dependiente - Alajuela Monserrat,posted|wp_id=13114|https://costarica.mimusjobs.com/job/cajero-dependiente-alajuela-monserrat/,2026-09-27T18:24:51.549648,https://cr.computrabajo.com/empleos-en-alajuela,10
